#cP2021  5 16  0  0  0.00000000      96 ORBIT IGb14 HLM  IGS
## 2158      0.00000000   900.00000000 59350 0.0000000000000
+   31   G01G02G03G04G05G06G07G08G09G10G12G13G14G15G16G17G18
+        G19G20G21G22G23G24G25G26G27G28G29G30G31G32  0  0  0
+          0  0  0  0  0  0  0  0  0  0  0  0  0  0  0  0  0
+          0  0  0  0  0  0  0  0  0  0  0  0  0  0  0  0  0
+          0  0  0  0  0  0  0  0  0  0  0  0  0  0  0  0  0
++         2  2  1  2  1  2  2  1  1  2  2  2  2  1  2  2  3
++         2  2  2  1  2  2  2  2  2  2  2  2  2  2  0  0  0
++         0  0  0  0  0  0  0  0  0  0  0  0  0  0  0  0  0
++         0  0  0  0  0  0  0  0  0  0  0  0  0  0  0  0  0
++         0  0  0  0  0  0  0  0  0  0  0  0  0  0  0  0  0
%c G  cc GPS ccc cccc cccc cccc cccc ccccc ccccc ccccc ccccc
%c cc cc ccc ccc cccc cccc cccc cccc ccccc ccccc ccccc ccccc
%f  1.2500000  1.025000000  0.00000000000  0.000000000000000
%f  0.0000000  0.000000000  0.00000000000  0.000000000000000
%i    0    0    0    0      0      0      0      0         0
%i    0    0    0    0      0      0      0      0         0
/* FINAL ORBIT COMBINATION FROM WEIGHTED AVERAGE OF:        
/* cod emr esa gfz grg jpl mit ngs sio                      
/* REFERENCED TO IGS TIME (IGST) AND TO WEIGHTED MEAN POLE: 
/* PCV:IGS14_2148 OL/AL:FES2004  NONE     Y  ORB:CMB CLK:CMB
*  2021  5 16  0  0  0.00000000
PG01   5413.134207  14022.857363 -22181.447609    687.967559  6  6  5  85       
PG02  18461.594458 -14317.814612  13333.612651   -604.552683  7  6  4  78       
PG03  11178.184490  22544.219240  -8759.548355   -165.033799  6  2  6  99       
PG04   1182.489820  22758.461795  13604.145356   -196.438001  6  9  5 113       
PG05   2057.260469 -17941.619514  19262.894054    -42.070094  5  4  7  79       
PG06  25676.085353  -6403.008249   2708.002741     16.140328  9  6  7  80       
PG07  19463.566498   8612.498460  16542.169355    151.901933  6  5  8  90       
PG08  -5041.881325  25431.761773  -4964.831757    -21.377524  7  6  6  78       
PG09  10023.740735  14392.784553  19881.790298   -345.722600  5  4  5 116       
PG10 -20163.228347  -6824.148776 -15934.867566   -122.743083  4  8  3  87       
PG12  -7858.506410 -23172.621539 -10762.283067    -41.629567  7  7  9  94       
PG13  13213.582042 -22874.044162   1798.932359    132.496755  7  4  7  95       
PG14  19961.599445   7665.854457 -15785.858928     85.255598  9  8  6 100       
PG15   1768.019218 -25795.613448  -5547.683459   -149.158606  8  7  8  92       
PG16  -7454.761741  14105.401280  20900.298568   -325.813168  6  5  6 113       
PG17  15954.268861  -2106.654566 -20703.800104    442.980463  5 10  7 114       
PG18 -21850.812139  -6182.462224  13818.967830    350.262066 11  9 12 109       
PG19  17726.911031 -10472.740847 -16998.506447      0.508100  5  7  7  81       
PG20  -8511.861466 -21099.751294  13877.305019    522.130403  8  4  7  92       
PG21  -3143.900861  15656.400909 -20427.494815    118.373345  7  6  5  97       
PG22   3991.570486  20571.006456 -16235.718495   -613.359802  5  3  7  61       
PG23 -20346.371923 -15693.822329  -6840.112219    106.338340  9 10  8  67       
PG24   -257.320433 -16137.636788 -21300.662340     79.940705  9  8  6  84       
PG25 -17398.859518 -20257.773626    218.413292    137.884375  7  7  7 103       
PG26 -14681.490763   6684.966111  21073.787085     85.789336  8  5  7 106       
PG27 -12286.007038  22547.197549   5806.095314   -130.736363  5  5  4  91       
PG28  17696.514508   2760.529879 -19011.021105    570.689704  8  7  6  94       
PG29  -8111.541779 -14994.173684  20303.645443   -347.724301  8  4  4 102       
PG30  26164.966511    -75.376565   5309.784453   -426.577158  8  5  7  77       
PG31 -25093.829237   7697.541680   5368.175236   -117.526771  8  4  8  91       
PG32 -16636.004757   4910.045432 -19953.924651     21.119400  6  8  8  81       
*  2021  5 16  0 15  0.00000000
PG01   2980.799840  14512.182461 -22297.800280    687.957653  6  6  5  83       
PG02  19758.846226 -14500.532018  10949.745872   -604.555672  6  6  3  41       
PG03  10273.198259  21835.014639 -11306.718388   -165.043185  5  1  6 103       
PG04    497.302685  24024.628070  11261.657593   -196.439368  6  9  5 111       
PG05   3747.077809 -16369.990189  20383.432312    -42.071118  5  4  6  78       
PG06  25848.507613  -6251.898834   -185.006443     16.143725  9  6  7  82       
PG07  17615.633616   9129.160337  18239.664953    151.911415  6  5  8  97       
PG08  -5406.675470  25746.657435  -2116.505723    -21.378785  7  6  6  90       
PG09   9255.913118  16475.143402  18597.944891   -345.724614  5  4  5 115       
PG10 -21197.491613  -8196.631969 -13846.227194   -122.749919  4  8  4  92       
PG12  -6909.089565 -22230.177004 -13174.842014    -41.634217  7  7  8 105       
PG13  13269.117649 -22421.896278   4645.003294    132.501342  6  4  6  86       
PG14  20886.141343   9087.648145 -13698.359416     85.250864  9  7  6  89       
PG15   2212.128202 -26160.871029  -2792.005243   -149.156118  8  6  8  82       
PG16  -9001.955528  12160.894757  21536.938160   -325.818895  6  4  6 115       
PG17  15094.885112    237.061080 -21426.498641    442.985468  5 10  6  99       
PG18 -20213.292297  -6666.664759  15918.783605    350.261247 11  8 12 104       
PG19  17024.060929  -8605.300219 -18717.443520      0.512479  6  7  7  70       
PG20  -7061.638725 -20179.124450  15883.926057    522.130041  7  4  7  79       
PG21  -5519.270392  16222.539633 -19449.008280    118.375758  6  5  4 115       
PG22   2391.861854  19376.059106 -17897.347628   -613.351273  4  2  7  65       
PG23 -20604.519454 -16305.431460  -4071.765576    106.335459  8  9  8  60       
PG24   2040.175251 -16715.371427 -20709.190878     79.961400  8  7  6  92       
PG25 -17154.237574 -20334.342734  -2618.179935    137.890728  7  7  7 102       
PG26 -16308.874901   4939.628008  20372.687219     85.793906  7  5  7 105       
PG27 -12244.169867  21667.652794   8551.962832   -130.742222  4  5  4 106       
PG28  18894.483703   4600.992742 -17466.004716    570.684200  8  6  6  95       
PG29  -7181.514970 -17049.128357  18989.062887   -347.729921  8  4  3  85       
PG30  25480.512287    345.703456   7966.641809   -426.581643  7  5  7  73       
PG31 -25587.506637   7557.111605   2596.045111   -117.528616  8  4  8  88       
PG32 -16015.747369   2626.478919 -20881.388144     21.118772  5  8  8  93       
*  2021  5 16  0 30  0.00000000
PG01    584.402401  15137.132787 -22039.452689    687.947747  5  6  5  83       
PG02  20788.966503 -14656.558597   8383.359972   -604.558351  6  6  3  66       
PG03   9134.433614  20981.544516 -13661.224681   -165.052561  5  2  6  98       
PG04    -43.090258  25059.672104   8724.864233   -196.440750  6  8  4 107       
PG05   5592.899264 -14814.312136  21147.242739    -42.071983  5  4  6  77       
PG06  25713.391137  -6022.816517  -3074.839439     16.147094  8  6  7  84       
PG07  15630.120701   9786.474889  19636.692402    151.921121  6  5  8  85       
PG08  -5678.073751  25761.985677    768.939439    -21.379644  7  6  6 101       
PG09   8633.230548  18434.433461  16992.390462   -345.726666  5  3  5 112       
PG10 -22124.882692  -9335.068588 -11520.683285   -122.756809  5  8  5  90       
PG12  -5739.736855 -21147.595534 -15365.420802    -41.638953  7  6  7 103       
PG13  13229.289965 -21676.673562   7410.249951    132.505413  5  3  6  83       
PG14  21713.057227  10277.177810 -11375.624530     85.246145  9  7  7  93       
PG15   2598.085737 -26234.280211     12.556202   -149.154052  7  4  8  80       
PG16 -10680.927035  10265.446108  21792.815242   -325.824167  6  4  5 112       
PG17  14344.699060   2683.325644 -21765.625919    442.990844  4 10  5 105       
PG18 -18388.143915  -7292.498697  17745.223429    350.260472 11  7 12 105       
PG19  16365.002935  -6539.801086 -20120.201363      0.517074  6  7  6  59       
PG20  -5396.632309 -19205.239606  17619.446166    522.129999  7  4  7  83       
PG21  -7737.013465  16859.718254 -18110.560818    118.378262  6  5  4 105       
PG22    601.829274  18150.591557 -19248.369800   -613.342895  4  2  6  85       
PG23 -20662.634627 -16686.335875  -1233.565431    106.332577  7  8  8  77       
PG24   4230.376317 -17376.202887 -19766.602046     79.982049  8  7  6  95       
PG25 -16689.732817 -20201.295279  -5410.592299    137.897096  7  6  7  90       
PG26 -17944.973690   3344.903495  19321.013095     85.798442  7  4  7 101       
PG27 -12173.302736  20490.082842  11146.515854   -130.748114  4  5  3 104       
PG28  20059.796385   6222.792233 -15605.685405    570.678557  8  6  6  88       
PG29  -6420.798523 -18993.180832  17345.904372   -347.735903  8  4  3  90       
PG30  24535.499838    869.501283  10488.505617   -426.586183  7  4  7  71       
PG31 -25783.994233   7367.857735   -219.561497   -117.530733  7  4  8  99       
PG32 -15492.294583    233.201215 -21444.922405     21.118124  5  8  7  88       
*  2021  5 16  0 45  0.00000000
PG01  -1729.326573  15881.301303 -21409.608734    687.937877  5  6  5  48       
PG02  21542.884742 -14746.561328   5676.283800   -604.561558  7  6  3  45       
PG03   7760.261236  20025.656429 -15783.023871   -165.061915  5  3  6  95       
PG04   -464.092216  25832.657664   6037.483993   -196.442112  6  8  4 104       
PG05   7565.733651 -13314.006069  21541.320695    -42.072981  4  4  6  66       
PG06  25284.799734  -5679.130332  -5911.908321     16.150486  8  6  7 115       
PG07  13549.845195  10591.480430  20709.806049    151.930662  7  5  7  83       
PG08  -5892.506367  25467.571445   3640.894435    -21.381106  6  6  6  95       
PG09   8144.773999  20226.856742  15092.961072   -345.728754  5  2  5 107       
PG10 -22903.807646 -10242.014967  -8998.488791   -122.763703  4  8  6  76       
PG12  -4349.720860 -19968.027389 -17297.531898    -41.643408  7  6  7 106       
PG13  13132.908445 -20637.704403  10046.407031    132.509707  5  3  5  67       
PG14  22401.172182  11234.647803  -8857.543247     85.241452  8  7  7  94       
PG15   2959.497949 -26007.360281   2816.861440   -149.151632  6  3  8  81       
PG16 -12460.681657   8460.372148  21664.753610   -325.829399  7  4  5 116       
PG17  13724.023596   5183.104097 -21714.867542    442.996719  4  9  4 112       
PG18 -16418.273629  -8073.681942  19266.784379    350.259624 10  7 11 106       
PG19  15782.532185  -4310.485763 -21183.938502      0.521276  6  8  5  59       
PG20  -3533.509281 -18217.037930  19053.651588    522.130013  6  4  7  85       
PG21  -9758.425627  17535.739568 -16437.060097    118.381084  6  4  4 106       
PG22  -1356.611476  16933.429661 -20264.523632   -613.334204  4  2  6  76       
PG23 -20491.101243 -16859.812587   1625.801895    106.329680  6  7  8  66       
PG24   6276.029432 -18094.022476 -18487.540179     80.002755  8  6  6  96       
PG25 -15986.571098 -19891.378366  -8111.927853    137.903446  6  6  6  89       
PG26 -19548.282541   1919.956595  17937.614965     85.802942  7  5  7  99       
PG27 -12112.474120  19028.835759  13543.747530   -130.753981  4  5  3  91       
PG28  21147.803675   7611.170104 -13464.501294    570.673080  7  6  6  91       
PG29  -5821.627103 -20779.268234  15402.600522   -347.741681  8  4  3  99       
PG30  23357.031993   1521.848136  12832.614772   -426.590697  6  5  7  80       
PG31 -25690.150482   7093.675034  -3031.501912   -117.532880  7  4  7  76       
PG32 -15084.266544  -2224.370462 -21635.122292     21.117523  5  8  7  80       
*  2021  5 16  1  0  0.00000000
PG01  -3917.096136  16720.694334 -20417.646012    687.927945  5  6  5  54       
PG02  22019.768359 -14731.230688   2873.267808   -604.564251  7  7  4  56       
PG03   6157.575752  19010.088354 -17636.016069   -165.071288  5  4  6  95       
PG04   -796.251095  26319.741646   3245.870783   -196.443558  6  8  4 106       
PG05   9630.158271 -11903.539034  21559.247514    -42.074057  4  5  5  85       
PG06  24585.125425  -5188.084380  -8647.452515     16.153945  7  6  7  84       
PG07  11419.132155  11543.527783  21440.607591    151.940228  6  6  7  78       
PG08  -6087.928717  24862.389610   6448.988545    -21.383048  6  6  6  96       
PG09   7772.399828  21812.740546  12932.582797   -345.730793  5  2  5 109       
PG10 -23495.464430 -10928.328560  -6323.034519   -122.770590  4  8  6  80       
PG12  -2746.691738 -18735.191803 -18939.037796    -41.648291  7  6  6 119       
PG13  13019.068008 -19313.411455  12507.380489    132.514051  5  2  5  82       
PG14  22911.657446  11968.506414  -6187.353915     85.236706  8  8  7  74       
PG15   3330.804311 -25480.283808   5571.351753   -149.149281  6  2  7  74       
PG16 -14304.132269   6781.137971  21156.494226   -325.834930  7  4  5 112       
PG17  13244.961903   7684.511218 -21275.162334    443.002232  4  9  4 104       
PG18 -14349.761865  -9016.064808  20457.165903    350.258831  9  7 11 109       
PG19  15303.449786  -1957.362652 -21891.499708      0.525959  6  8  5  74       
PG20  -1496.540886 -17250.971094  20161.324229    522.129250  6  4  6  87       
PG21 -11552.405553  18213.703093 -14459.986258    118.383180  6  4  4  92       
PG22  -3454.295087  15760.087610 -20927.333608   -613.325599  4  2  5  53       
PG23 -20066.708002 -16855.267217   4457.265551    106.326830  6  7  8  56       
PG24   8145.201807 -18837.288083 -16892.460064     80.023430  7  6  6  79       
PG25 -15033.390486 -19441.394056 -10677.026609    137.909803  6  5  6 101       
PG26 -21075.825139    676.091358  16246.926824     85.807300  6  4  6 104       
PG27 -12098.250736  17307.231617  15701.216126   -130.759815  5  5  2  92       
PG28  22114.016262   8760.702376 -11081.915136    570.667618  7  6  6  95       
PG29  -5368.193935 -22363.967165  13192.800404   -347.747374  8  3  4  83       
PG30  21978.100748   2322.987643  14959.152412   -426.595185  5  4  7  82       
PG31 -25320.831789   6700.876945  -5792.783437   -117.534671  7  4  7  92       
PG32 -14802.653713  -4698.130392 -21449.168463     21.116846  5  8  6  82       
*  2021  5 16  1 15  0.00000000
PG01  -5940.522276  17624.564983 -19079.051165    687.918025  4  6  5  84       
PG02  22227.047310 -14572.916486     21.346319   -604.567156  8  7  4  63       
PG03   4341.725828  17976.814064 -19188.637627   -165.080660  5  4  6 100       
PG04  -1073.874037  26505.077717    398.207952   -196.444959  5  8  3 104       
PG05  11745.549914 -10611.183803  21201.274700    -42.075169  3  5  4  62       
PG06  23644.212118  -4522.264275 -11234.374644     16.157436  7  6  7  74       
PG07   9282.337712  12634.148806  21816.055042    151.950071  7  6  6  80       
PG08  -6302.112694  23954.657729   9144.023600    -21.384197  6  6  6  95       
PG09   7491.610160  23157.949815  10548.690931   -345.732878  5  2  5 110       
PG10 -23865.348301 -11412.524282  -3540.104466   -122.777515  4  7  7  86       
PG12   -946.561364 -17491.747081 -20262.630032    -41.653003  7  6  5  94       
PG13  12925.456108 -17721.136662  14750.091847    132.518311  4  1  4  89       
PG14  23209.580257  12494.925842  -3410.906137     85.231916  7  8  7  90       
PG15   3745.687265 -24661.976575   8226.990663   -149.147130  5  1  7  86       
PG16 -16169.474664   5256.151820  20278.520443   -325.840311  7  3  5 114       
PG17  12910.970172  10134.720477 -20454.681445    443.007445  5  9  4 112       
PG18 -12230.216138 -10117.241480  21295.729629    350.257977  8  7 10 101       
PG19  14947.567918    475.124634 -22231.634886      0.530423  5  8  4   5       
PG20    683.092657 -16339.596668  20922.707664    522.128948  6  5  6  94       
PG21 -13096.525096  18853.635285 -12216.647415    118.385935  5  4  4 108       
PG22  -5655.716430  14661.405452 -21224.496228   -613.317092  4  2  4  90       
PG23 -19373.673562 -16706.949282   7212.206263    106.323955  5  6  8  87       
PG24   9812.347616 -19570.202315 -15007.381839     80.044075  7  6  6  93       
PG25 -13826.793262 -18890.702193 -13063.152975    137.916167  6  4  6 110       
PG26 -22484.729972   -383.459853  14278.504794     85.811804  6  4  6 102       
PG27 -12163.077561  15356.775850  17580.859648   -130.765681  5  5  2  95       
PG28  22915.927861   9675.229815  -8501.544175    570.662152  6  6  6  91       
PG29  -5037.436583 -23709.072289  10754.778738   -347.753200  8  3  4  94       
PG30  20436.393076   3286.612455  16831.895911   -426.599654  5  5  7  75       
PG31 -24698.283008   6159.627469  -8457.280692   -117.536686  7  4  8 103       
PG32 -14650.428030  -7138.968970 -20890.843776     21.116229  5  8  6 104       
*  2021  5 16  1 30  0.00000000
PG01  -7767.427179  18556.521991 -17415.259791    687.908044  4  7  5  63       
PG02  22180.137757 -14237.252646  -2830.878685   -604.570205  8  7  5  79       
PG03   2336.126566  16965.430806 -20414.381663   -165.090037  5  5  6  88       
PG04  -1333.492956  26381.422323  -2456.331682   -196.446333  6  8  3 101       
PG05  13867.524622  -9458.042440  20474.279863    -42.076310  4  5  4  80       
PG06  22498.202571  -3660.863086 -13628.053259     16.161000  6  6  8  98       
PG07   7182.368018  13847.209520  21828.713709    151.959836  7  7  6  85       
PG08  -6570.951213  22761.568868  11678.882335    -21.385041  6  6  5  94       
PG09   7272.678380  24235.092663   7982.568063   -345.734992  5  2  5 107       
PG10 -23984.597196 -11719.850746   -697.105991   -122.784429  4  7  7  80       
PG12   1026.914864 -16277.717810 -21246.236506    -41.657454  6  6  4 109       
PG13  12886.720140 -15886.619951  16735.270375    132.522533  4  1  4  79       
PG14  23265.316604  12836.988638   -575.877850     85.227170  7  8  7  86       
PG15   4235.494398 -23569.871179  10736.221913   -149.144807  5  1  6  88       
PG16 -18011.743975   3905.868183  19047.755052   -325.845700  8  4  5 113       
PG17  12716.799197  12481.913927 -19268.643679    443.013275  6  8  5 104       
PG18 -10107.072928 -11366.487953  21767.864280    350.257172  7  7  9 106       
PG19  14726.989319   2939.580880 -22199.131729      0.534700  5  8  4  68       
PG20   2968.267252 -15510.325865  21323.890808    522.128452  6  5  5  91       
PG21 -14377.703287  19414.258656  -9749.289664    118.388133  5  4  5 101       
PG22  -7920.203521  13662.376829 -21150.154272   -613.308466  4  2  4  79       
PG23 -18404.396624 -16452.488638   9843.286577    106.321113  5  6  7  91       
PG24  11259.145882 -20254.084657 -12863.543117     80.064723  7  5  6  82       
PG25 -12371.609460 -18279.651863 -15230.637708    137.922511  6  3  5 102       
PG26 -23733.804056  -1263.434618  12066.488835     85.816293  5  3  6  92       
PG27 -12333.838784  13216.045773  19149.716436   -130.771490  6  5  1  96       
PG28  23514.743016  10367.400463  -5770.220907    570.657153  6  6  6  92       
PG29  -4800.113063 -24782.981617   8130.760521   -347.758863  8  3  5 100       
PG30  18772.931532   4419.147802  18418.814674   -426.604133  5  5  7  74       
PG31 -23851.273756   5445.234151 -10980.438353   -117.538747  7  4  8  99       
PG32 -14622.485613  -9498.490979 -19970.427544     21.115614  5  8  6  94       
*  2021  5 16  1 45  0.00000000
PG01  -9372.920828  19475.879197 -15453.396715    687.898112  4  7  5  57       
PG02  21901.862681 -13694.708169  -5634.027883   -604.573081  8  7  6  79       
PG03    171.567866  16011.649247 -21292.238990   -165.099412  5  5  6  87       
PG04  -1612.241899  25950.418920  -5268.444691   -196.447729  6  8  3  97       
PG05  15949.527004  -8457.370788  19391.598102    -42.077223  4  5  3  65       
PG06  21188.152000  -2590.696280 -15787.118275     16.164558  6  6  8  92       
PG07   5159.242704  15159.347602  21476.943779    151.969516  7  7  5  73       
PG08  -6926.847007  21308.676317  14009.390935    -21.386270  5  6  5  90       
PG09   7081.984293  25024.472587   5278.615586   -345.737130  5  2  5 107       
PG10 -23831.129005 -11881.124367   2157.713235   -122.791321  4  7  7  85       
PG12   3142.843067 -15129.034038 -21873.354153    -41.662415  6  6  4 103       
PG13  12932.962627 -13843.150789  18428.175909    132.526865  4     4  82       
PG14  23055.772225  13023.612549   2269.039282     85.222416  6  8  7  84       
PG15   4827.742915 -22229.317592  13053.919290   -149.142411  5  2  5  86       
PG16 -19784.485108   2742.227680  17487.143256   -325.851101  8  4  5 106       
PG17  12648.815553  14677.187208 -17738.973672    443.018304  6  8  5 104       
PG18  -8025.912797 -12745.030359  21865.248848    350.256351  5  7  8 101       
PG19  14645.683623   5387.242893 -21794.863651      0.539333  5  8  4  46       
PG20   5317.117377 -14784.373241  21357.099973    522.128400  6  5  4  79       
PG21 -15392.458601  19854.810844  -7104.097710    118.390384  5  4  5 104       
PG22 -10203.309718  12781.216743 -20705.049993   -613.299873  4  2  4  26       
PG23 -17159.901249 -16131.309577  12305.261240    106.318202  5  6  7  69       
PG24  12475.072834 -20848.889446 -10496.947170     80.085376  7  5  6  93       
PG25 -10680.865374 -17647.997384 -17143.468276    137.928879  5  4  5  73       
PG26 -24785.044918  -1976.133620   9648.998827     85.820751  5  3  5  99       
PG27 -12630.661380  10929.298207  20380.534585   -130.777355  6  5  2  97       
PG28  23876.935479  10857.855157  -2937.015074    570.651359  6  7  6  81       
PG29  -4622.124870 -25561.834435   5366.175833   -347.764503  8  4  5  83       
PG30  17030.598710   5719.309894  19692.607230   -426.608587  5  5  6  93       
PG31 -22814.010855   4539.256829 -13319.952862   -117.540611  7  5  7 100       
PG32 -14705.920387 -11730.699769 -18704.472371     21.114968  5  8  5  75       
*  2021  5 16  2  0  0.00000000
PG01 -10740.220348  20339.200595 -13225.913716    687.888264  5  8  4  39       
PG02  21421.579033 -12921.999531  -8338.800613   -604.575884  8  7  6  87       
PG03  -2114.756625  15145.941923 -21807.053002   -165.108768  4  5  5  84       
PG04  -1946.210730  25222.548985  -7989.559018   -196.449094  5  8  4  98       
PG05  17944.504520  -7614.227563  17972.735299    -42.078046  3  5  2  81       
PG06  19758.460801  -1306.924352 -17674.175178     16.168017  6  6  8 105       
PG07   3248.751980  16540.685316  20765.018261    151.979007  6  8  5  74       
PG08  -7397.252647  19628.956949  16095.117231    -21.388489  6  6  5  92       
PG09   6883.505313  25514.750999   2483.572423   -345.739202  4  3  5 107       
PG10 -23390.530900 -11931.367223   4976.050212   -122.798246  4  6  7  59       
PG12   5364.158081 -14076.233167 -22133.304310    -41.667084  6  6  4 109       
PG13  13088.426546 -11630.425671  19799.236546    132.531375  4     3  83       
PG14  22565.364473  13088.255705   5074.972414     85.217670  4  8  7  91       
PG15   5544.774347 -20672.670191  15138.302240   -149.140196  4  2  4  86       
PG16 -21441.467962   1768.447054  15625.137552   -325.856648  8  5  5 104       
PG17  12685.684773  16676.326708 -15893.815004    443.024003  6  7  5  91       
PG18  -6028.853200 -14226.634852  21586.008804    350.255492  4  6  7 104       
PG19  14699.373009   7769.607974 -21025.754708      0.543762  5  8  4           
PG20   7684.433649 -14175.951326  21020.890906    522.127943  6  5  4  88       
PG21 -16146.737986  20136.824651  -4330.125735    118.392796  4  5  6 106       
PG22 -12458.371015  12028.709753 -19896.550783   -613.291251  4  2  3  20       
PG23 -15649.959204 -15782.983892  14555.753990    106.315320  5  5  6  84       
PG24  13457.680574 -21314.813620  -7947.808579     80.106030  6  5  5  75       
PG25  -8775.460053 -17033.354284 -18769.823366    137.935260  6  4  5  96       
PG26 -25605.035210  -2540.728079   7067.476284     85.825205  4  3  6 107       
PG27 -13066.011524   8544.858342  21252.256872   -130.783175  6  6  2  99       
PG28  23975.574532  11174.102611    -52.246099    570.645723  6  7  6  87       
PG29  -4466.033694 -26030.357717   2508.858887   -347.770311  8  3  5  78       
PG30  15252.598980   7177.957502  20631.169431   -426.613069  5  5  6  85       
PG31 -21624.864388   3430.392907 -15436.426677   -117.542570  7  5  7 100       
PG32 -14880.614596 -13793.581929 -17115.470596     21.114306  5  8  5  73       
*  2021  5 16  2 15  0.00000000
PG01 -11861.170538  21101.986772 -10770.123600    687.878411  7  9  3  42       
PG02  20774.033787 -11903.300454 -10896.883615   -604.579028  8  7  7  82       
PG03  -4480.465216  14392.400741 -21949.782977   -165.118200  5  5  6  84       
PG04  -2368.840579  24216.751522 -10572.683172   -196.450495  6  7  4  94       
PG05  19806.599698  -6925.457993  16242.972296    -42.079656  4  4  2  69       
PG06  18255.186539    186.546928 -19256.464808     16.171450  6  6  8 105       
PG07   1481.255226  17955.799991  19703.164221    151.988553  6  8  4  79       
PG08  -8003.421587  17761.593417  17900.088168    -21.389399  6  6  4  87       
PG09   6640.404053  25703.295294   -354.304370   -345.741302  4  3  5 103       
PG10 -22656.670230 -11908.300683   7710.323018   -122.805127  4  6  7  60       
PG12   7648.819601 -13143.369867 -22021.408289    -41.672012  6  6  4 103       
PG13  13370.425279  -9293.157085  20824.587480    132.535586  3     3  93       
PG14  21786.726739  13067.452566   7793.703942     85.212963  3  8  7  94       
PG15   6402.621973 -18938.086712  16951.791075   -149.137838  4  2  3  78       
PG16 -22938.379137    979.157742  13495.101448   -325.862093  7  5  5  99       
PG17  12799.381950  18441.383334 -13766.915064    443.029357  6  6  5  91       
PG18  -4153.080626 -15778.497770  20934.761835    350.254680  4  6  7 103       
PG19  14875.729496  10040.051188 -19904.663280      0.548208  5  7  4  51       
PG20  10023.204794 -13691.744485  20320.233650    522.128067  7  5  3  73       
PG21 -16655.344186  20225.785762  -1478.198767    118.395482  4  5  6 103       
PG22 -14638.166338  11407.867508 -18738.544017   -613.282762  4  2  3  42       
PG23 -13892.883428 -15445.586710  16555.987453    106.312512  5  5  6  79       
PG24  14212.564541 -21613.932104  -5259.900704     80.126653  6  5  5  85       
PG25  -6683.562117 -16469.748615 -20082.547719    137.941663  6  5  5  85       
PG26 -26166.169528  -2982.310899   4365.982999     85.829791  4  3  5  91       
PG27 -13644.120291   6113.359099  21750.371993   -130.788974  6  6  2  88       
PG28  23791.370204  11349.142725   2833.487326    570.640400  5  7  6  76       
PG29  -4292.710999 -26182.388562   -391.793496   -347.776457  8  3  5  85       
PG30  13480.913599   8778.244793  21217.986007   -426.617508  5  5  5  87       
PG31 -20324.950937   2115.106870 -17293.988511   -117.544301  7  5  7 104       
PG32 -15120.119657 -15650.531967 -15231.419396     21.113650  5  8  5  96       
*  2021  5 16  2 30  0.00000000
PG01 -12736.439047  21720.440760  -8127.631871    687.868515  7 10  4  67       
PG02  19997.984244 -10631.188675 -13261.894707   -604.581614  7  6  7  90       
PG03  -6879.404791  13767.846640 -21717.671255   -165.127642  4  5  5  81       
PG04  -2909.424937  22959.725927 -12973.227009   -196.451855  6  7  5 104       
PG05  21492.793657  -6380.008111  14232.870833    -42.080885  4  4  2  74       
PG06  16724.300089   1877.006547 -20506.446264     16.174894  5  6  8 104       
PG07   -119.333731  19364.925000  18307.519851    151.998522  5  8  3  71       
PG08  -8759.420378  15750.526841  19393.412825    -21.390040  6  6  4  90       
PG09   6316.649152  25596.200168  -3186.081905   -345.743355  4  4  5  93       
PG10 -21632.006577 -11850.751130  10314.428779   -122.812013  4  6  7  78       
PG12   9951.196577 -12347.172539 -21539.080786    -41.676671  5  6  4  79       
PG13  13788.561353  -6879.489964  21486.499711    132.539706  4     3  88       
PG14  20721.107748  12999.237581  10378.497594     85.208257  2  7  7  98       
PG15   7410.144324 -17068.089065  18461.776696   -149.135440  4  2  3  77       
PG16 -24234.425549    360.877658  11134.649113   -325.867573  7  6  4 100       
PG17  12956.480492  19941.978441 -11396.902188    443.035019  6  5  6 106       
PG18  -2429.578588 -17362.403002  19922.551425    350.253812  4  6  6  99       
PG19  15154.876179  12155.376103 -18450.186222      0.552780  5  7  4  64       
PG20  12286.246510 -13330.686123  19266.484645    522.127673  7  5  2  84       
PG21 -16941.003085  20092.595330   1400.177292    118.397679  5  6  6 113       
PG22 -16696.613481  10913.911409 -17251.201118   -613.274130  4  3  3  44       
PG23 -11914.999281 -15154.118921  18271.453554    106.309677  6  5  6  80       
PG24  14753.014411 -21711.794874  -2479.812781     80.147290  6  5  5  76       
PG25  -4439.748008 -15986.309530 -21059.563773    137.948001  6  5  5  90       
PG26 -26447.669768  -3330.729693   1590.467783     85.834200  4  4  5  77       
PG27 -14360.759860   3685.905771  21867.127273   -130.794805  6  6  2  79       
PG28  23313.403418  11419.904950   5670.237433    570.634843  5  7  5  83       
PG29  -4063.054514 -26021.053117  -3285.688189   -347.782049  8  4  6  81       
PG30  11754.806086  10496.072722  21442.438197   -426.621936  5  5  5  72       
PG31 -18956.622521    597.979689 -18860.872676   -117.546221  7  5  7  95       
PG32 -15392.789659 -17271.563776 -13085.295187     21.113078  5  8  5  91       
*  2021  5 16  2 45  0.00000000
PG01 -13375.371352  22153.245490  -5343.670122    687.858609  8 10  4  69       
PG02  19134.631499  -9107.276939 -15390.339030   -604.584187  7  6  7  85       
PG03  -9263.217007  13281.225516 -21114.310720   -165.136951  4  5  5  78       
PG04  -3591.775947  21484.945584 -15149.779031   -196.453171  5  7  5  94       
PG05  22964.437459  -5959.552655  11977.693748    -42.082056  4  4  2  61       
PG06  15209.953558   3743.223223 -21402.291703     16.178276  4  6  7  85       
PG07  -1536.333712  20725.345091  16599.999858    152.007775  5  8  3  58       
PG08  -9671.440376  13642.840432  20549.800248    -21.390429  6  6  3  74       
PG09   5878.605206  25207.982761  -5963.001255   -345.745411  4  4  4  98       
PG10 -20327.595104 -11797.026435  12744.474050   -122.818899  5  6  7  66       
PG12  12223.592701 -11696.476985 -20693.838791    -41.681342  6  6  4  85       
PG13  14344.265818  -4439.289622  21773.690089    132.544150  3  1  3  74       
PG14  19378.449641  12921.517864  12784.900106     85.203505  3  7  7 101       
PG15   8568.466015 -15107.948181  19641.282205   -149.133127  4  2  2  65       
PG16 -25293.791438   -107.211351   8584.937537   -325.873160  7  7  5 103       
PG17  13119.658151  21156.291554  -8826.478087    443.040447  6  4  5  91       
PG18   -882.100625 -18936.102911  18566.668491    350.252943  4  7  6  76       
PG19  15510.174944  14077.245817 -16686.385191      0.557368  5  6  5  45       
PG20  14427.854948 -13084.051660  17877.242432    522.127102  6  5  2  76       
PG21 -17033.128827  19714.778749   4253.863106    118.400137  6  6  6 108       
PG22 -18590.431042  10534.582231 -15460.614532   -613.265821  4  3  3  66       
PG23  -9749.812635 -14939.057627  19672.512724    106.306819  5  5  5  62       
PG24  15099.356257 -21578.918712    343.871961     80.167819  6  5  5  77       
PG25  -2083.910859 -15606.150305 -21684.216635    137.954447  6  6  5  88       
PG26 -26436.353496  -3619.247060  -1211.987774     85.838673  5  5  5  88       
PG27 -15203.375521   1312.242528  21601.602296   -130.800627  6  6  3  89       
PG28  22539.522538  11425.572795   8409.578541    570.629591  5  7  5  68       
PG29  -3739.703340 -25558.596152  -6122.910688   -347.787622  8  4  5  89       
PG30  10109.433631  12300.825437  21300.020787   -426.626368  5  5  5  84       
PG31 -17561.913458  -1108.237430 -20109.950221   -117.548024  7  5  6  90       
PG32 -15663.120494 -18634.264857 -10714.449242     21.112424  5  8  5  95       
*  2021  5 16  3  0  0.00000000
PG01 -13795.503938  22363.281680  -2466.338491    687.848698  8 10  4  80       
PG02  18225.927587  -7342.486270 -17242.551299   -604.587241  6  6  7  59       
PG03 -11582.996948  12933.314232 -20149.610172   -165.146354  5  6  4  85       
PG04  -4433.108895  19831.420939 -17064.826132   -196.454536  6  7  5  89       
PG05  24188.613477  -5639.407374   9516.752924    -42.082775  4  4  2  49       
PG06  13752.827511   5756.066460 -21928.283185     16.181594  4  7  7  87       
PG07  -2760.820705  21992.941219  14608.062232    152.017314  4  8  3  83       
PG08 -10737.434194  11487.040456  21349.964435    -21.392399  5  6  3  66       
PG09   5296.529227  24560.965001  -8637.319489   -345.747447  5  4  4 105       
PG10 -18762.782022 -11783.322347  14959.469075   -122.825763  5  6  6  33       
PG12  14417.860717 -11191.959025 -19499.223839    -41.686303  5  7  5  98       
PG13  15030.676529  -2022.370254  21681.507172    132.548634  4  1  3  84       
PG14  17777.141132  12870.458221  14971.504801     85.198797  2  6  7  84       
PG15   9870.752480 -13103.963962  20469.497424   -149.130444  4  1  2  65       
PG16 -26086.898166   -452.218281   5889.926727   -325.878678  6  7  5  97       
PG17  13249.351381  22071.695528  -6101.549873    443.045722  6  3  6  93       
PG18    473.571874 -20454.870187  16890.363287    350.252088  4  8  6  73       
PG19  15909.273933  15773.444827 -14642.436869      0.562020  5  6  5  45       
PG20  16405.420164 -12935.867243  16176.085699    522.126759  6  5  3  51       
PG21 -16966.355650  19077.398151   7033.062885    118.402370  6  7  6 108       
PG22 -20280.697705  10250.764138 -13398.314810   -613.257246  4  4  4  78       
PG23  -7436.905524 -14825.091255  20734.911335    106.304009  6  5  4  60       
PG24  15278.007489 -21192.108617   3161.462124     80.188414  5  5  4  86       
PG25    340.023535 -15345.476983 -21945.548795    137.960924  6  6  5  69       
PG26 -26127.128898  -3883.079005  -3993.933936     85.843088  5  5  5  82       
PG27 -16151.563251   -961.004487  20959.646833   -130.806485  6  6  4  73       
PG28  21476.402674  11405.866003  11005.404994    570.624016  4  7  5  75       
PG29  -3288.683706 -24815.869269  -8854.592619   -347.793668  7  5  5  87       
PG30   8574.617205  14156.367480  20792.462690   -426.630813  5  5  6  86       
PG31 -16180.999619  -2982.871063 -21019.204077   -117.549994  7  6  6  86       
PG32 -15893.240368 -19724.459932  -8159.937260     21.111812  5  7  5  78       
*  2021  5 16  3 15  0.00000000
PG01 -14021.748223  22319.214533    454.231884    687.838850  7 11  4  79       
PG02  17312.827085  -5356.934396 -18783.594389   -604.589865  5  5  7  84       
PG03 -13790.983156  12716.749249 -18839.656347   -165.155689  5  6  4  79       
PG04  -5443.189116  18042.260564 -18685.402908   -196.455841  6  7  6  96       
PG05  25139.276729  -5389.686030   6892.699124    -42.083727  4  4  2  46       
PG06  12388.622277   7879.441549 -22075.103405     16.184971  4  7  6  91       
PG07  -3791.862608  23123.832066  12364.370604    152.027016  3  7  3  93       
PG08 -11947.088247   9331.303824  21780.911970    -21.393122  5  6  2  81       
PG09   4545.915144  23684.368538 -11163.129124   -345.749510  5  4  3  98       
PG10 -16964.603443 -11842.216528  16921.977873   -122.832653  5  6  6  62       
PG12  16487.049522 -10826.178104 -17974.635704    -41.690984  5  7  5  90       
PG13  15832.859211    323.264874  21211.990409    132.552869  4  2  3  86       
PG14  15943.454413  12878.941414  16900.664003     85.194079  3  6  7  98       
PG15  11302.329066 -11101.716518  20932.171953   -149.128075  3  1  2  74       
PG16 -26591.425447   -706.276023   3095.622029   -325.883932  5  7  5 102       
PG17  13305.484892  22685.021674  -3270.325973    443.051347  6  2  6  78       
PG18   1630.058133 -21873.161001  14922.451748    350.251226  5  9  6  37       
PG19  16315.379332  17218.927275 -12352.209014      0.566416  5  6  5  39       
PG20  18180.935109 -12863.621126  14192.194986    522.126363  6  5  3  33       
PG21 -16778.911472  18173.643108   9690.209791    118.404807  7  7  6 125       
PG22 -21734.244375  10037.396765 -11100.678417   -613.248669  4  4  4  83       
PG23  -5020.600662 -14830.088983  21440.208067    106.301217  6  5  4  50       
PG24  15320.279498 -20535.549180   5923.089492     80.209034  5  4  4  75       
PG25   2785.530853 -15212.956835 -21838.500839    137.967335  6  7  5  91       
PG26 -25523.199758  -4157.866152  -6708.317633     85.847467  5  5  5  71       
PG27 -17177.868012  -3091.937950  19953.689999   -130.812401  6  6  5  84       
PG28  20139.277753  11399.349237  13414.646161    570.618621  4  6  5  82       
PG29  -2680.920585 -23821.499062 -11433.756225   -347.799614  7  5  6 103       
PG30   7173.817932  16022.267474  19927.746214   -426.635206  4  4  6  80       
PG31 -14850.725277  -4997.871488 -21572.139919   -117.551875  7  6  6  78       
PG32 -16044.492530 -20536.562258  -5465.796168     21.111171  5  7  5  71       
*  2021  5 16  3 30  0.00000000
PG01 -14085.272275  21996.880397   3366.781909    687.828937  7 10  5  89       
PG02  16433.560722  -3179.429731 -19984.082893   -604.592965  4  5  6  90       
PG03 -15842.216146  12616.378569 -17206.472764   -165.165029  5  5  3  85       
PG04  -6623.775021  16163.086530 -19983.659170   -196.457143  6  6  6  98       
PG05  25798.135577  -5176.653763   4150.768051    -42.084561  3  4  2  49       
PG06  11146.752722  10071.503781 -21840.014002     16.188323  4  7  6  84       
PG07  -4636.446541  24076.052676   9906.348389    152.036874  3  7  3  76       
PG08 -13282.128879   7221.761465  21836.110677    -21.394685  5  6  2  88       
PG09   3608.634144  22613.158687 -13497.141001   -345.751600  5  4  3 100       
PG10 -14966.908992 -12001.304785  18598.716576   -122.839529  5  5  6  44       
PG12  18387.025881 -10583.933492 -16145.076129    -41.695655  5  7  5  74       
PG13  16728.360879   2553.101468  20373.803212    132.557059  3  3  3  81       
PG14  13910.686674  12975.163702  18539.138045     85.189340  4  6  7  98       
PG15  12841.138287  -9144.365856  21021.857628   -149.125958  3     3  69       
PG16 -26793.062701   -905.104734    249.311013   -325.889498  5  7  5  88       
PG17  13249.202785  23002.454118   -382.399220    443.056623  6  2  5  83       
PG18   2588.476061 -23146.325109  12696.822508    350.250397  5 10  7  62       
PG19  16688.708312  18396.613631  -9853.764627      0.571031  5  5  5  33       
PG20  19722.338731 -12839.251828  11959.862305    522.126028  6  5  4  34       
PG21 -16510.909610  17005.090462  12180.745699    118.407405  7  7  6 118       
PG22 -22924.821904   9864.636363  -8608.239961   -613.239970  4  4  4  58       
PG23  -2548.445159 -14964.345180  21776.101383    106.298398  5  5  4  64       
PG24  15260.975347 -19601.614703   8579.664552     80.229604  4  4  4  68       
PG25   5205.024398 -15209.370759 -21364.034148    137.973791  6  7  6  81       
PG26 -24635.974074  -4478.134263  -9309.237568     85.851681  5  5  5  75       
PG27 -18248.865155  -5044.792597  18602.430435   -130.818275  6  6  5  83       
PG28  18551.367242  11441.830713  15597.892949    570.613201  4  6  4  82       
PG29  -1893.556021 -22610.768981 -13816.120946   -347.805214  7  5  6  96       
PG30   5923.360411  17855.204804  18720.021385   -426.639614  4  4  6  45       
PG31 -13603.251756  -7118.642369 -21758.124072   -117.553749  7  6  6  78       
PG32 -16079.048474 -21073.603091  -2678.281592     21.110535  5  7  5  82       
*  2021  5 16  3 45  0.00000000
PG01 -14022.121509  21380.410747   6219.875109    687.819035  6  9  5  86       
PG02  15622.011319   -846.580988 -20820.900283   -604.595894  3  5  6  94       
PG03 -17696.102949  12609.925463 -15277.677016   -165.174395  5  5  1  80       
PG04  -7968.379242  14240.365866 -20937.335981   -196.458468  6  6  6  94       
PG05  26155.241928  -4964.222024   1337.996786    -42.085755  3  4  3  53       
PG06  10049.298080  12286.105918 -21226.917195     16.191730  4  7  6  73       
PG07  -5309.092189  24811.205695   7275.623551    152.046401  3  7  3  81       
PG08 -14716.946211   5200.883632  21515.540445    -21.395206  5  6  3  83       
PG09   2473.826910  21386.683120 -15599.417511   -345.753673  5  4  3 102       
PG10 -12809.240852 -12282.029195  19961.092730   -122.846305  6  5  5  96       
PG12  20078.012173 -10442.923929 -14040.801948    -41.700099  4  7  5  85       
PG13  17688.071481   4627.644533  19182.043365    132.561276  3  3  2  75       
PG14  11718.038427  13181.420562  19858.669681     85.184664  4  6  6  85       
PG15  14458.512913  -7271.073887  20737.996873   -149.123448  3     3  61       
PG16 -26685.969717  -1086.461406  -2601.194339   -325.894892  4  7  5 104       
PG17  13044.530661  23039.068378   2512.161605    443.062030  6  2  6  85       
PG18   3358.206147 -24232.296378  10251.852719    350.249568  5 11  7  53       
PG19  16988.073119  19297.905468  -7188.797193      0.575402  5  4  5  58       
PG20  21004.637528 -12830.375063   9517.895925    522.125453  6  5  4  69       
PG21 -16202.632285  15581.639047  14463.787896    118.409440  7  7  6 124       
PG22 -23833.997074   9699.216204  -5964.925062   -613.231743  4  5  4  67       
PG23    -69.570863 -15230.129014  21736.651907    106.295563  5  5  3  67       
PG24  15136.840457 -18391.358356  11083.832702     80.250002  4  3  4  63       
PG25   7551.441143 -15327.564850 -20529.171480    137.980215  6  6  6  92       
PG26 -23484.680270  -4875.800651 -11752.680126     85.856075  5  5  4  90       
PG27 -19326.476654  -6791.079896  16930.419591   -130.824151  6  6  5  67       
PG28  16743.029200  11564.906899  17519.933851    570.607502  3  6  4  80       
PG29   -911.022985 -21224.259504 -15960.858341   -347.811446  7  5  6  99       
PG30   4831.934947  19610.508002  17189.413263   -426.643984  3  4  7  49       
PG31 -12464.879345  -9305.129756 -21572.639560   -117.555671  7  6  6  81       
PG32 -15961.489764 -21346.941980    154.920638     21.109912  5  6  5  66       
*  2021  5 16  4  0  0.00000000
PG01 -13871.632445  20463.040449   8962.874744    687.809134  5  8  6  97       
PG02  14906.270780   1598.446948 -21277.780448   -604.598558  2  5  5  81       
PG03 -19317.827937  12668.940568 -13086.039837   -165.183661  5  5     59       
PG04  -9462.357252  12319.722875 -21530.142367   -196.459812  6  6  6  70       
PG05  26209.272504  -4715.526073  -1497.575688    -42.087000  2  4  3  67       
PG06   9110.248479  14474.423378 -20246.298692     16.195093  5  7  5  75       
PG07  -5831.157183  25296.018000   4517.366324    152.055917  3  7  4  71       
PG08 -16219.507696   3306.027749  20825.629697    -21.396802  5  6  3  68       
PG09   1138.513697  20047.158608 -17434.044388   -345.755775  5  3  3  94       
PG10 -10535.507330 -12698.741361  20985.678616   -122.853157  6  5  4  88       
PG12  21525.983061 -10374.690560 -11696.888016    -41.704746  4  7  4  76       
PG13  18677.357186   6513.741827  17657.936878    132.565674  3  3  2  92       
PG14   9409.270950  13513.130170  20836.473981     85.179950  4  6  6  89       
PG15  16120.228012  -5515.615589  20086.858866   -149.121039  2     3  78       
PG16 -26272.936252  -1288.533288  -5408.301145   -325.900319  4  7  5 108       
PG17  12659.904061  22818.043078   5363.693101    443.067912  5  2  5  89       
PG18   3956.330607 -25093.197606   7629.742705    350.248737  6 11  7  69       
PG19  17172.540860  19922.896983  -4402.000840      0.579933  5  4  5  74       
PG20  22010.758318 -12801.700667   6908.930609    522.125272  5  5  5  77       
PG21 -15892.873614  13921.137877  16502.681155    118.411956  7  7  6 125       
PG22 -24451.741542   9505.948064  -3217.222106   -613.223052  3  4  5  50       
PG23   2367.006249 -15621.557596  21322.395234    106.292697  5  5  3  75       
PG24  14984.932255 -16914.654624  13390.906431     80.270560  4  2  5  50       
PG25   9779.822864 -15552.706747 -19346.951298    137.986659  6  6  6  76       
PG26 -22095.705028  -5378.781260 -13997.226868     85.860597  6  4  3  94       
PG27 -20369.465902  -8310.435148  14967.551730   -130.830027  5  6  6  75       
PG28  14750.679040  11794.700740  19150.201445    570.601760  3  6  3  76       
PG29    274.166552 -19706.300267 -17831.282840   -347.817117  6  5  6  88       
PG30   3900.400509  21243.767383  15361.721957   -426.648367  3  3  6  72       
PG31 -11455.089292 -11513.135920 -21017.451456   -117.557442  6  7  6  96       
PG32 -15660.298705 -21375.672326   2985.495945     21.109284  5  6  5  69       
*  2021  5 16  4 15  0.00000000
PG01 -13674.704496  19247.559984  11546.924083    687.799230  6  6  7 132       
PG02  14307.450088   4107.480254 -21345.728524   -604.601439  2  5  5  86       
PG03 -20679.555214  12760.007523 -10668.951032   -165.193007  5  5     64       
PG04 -11083.319990  10444.297518 -21752.026770   -196.461129  6  6  6  76       
PG05  25967.494542  -4394.524185  -4307.710857    -42.088279  2  4  3  64       
PG06   8335.078097  16586.694243 -18915.052141     16.198424  6  6  6  59       
PG07  -6229.853871  25503.735621   1679.526258    152.065408  3  7  4  81       
PG08 -17752.522644   1568.201697  19779.082979    -21.397926  5  6  4  66       
PG09   -392.100804  18638.064441 -18969.730568   -345.757810  5  3  3  89       
PG10  -8192.497296 -13258.036254  21654.611802   -122.859993  6  4  4  81       
PG12  22703.867429 -10345.812230  -9152.701807    -41.709540  3  6  4  79       
PG13  19657.418121   8185.650431  15828.423736    132.569987  2  3  1  87       
PG14   7031.193722  13978.133120  21455.635108     85.175273  5  6  5  79       
PG15  17787.782824  -3905.235720  19081.330611   -149.118744  1     3  72       
PG16 -25565.240389  -1548.332751  -8125.357335   -325.905579  4  7  5 113       
PG17  12069.506885  22369.585406   8123.775798    443.073207  4  3  5  88       
PG18   4406.770044 -25696.796628   4875.781164    350.247947  6 12  7  88       
PG19  17203.109548  20280.271696  -1540.380495      0.584504  5  4  5  55       
PG20  22732.095729 -12716.581952   4178.656502    522.124664  5  5  5  76       
PG21 -15617.401559  12048.736558  18265.438339    118.414320  6  7  5 126       
PG22 -24776.692040   9249.301044   -413.312339   -613.214651  4  4  5  53       
PG23   4714.082665 -16124.798449  20540.342567    106.289846  5  5  3  64       
PG24  14840.979628 -15189.985046  15459.748614     80.291046  4  2  5  63       
PG25  11848.836373 -15862.842149 -17836.291951    137.993143  6  6  6  88       
PG26 -20501.676380  -6009.749690 -16004.724657     85.865029  6  4  3  99       
PG27 -21335.049459  -9591.141049  12748.475163   -130.835904  5  6  6  84       
PG28  12615.518895  12150.831437  20463.132371    570.596714  3  6  2  85       
PG29   1660.949281 -18103.294588 -19395.467294   -347.822757  7  6  6  78       
PG30   3121.898904  22712.460345  13268.017137   -426.652831  3  4  6  67       
PG31 -10585.846142 -13695.814092 -20100.673097   -117.559398  6  7  7  92       
PG32 -15149.202319 -21185.747591   5765.302880     21.108667  5  6  5  77       
*  2021  5 16  4 30  0.00000000
PG01 -13472.002845  17746.386560  13925.905002    687.789325  7  5  7  66       
PG02  13838.802780   6629.118247 -21023.261941   -604.604268  3  5  5  92       
PG03 -21761.375045  12846.157064  -8067.799277   -165.202275  5  4  1  48       
PG04 -12801.854398   8653.212908 -21599.339311   -196.462504  7  5  6  70       
PG05  25445.420875  -3967.558058  -7044.763796    -42.088995  2  4  4  87       
PG06   7720.661886  18574.006346 -17256.187701     16.201724  6  7  6  75       
PG07  -6537.010509  25415.293256  -1188.020515    152.074997  4  7  4  79       
PG08 -19274.810318     11.085925  18394.606759    -21.399465  5  6  4  72       
PG09  -2104.639075  17202.504249 -20180.327126   -345.759869  6  2  4  84       
PG10  -5828.287677 -13958.383017  21955.916467   -122.866791  6  3  3  84       
PG12  23592.507497 -10319.311993  -6451.293271    -41.714222  3  6  4  86       
PG13  20586.814853   9625.807527  13725.645998    132.574535  2  3     85       
PG14   4632.039255  14576.296215  21705.402986     85.170550  5  6  5  85       
PG15  19419.854111  -2459.794641  17740.574405   -149.116222  1  1  4  64       
PG16 -24582.215100  -1900.149468 -10707.345436   -325.911086  4  6  5 109       
PG17  11254.373499  21729.620020  10746.017529    443.078728  3  4  5  82       
PG18   4739.152002 -26017.756352   2037.554126    350.247102  7 12  7  86       
PG19  17044.338732  20386.883598   1347.491453      0.588872  4  4  5  72       
PG20  23168.730572 -12538.633503   1374.982440    522.124743  4  5  5  76       
PG21 -15407.588765   9995.994400  19725.076250    118.416970  6  7  4 136       
PG22 -24816.074448   8894.991368   2397.821675   -613.206037  4  5  5  63       
PG23   6927.894890 -16718.594241  19403.868458    106.287039  5  6  3  52       
PG24  14737.804328 -13243.873802  17253.583127     80.311616  3  2  5  33       
PG25  13722.177429 -16229.736374 -16021.762375    137.999546  6  6  6  81       
PG26 -18740.324525  -6785.094268 -17740.909721     85.869445  6  4  3  97       
PG27 -22180.561577 -10630.315098  10311.939539   -130.841852  4  6  6  85       
PG28  10382.126152  12645.644166  21438.445234    570.591017  3  6  1  89       
PG29   3239.571572 -16461.981214 -20626.773911   -347.828680  6  6  6  85       
PG30   2482.278468  23977.525980  10944.131136   -426.657237  3  4  6  70       
PG31  -9861.192255 -15805.291786 -18836.725629   -117.561428  6  7  7  93       
PG32 -14408.320220 -20808.863372   8447.163592     21.108100  5  5  5  41       
*  2021  5 16  4 45  0.00000000
PG01 -13302.170049  15981.246187  16057.349631    687.779407  7  5  7  68       
PG02  13505.206621   9110.667965 -20316.460197   -604.606932  3  4  5  81       
PG03 -22551.956077  12888.435689  -5327.274702   -165.211647  5  4  2  76       
PG04 -14582.523830   6980.210386 -21074.882865   -196.463835  7  5  6  91       
PG05  24666.170451  -3404.816427  -9662.455841    -42.089996  2  4  4  88       
PG06   7255.539057  20390.061508 -15298.429713     16.205083  6  7  5  61       
PG07  -6787.623070  25020.201491  -4034.398211    152.084556  4  7  4  85       
PG08 -20742.817437  -1349.652901  16696.541719    -21.401090  5  5  4  62       
PG09  -3977.878073  15781.598647 -21045.257771   -345.761938  6  2  5 100       
PG10  -3490.600537 -14790.069084  21883.739271   -122.873655  6  2  3  81       
PG12  24181.334581 -10256.224413  -3638.705667    -41.718786  3  6  4  59       
PG13  21423.101974  10825.278830  11386.350265    132.578877  2  3     86       
PG14   2259.787187  15299.436439  21581.384450     85.165846  5  6  4  84       
PG15  20973.856678  -1191.232304  16089.566700   -149.113750  1  2  4  73       
PG16 -23350.541400  -2374.112535 -13111.543345   -325.916383  5  6  4 109       
PG17  10203.219278  20938.297561  13186.772296    443.084153  3  5  5  92       
PG18   4987.456461 -26038.629358   -835.887873    350.246260  7 12  6  86       
PG19  16665.872808  20267.033225   4212.263706      0.593236  4  5  5  72       
PG20  23329.309222 -12233.349976  -1452.848383    522.123942  4  5  5  78       
PG21 -15289.252034   7799.789989  20859.855717    118.419528  6  7  4 134       
PG22 -24585.298764   8411.517416   5167.289436   -613.197440  4  4  5  71       
PG23   8969.615376 -17375.090048  17932.486997    106.284167  5  6  4  67       
PG24  14703.873977 -11109.996205  18740.711126     80.332222  3  2  5  86       
PG25  15369.805238 -16619.975187 -13933.256885    138.005901  6  5  6  71       
PG26 -16853.160717  -7714.112565 -19175.977120     85.873909  6  4  3 101       
PG27 -22865.107385 -11433.761358   7700.093790   -130.847735  4  6  6  85       
PG28   8096.951557  13283.718503  22061.341581    570.585837  3  5     91       
PG29   4991.788569 -14827.699947 -21504.292801   -347.834475  6  5  6  85       
PG30   1960.813130  25004.826361   8430.057200   -426.661655  3  5  6  67       
PG31  -9277.156197 -17794.363449 -17246.184730   -117.563342  6  7  7  88       
PG32 -13425.074601 -20281.138839  10985.631711     21.107478  5  5  5  76       
*  2021  5 16  5  0  0.00000000
PG01 -13200.124816  13982.476762  17903.280492    687.769502  7  5  7  66       
PG02  13303.029367  11500.139866 -19238.820358   -604.609754  4  4  5  71       
PG03 -23048.876029  12847.568174  -2494.605182   -165.221019  4  4  3  69       
PG04 -16385.109573   5452.503890 -20187.852909   -196.465158  6  5  6  90       
PG05  23659.560555  -2681.648275 -12116.616586    -42.091188  3  3  4  67       
PG06   6920.512566  21992.847734 -13075.710690     16.208461  7  8  5  68       
PG07  -7018.255650  24317.105158  -6808.712391    152.093928  5  6  4  80       
PG08 -22112.226578  -2506.735540  14714.410728    -21.401981  5  5  4  82       
PG09  -5983.379553  14412.969508 -21549.854921   -345.763959  5  3  5  82       
PG10  -1225.168838 -15735.463121  21438.493989   -122.880452  6  3  3  73       
PG12  24468.730511 -10117.265414   -763.215400    -41.723464  3  5  4  74       
PG13  22124.503832  11783.871267   8851.217722    132.583005  2  4     83       
PG14    -39.498490  16131.568848  21085.625245     85.161179  5  7  5 107       
PG15  22407.544296   -103.364341  14158.535910   -149.111394     2  4  57       
PG16 -21903.294531  -2994.910752 -15298.147789   -325.921920  5  6  4 102       
PG17   8912.975861  20038.382739  15405.788251    443.089864  2  5  4 102       
PG18   5188.492305 -25750.557781  -3694.889045    350.245434  7 12  6  78       
PG19  16043.797047  19951.460703   7004.629704      0.597752  4  5  5  78       
PG20  23230.588729 -11769.657966  -4255.170863    522.123581  3  5  5  80       
PG21 -15281.730068   5501.076121  21653.436160    118.421815  5  7  3 135       
PG22 -24107.245622   7771.577645   7847.168799   -613.189079  4  5  5  67       
PG23  10806.659167 -18060.931441  16151.519722    106.281318  5  6  4  59       
PG24  14762.050232  -8827.998476  19895.114527     80.352773  3  3  4  72       
PG25  16768.958784 -16996.288830 -11605.573058    138.012250  6  5  6  67       
PG26 -14884.021136  -8798.474766 -20285.087290     85.878364  7  4  3  89       
PG27 -23351.143031 -12015.499456   4957.748727   -130.853616  4  6  6  81       
PG28   5806.777754  14061.665092  22322.635205    570.579931  3  5     96       
PG29   6891.393223 -13242.727158 -22013.182054   -347.840479  6  5  6  88       
PG30   1531.190431  25766.435214   5769.261989   -426.666050  3  5  5  75       
PG31  -8821.985011 -19618.188140 -15355.510354   -117.565446  5  8  7  87       
PG32 -12194.829612 -19641.647765  13337.727322     21.106850  5  5  5  86       
*  2021  5 16  5 15  0.00000000
PG01 -13195.523036  11787.979979  19430.956489    687.759633  7  5  7  80       
PG02  13220.383779  13748.209897 -17810.924102   -604.612621  4  4  5  80       
PG03 -23258.615879  12685.648625    381.260988   -165.230394  4  4  4  62       
PG04 -18166.045529   4089.896528 -18953.667975   -196.466466  7  5  6  81       
PG05  22460.966035  -1779.678149 -14365.885984    -42.092213  4  3  4  70       
PG06   6689.560288  23346.153704 -10626.571052     16.211868  6  9  4  64       
PG07  -7265.357037  23313.979848  -9461.060906    152.103552  5  6  4  90       
PG08 -23339.594726  -3461.321821  12482.392210    -21.402969  4  5  4  76       
PG09  -8086.399459  13129.372843 -21685.596907   -345.766015  5  3  6  89       
PG10    925.829354 -16769.590986  20626.909702   -122.887262  6  3  2  45       
PG12  24462.055032  -9864.540517   2125.488569    -41.727962  3  5  3  68       
PG13  22651.566766  12509.909875   6164.135736    132.587296  3  3     76       
PG14  -2223.255577  17049.469510  20226.581048     85.156476  5  8  5  90       
PG15  23680.585012    807.990736  11982.318159   -149.109011  1  2  4  63       
PG16 -20278.776806  -3780.713682 -17230.856635   -325.927435  6  6  3 100       
PG17   7389.018869  19073.583409  17366.780925    443.095215  2  6  4  95       
PG18   5380.265510 -25153.650790  -6490.058057    350.244555  8 12  7  96       
PG19  15161.770638  19476.089129   9676.174229      0.602482  3  6  5  72       
PG20  22896.666847 -11121.335780  -6982.818145    522.123304  3  5  5  73       
PG21 -15397.219465   3143.526367  22094.955057    118.424725  5  7  2 134       
PG22 -23411.277423   6953.315206  10391.347717   -613.180366  5  5  5  54       
PG23  12413.750849 -18738.590896  14091.660625    106.278406  5  6  4  46       
PG24  14928.586223  -6442.080468  20696.932165     80.373364  3  3  4  82       
PG25  17904.912568 -17319.053466  -9077.893457    138.018576  6  4  5  77       
PG26 -12877.527855 -10031.978114 -21048.801585     85.882863  7  5  3  94       
PG27 -23605.925637 -12396.994990   2131.617336   -130.859624  4  6  6  84       
PG28   3557.188230  14968.211377  22218.814704    570.574648  2  5  2  89       
PG29   8905.054685 -11744.743993 -22144.904944   -347.845957  6  5  5  75       
PG30   1162.730546  26241.700727   3007.923943   -426.670470  4  6  5  78       
PG31  -8476.697568 -21235.925265 -13196.657883   -117.567380  5  8  8  67       
PG32 -10721.237246 -18930.854196  15463.629410     21.106228  5  4  5  50       
*  2021  5 16  5 30  0.00000000
PG01 -13311.448929   9441.866477  20613.505040    687.749715  7  5  7  68       
PG02  13237.756228  15810.055834 -16059.930453   -604.615622  5  4  5  65       
PG03 -23196.215811  12367.792770   3250.511633   -165.239751  4  3  4  44       
PG04 -19879.990840   2904.192038 -17393.694339   -196.467763  7  4  5  78       
PG05  21109.988546   -687.683613 -16372.368229    -42.093012  4  2  4  82       
PG06   6531.021020  24420.866158  -7993.475949     16.215270  6  9  4  72       
PG07  -7563.567448  22027.949778 -11943.547558    152.112934  6  6  4  80       
PG08 -24383.961252  -4222.742777  10038.728939    -21.403321  3  5  4  80       
PG09 -10247.042089  11957.531368 -21450.243327   -345.768067  5  4  6  86       
PG10   2925.209740 -17861.007411  19461.978154   -122.894151  6  4  2  60       
PG12  24177.332213  -9463.223666   4977.172641    -41.732699  4  5  4  68       
PG13  22968.724220  13019.691829   3371.425330    132.591449  3  4  1  73       
PG14  -4253.872545  18023.532381  19018.977561     85.151740  5  8  5  88       
PG15  24756.048626   1554.568104   9599.650448   -149.106754     3  4  64       
PG16 -18519.176839  -4742.329678 -18877.406366   -325.933020  6  6  3 107       
PG17   5645.086851  18086.881301  19037.929918    443.100498  2  7  3  87       
PG18   5600.304121 -24257.025010  -9173.132116    350.243660  8 13  7 120       
PG19  14011.887704  18880.562339  12180.228907      0.607072  2  6  5  82       
PG20  22357.929776 -10268.241687  -9588.028900    522.122742  3  4  5  78       
PG21 -15640.380021    772.119500  22179.042310    118.426669  5  7  2 130       
PG22 -22532.017542   5941.341381  12756.315904   -613.172154  5  5  5  73       
PG23  13773.710572 -19367.870867  11788.445521    106.275546  5  7  5  57       
PG24  15212.415316  -3999.403484  21132.798690     80.393946  3  4  4  61       
PG25  18771.437664 -17547.915715  -6393.174290    138.024986  6  4  5  82       
PG26 -10877.522532 -11400.604575 -21453.439004     85.887373  7  6  3  98       
PG27 -23602.782197 -12606.125345   -730.455249   -130.865498  4  6  6  91       
PG28   1391.094782  15984.569072  21752.043455    570.569477  3  5  2  86       
PG29  10993.433961 -10365.494677 -21897.361509   -347.851975  5  5  5  68       
PG30    821.788186  26418.037674    194.111484   -426.674875  4  6  4  76       
PG31  -8215.942739 -22612.241448 -10806.572160   -117.569238  5  8  8  93       
PG32  -9016.277446 -18189.010759  17327.316972     21.105540  5  4  5  29       
*  2021  5 16  5 45  0.00000000
PG01 -13563.393364   6992.852865  21430.424486    687.739802  7  5  6  74       
PG02  13328.973681  17646.984078 -14018.915682   -604.618372  5  4  5  67       
PG03 -22884.604709  11863.684902   6063.350660   -165.249122  4  3  4  73       
PG04 -21481.480063   1898.922277 -15534.870262   -196.469124  7  5  5  81       
PG05  19648.984894    597.796476 -18102.229918    -42.094120  4  2  4  85       
PG06   6409.007386  25195.999457  -5222.062280     16.218652  6 10  4  80       
PG07  -7944.092137  20484.728221 -14211.269369    152.122679  6  6  4  76       
PG08 -25208.366695  -4807.927083   7425.082426    -21.404987  2  5  4  68       
PG09 -12421.615742  10917.210146 -20847.867033   -345.770111  5  4  6  90       
PG10   4742.038712 -18972.934792  17962.796978   -122.900951  6  4  2  66       
PG12  23638.602558  -8883.137959   7741.958256    -41.737171  4  5  4  70       
PG13  23045.715446  13336.642671    521.038945    132.596021  3  4  2  85       
PG14  -6099.944663  19018.887472  17483.561616     85.147185  5  9  6  99       
PG15  25601.750322   2154.924189   7052.420328   -149.104401     3  4  60       
PG16 -16669.100030  -5882.629733 -20210.060938   -325.938445  7  7  3  80       
PG17   3702.900472  17118.922487  20392.298821    443.105635  2  7  2  93       
PG18   5884.006644 -23078.506233 -11697.819378    350.242802  8 12  8  61       
PG19  12595.226247  18206.630702  14472.720729      0.611413  2  6  5  84       
PG20  21649.762440  -9197.299728 -12025.321680    522.122512  4  4  5  78       
PG21 -16008.212335  -1568.293128  21905.778313    118.430186  5  7  1  99       
PG22 -21507.949409   4727.500025  14901.893123   -613.163958  5  5  5  30       
PG23  14877.928906 -19907.524694   9281.634978    106.272637  5  7  5  56       
PG24  15614.759173  -1548.392415  21196.040983     80.414548  3  4  5  74       
PG25  19370.944208 -17643.479010  -3597.446730    138.031284  7  4  5  75       
PG26  -8925.530186 -12882.883134 -21491.346722     85.891936  7  6  3  97       
PG27 -23322.154247 -12675.923138  -3580.261325   -130.871378  5  6  6  84       
PG28   -652.631134  17085.068499  20930.100173    570.563845  3  5  3  92       
PG29  13112.534459  -9129.684835 -21274.913306   -347.858095  5  6  5  50       
PG30    473.280922  26291.414720  -2623.082912   -426.679299  5  6  4  56       
PG31  -8009.132585 -23718.624619  -8226.569403   -117.571241  5  8  8  89       
PG32  -7099.990966 -17454.578555  18897.150677     21.104922  5  4  4  72       
*  2021  5 16  6  0  0.00000000
PG01 -13958.562696   4492.480461  21867.945442    687.729876  7  5  6  57       
PG02  13462.457120  19227.776372 -11726.087438   -604.621475  5  6  5  65       
PG03 -22353.628384  11148.956469   8770.884649   -165.258485  5  3  4  63       
PG04 -22926.587741   1069.399720 -13409.236683   -196.470468  7  5  5  86       
PG05  18121.508062   2072.144628 -19526.235748    -42.095132  5  2  4  80       
PG06   6284.988676  25659.417440  -2360.330391     16.222029  6 11  4  77       
PG07  -8433.217095  18717.700392 -16223.247936    152.132123  6  6  4  89       
PG08 -25781.227713  -5240.546218   4685.843007    -21.406761  1  5  4  91       
PG09 -14564.139164  10020.569475 -19888.782664   -345.772168  5  4  6  85       
PG10   6352.658780 -20064.629739  16154.306919   -122.907801  6  4  2  70       
PG12  22876.961598  -8100.171606  10371.235573    -41.741739  4  5  4  79       
PG13  22858.805024  13490.210630  -2338.257455    132.600151  3  4  2  94       
PG14  -7737.289284  19996.737340  15646.747176     85.142470  4  9  6 106       
PG15  26191.402620   2633.452683   4384.890021   -149.101817  1  3  4  56       
PG16 -14774.019146  -7196.258102 -21206.047884   -325.943865  7  7  3  84       
PG17   1591.500258  16206.521605  21408.179231    443.111451  2  7  2  96       
PG18   6263.079458 -21644.004560 -14020.604319    350.241897  8 11  9 113       
PG19  10922.056111  17496.446408  16512.996207      0.616217  2  6  5  81       
PG20  20811.076004  -7903.202904 -14252.317610    522.122441  4  3  5  83       
PG21 -16490.203514  -3834.394102  21280.603117    118.432019  5  6  1 101       
PG22 -20379.892955   3311.346381  16791.883233   -613.155127  5  4  5  78       
PG23  15726.512429 -20316.931675   6614.521711    106.269779  5  7  6  61       
PG24  16129.068040    862.995114  20886.731686     80.435177  3  4  6  85       
PG25  19714.293295 -17568.985631   -739.039605    138.037528  7  3  4  56       
PG26  -7059.310255 -14450.547073 -21161.077644     85.896480  7  7  4 102       
PG27 -22752.383888 -12643.146019  -6369.990162   -130.877180  5  6  6  99       
PG28  -2540.381371  18238.038045  19766.262108    570.558160  3  6  3  94       
PG29  15215.236473  -8054.160469 -20288.301691   -347.863479  5  6  5  76       
PG30     82.281490  25866.515168  -5394.435062   -426.683699  5  6  4  66       
PG31  -7821.807858 -24534.447591  -5501.615803   -117.573348  5  8  8  92       
PG32  -4999.914282 -16762.726625  20146.387618     21.104284  5  3  4  68       
*  2021  5 16  6 15  0.00000000
PG01 -14495.545756   1993.232989  21919.244595    687.719937  7  6  5  46       
PG02  13602.696513  20529.702628  -9223.903863   -604.624192  6  7  4  66       
PG03 -21638.814152  10206.339535  11325.998617   -165.267829  5  3  4  75       
PG04 -24174.543787    403.091454 -11053.382703   -196.471804  7  5  4  83       
PG05  16570.717142   3722.649988 -20620.215608    -42.096032  5  3  3  64       
PG06   6119.479963  25808.220033    542.204029     16.225460  7 11  4  85       
PG07  -9051.036258  16766.686837 -17943.276545    152.141742  6  5  4  80       
PG08 -26077.519293  -5549.912225   1867.405620    -21.407769  2  5  4  92       
PG09 -16627.942540   9271.818799 -18589.373010   -345.774225  5  5  6  90       
PG10   7741.440618 -21092.928368  14066.922941   -122.914635  6  4  4  63       
PG12  21929.319528  -7097.467591  12818.571686    -41.746372  4  5  4  75       
PG13  22391.758749  13514.544136  -5157.704348    132.604322  4  4  3  79       
PG14  -9149.681400  20915.860310  13540.161977     85.137790  3  9  6 101       
PG15  26505.537340   3019.194474   1642.911260   -149.099609  2  4  4  48       
PG16 -12878.696663  -8669.642035 -21847.937001   -325.949308  7  7  3  87       
PG17   -653.670572  15381.328477  22069.360341    443.116575  3  7  1 103       
PG18   6764.125094 -19986.587720 -16101.501510    350.240983  8 11  9 107       
PG19   9011.690091  16790.835412  18264.602744      0.620531  3  7  4  82       
PG20  19882.714508  -6388.806020 -16230.494500    522.121757  5  3  5  87       
PG21 -17068.730422  -5985.739701  20314.182286    118.434464  5  6  1 100       
PG22 -19189.419163   1700.325453  18394.645579   -613.146766  5  4  4  83       
PG23  16328.094925 -20557.760338   3833.174888    106.266854  5  7  6  62       
PG24  16741.290930   3188.960183  20211.603845     80.455805  4  4  6  83       
PG25  19820.279347 -17291.925939   2132.264700    138.043809  7  4  4  34       
PG26  -5311.549875 -16069.465496 -20467.468987     85.901022  7  7  4 102       
PG27 -21890.216175 -12546.726236  -9052.969035   -130.883031  5  6  5  97       
PG28  -4244.850735  19406.900600  18279.131725    570.552887  4  6  4 105       
PG29  17252.957900  -7147.397623 -18954.461445   -347.869319  5  6  5  78       
PG30   -384.391668  25156.563007  -8071.489029   -426.688121  5  6  5  78       
PG31  -7617.181636 -25047.732591  -2679.515468   -117.575375  5  8  8  96       
PG32  -2750.236313 -16143.966073  21053.622390     21.103703  5  3  3  74       
*  2021  5 16  6 30  0.00000000
PG01 -15164.349788   -453.366069  21584.509423    687.710023  7  6  5  70       
PG02  13711.874071  21539.165159  -6558.130029   -604.627202  6  7  4  78       
PG03 -20779.920501   9026.547130  13684.203374   -165.277230  5  3  4  81       
PG04 -25189.238096   -119.701109  -8507.815529   -196.473170  7  5  3  80       
PG05  15037.813349   5528.797444 -21365.457461    -42.097039  5  3  3  81       
PG06   5873.769823  25648.780619   3435.381603     16.228854  7 11  4  91       
PG07  -9810.449732  14676.441675 -19340.657486    152.151655  6  5  4  80       
PG08 -26079.722483  -5769.670179   -982.578870    -21.408570  3  5  4  87       
PG09 -18567.303281   8667.184163 -16971.815869   -345.776312  5  5  6  77       
PG10   8901.229268 -22013.913016  11736.061196   -122.921492  5  3  4  53       
PG12  20836.929253  -5866.333654  15040.592694    -41.750738  4  6  4  77       
PG13  21636.541121  13447.004907  -7889.357881    132.608641  4  4  3  98       
PG14 -10329.281431  21734.222076  11200.102423     85.133095  3  8  6 104       
PG15  26532.169536   3344.492561  -1126.854876   -149.097175  3  4  4  62       
PG16 -11025.632112 -10281.303977 -22123.956314   -325.954790  8  8  4  86       
PG17  -2991.904567  14668.699503  22365.325728    443.122463  3  7  1 111       
PG18   7407.437029 -18145.289201 -17904.744475    350.240033  8 10  9  94       
PG19   6891.976684  16127.616255  19696.008243      0.625574  3  7  4  92       
PG20  18905.806834  -4665.193928 -17925.857846    522.121517  5  2  5 101       
PG21 -17719.704234  -7985.995143  19022.233195    118.436814  5  6  2 103       
PG22 -17977.264140    -90.353027  19683.577635   -613.137821  6  4  4  74       
PG23  16699.322275 -20595.554298    985.635112    106.263934  5  7  6  65       
PG24  17430.458879   5387.445895  19183.834612     80.476479  4  5  6  84       
PG25  19714.797890 -16785.506962   4966.126155    138.050144  7  4  4  37       
PG26  -3708.750130 -17700.817661 -19421.616999     85.905514  7  7  5  98       
PG27 -20741.002775 -12426.156285 -11584.378219   -130.888845  6  6  5  92       
PG28  -5745.860566  20551.453085  16492.406631    570.547803  4  6  4  99       
PG29  19177.378888  -6409.321060 -17296.232975   -347.874994  5  5  5  78       
PG30   -956.651707  24182.820266 -10607.445265   -426.692559  5  5  5  76       
PG31  -7357.797452 -25255.580216    189.975853   -117.577809  6  8  8  94       
PG32   -390.706505 -15622.969243  21603.148244     21.103086  4  2  3  88       
*  2021  5 16  6 45  0.00000000
PG01 -15946.799204  -2798.596572  20870.857034    687.700069  7  5  5  63       
PG02  13751.558800  22251.959260  -3776.863538   -604.629850  7  8  3  57       
PG03 -19819.329650   7608.843432  15804.437251   -165.286661  5  3  4  51       
PG04 -25940.557185   -524.884211  -5816.265669   -196.474562  7  6  3  90       
PG05  13560.558374   7462.851417 -21749.020905    -42.097939  5  3  3  90       
PG06   5511.617763  25196.434083   6269.278068     16.232289  7 10  3  98       
PG07 -10716.479259  12494.953455 -20390.808158    152.161082  6  5  4  90       
PG08 -25778.504349  -5936.334201  -3815.967140    -21.409953  3  5  4  99       
PG09 -20339.055436   8195.190052 -15063.715413   -345.778365  5  5  6  75       
PG10   9833.463348 -22784.636801   9201.566233   -122.928400  5  3  5  45       
PG12  19643.741300  -4406.830200  16997.818550    -41.755317  4  6  4  78       
PG13  20593.710410  13326.574242 -10486.876384    132.613120  4  3  3 100       
PG14 -11276.739131  22410.632973   8666.906054     85.128400  3  8  5 106       
PG15  26267.185928   3643.546304  -3877.701095   -149.094746  3  4  4  78       
PG16  -9253.587929 -12002.470139 -22028.239353   -325.960211  8  8  5  68       
PG17  -5378.550252  14086.809108  22291.378905    443.128138  3  7  1 106       
PG18   8206.048237 -16163.698165 -19399.397806    350.239141  7 10  9  94       
PG19   4598.448152  15540.035949  20781.240243      0.629663  4  7  4  88       
PG20  17920.131403  -2751.424650 -19309.516893    522.121398  5  2  5 100       
PG21 -18413.434981  -9804.030843  17425.313659    118.438948  5  6  3 110       
PG22 -16781.802476  -2038.134544  20637.505034   -613.129466  5  3  4  57       
PG23  16864.032009 -20401.178086  -1878.925195    106.260997  5  7  7  59       
PG24  18169.551286   7421.550670  17822.709171     80.497136  3  5  7  80       
PG25  19429.727578 -16029.916182   7712.576957    138.056412  7  4  3  37       
PG26  -2270.349678 -19302.468770 -18040.744294     85.910019  7  7  5  90       
PG27 -19318.601796 -12319.868132 -13921.933242   -130.894711  6  6  4  97       
PG28  -7030.939002  21629.289930  14434.591489    570.542281  5  6  4 108       
PG29  20942.165766  -5831.457974 -15341.977692   -347.880889  4  5  5  89       
PG30  -1659.752039  22973.775690 -12958.017700   -426.697052  6  5  6  77       
PG31  -7007.231692 -25164.240596   3056.091554   -117.579580  6  7  7  96       
PG32   2034.667327 -15217.617986  21785.232762     21.102481  4  2  2  69       
*  2021  5 16  7  0  0.00000000
PG01 -16817.275015  -4998.249874  19792.114557    687.690128  7  5  5  79       
PG02  13684.396173  22673.154038   -929.558927   -604.632495  7  9     59       
PG03 -18800.347512   5961.279294  17649.805828   -165.296029  6  3  4  70       
PG04 -26405.502087   -843.373349  -3024.939139   -196.475938  7  6  3  76       
PG05  12171.928676   9490.714960 -21763.966702    -42.098650  6  4  3  87       
PG06   5000.854050  24474.829339   8995.073867     16.235655  7  9  3 100       
PG07 -11765.931144  10271.625831 -21075.719848    152.170376  6  5  5  74       
PG08 -25173.106203  -6087.720935  -6584.892131    -21.411393  3  6  4 102       
PG09 -21904.112440   7837.244709 -12897.643415   -345.780458  5  5  5  68       
PG10  10547.958578 -23364.838405   6507.045460   -122.935267  5  2  5  51       
PG12  18394.652720  -2728.007015  18655.429958    -41.760049  5  6  4  92       
PG13  19272.498579  13192.213160 -12906.273182    132.617167  5  3  4  92       
PG14 -12000.970144  22906.386184   5984.252536     85.123736  4  7  5 105       
PG15  25714.450758   3950.920486  -6563.610122   -149.092433  4  4  4  72       
PG16  -7596.246069 -13797.959722 -21560.997162   -325.965764  8  8  5  81       
PG17  -7766.469767  13646.028902  21848.698696    443.133089  4  6  1  99       
PG18   9165.070532 -14088.386140 -20559.882271    350.238282  7  9  9  87       
PG19   2173.152800  15055.389937  21500.426751      0.634011  4  6  3 105       
PG20  16962.559271   -673.960380 -20358.156807    522.120836  6  2  5  87       
PG21 -19115.690137 -11414.848698  15548.572988    118.441567  5  6  4 119       
PG22 -15637.635869  -4113.815518  21240.976961   -613.121087  5  3  4  87       
PG23  16852.160567 -19952.065889  -4711.060545    106.258105  5  6  7  82       
PG24  18926.604331   9260.718862  16153.178510     80.517784  3  6  7  84       
PG25  19001.568666 -15013.323347  10322.965024    138.062714  6  4  2  70       
PG26  -1008.122019 -20830.497111 -16347.958006     85.914509  6  7  5  78       
PG27 -17644.978557 -12263.663019 -16026.528244   -130.900581  6  7  4  81       
PG28  -8095.636910  22597.326751  12138.650000    570.536545  5  6  4 101       
PG29  22504.629608  -5397.420257 -13125.102500   -347.886536  4  5  5  83       
PG30  -2513.084279  21564.057871 -15082.241231   -426.701493  6  4  6  89       
PG31  -6531.766720 -24788.820419   5868.027083   -117.581676  6  7  7  76       
PG32   4479.085306 -14938.317164  21596.303091     21.101836  4  1  2  80       
*  2021  5 16  7 15  0.00000000
PG01 -17743.758396  -7014.134677  18368.472186    687.680231  7  5  6  63       
PG02  13475.721475  22816.614465   1933.923044   -604.635394  7  9     55       
PG03 -17765.479498   4100.582397  19188.244616   -165.305454  6  3  4  75       
PG04 -26569.045136  -1109.701516   -181.729285   -196.477314  7  6  2  80       
PG05  10898.954950  11573.035131 -21409.498056    -42.099511  6  5  3  82       
PG06   4314.818949  23514.973292  11565.898753     16.238990  6  9  2 125       
PG07 -12947.419448   8055.420328 -21384.259057    152.180114  5  6  5  75       
PG08 -24271.426251  -6261.337755  -9242.527592    -21.412574  3  6  4  96       
PG09 -23228.845852   7568.506632 -10510.597041   -345.782568  5  4  5  76       
PG10  11062.360420 -23718.578151   3699.120601   -122.942177  5  2  5  79       
PG12  17133.722832   -847.774821  19983.947776    -41.764585  5  7  5  79       
PG13  17690.574801  13081.237940 -15106.625665    132.621594  5  3  4  99       
PG14 -12518.614559  23186.812786   3198.405513     85.119039  5  6  5 104       
PG15  24885.631865   4300.063866  -9139.956219   -149.090203  4  5  4 104       
PG16  -6081.044923 -15627.329362 -20728.608027   -325.971349  8  8  6  78       
PG17 -10107.585946  13348.594092  21044.325001    443.138897  4  6  2 108       
PG18  10281.350180 -11967.231666 -21366.404502    350.237384  6  7  8  97       
PG19   -336.785091  14693.886666  21840.222744      0.638552  5  6  3  96       
PG20  16065.636777   1534.188235 -21054.400944    522.120670  6  3  5  96       
PG21 -19788.917008 -12800.311281  13421.463954    118.444059  4  6  5 114       
PG22 -14574.347403  -6282.486101  21484.466544   -613.112433  5  3  3  84       
PG23  16698.422027 -19233.223946  -7461.914522    106.255204  5  6  6  87       
PG24  19666.011740  10881.667164  14205.326291     80.538384  3  6  6  61       
PG25  18469.891984 -13732.573186  12750.888933    138.069022  6  4  3  58       
PG26     74.127254 -22240.815366 -14371.898986     85.919098  6  7  5  76       
PG27 -15749.521687 -12289.246723 -17862.834706   -130.906392  6  7  3  89       
PG28  -8943.565337  23413.376505   9641.594599    570.530994  5  6  5 106       
PG29  23827.257103  -5083.696582 -10683.500638   -347.892293  3  5  5  91       
PG30  -3529.215347  19993.117647 -16943.212454   -426.705918  6  4  6  73       
PG31  -5901.961550 -24152.636143   8575.920805   -117.583477  6  6  7  84       
PG32   6894.533596 -14787.600325  21039.036507     21.101243  4     2  78       
*  2021  5 16  7 30  0.00000000
PG01 -18689.129841  -8815.323980  16626.022721    687.670338  7  5  6  73       
PG02  13095.033283  22704.199987   4764.219667   -604.638498  8 10  2  51       
PG03 -16754.751631   2051.705473  20393.091417   -165.314837  6  4  4  69       
PG04 -26424.693260  -1360.488371   2664.598655   -196.478639  7  6  3  85       
PG05   9761.789947  13666.516728 -20691.009918    -42.100360  6  5  4  61       
PG06   3433.585184  22354.005067  13937.636480     16.242359  6  7  3  89       
PG07 -14241.744450   5893.043756 -21312.307527    152.189381  5  6  5  76       
PG08 -23089.793241  -6492.784536 -11743.839048    -21.413689  3  6  4  86       
PG09 -24286.267930   7358.999301  -7943.381202   -345.784648  5  4  5  84       
PG10  11401.284362 -23815.728049    826.608669   -122.949100  4  2  6  87       
PG12  15902.430948   1207.586277  20959.807437    -41.769247  5  7  5  85       
PG13  15873.502637  13027.771316 -17050.731566    132.625982  5  4  4  86       
PG14 -12853.199281  23222.692660    357.408853     85.114349  5  6  4 101       
PG15  23799.758893   4721.889431 -11564.166090   -149.087720  5  5  3  80       
PG16  -4728.241644 -17446.237846 -19543.617757   -325.976448  8  8  6  80       
PG17 -12354.468322  13188.568206  19891.074825    443.144547  4  6  2 108       
PG18  11543.452764  -9847.707585 -21805.284727    350.236538  5  6  8  94       
PG19  -2880.821314  14467.807670  21794.108804      0.643154  5  6  2  94       
PG20  15256.361884   3834.568051 -21387.060033    522.120481  6  4  5  83       
PG21 -20393.594643 -13949.651026  11077.412776    118.446220  5  6  5 103       
PG22 -13615.464771  -8504.683238  21364.477164   -613.103907  4  4  4  85       
PG23  16440.810978 -18237.947203 -10084.069549    106.252254  5  6  6  85       
PG24  20349.962173  12269.017457  12013.760909     80.559018  3  7  7  75       
PG25  17875.662260 -12193.534626  14953.101140    138.075356  5  3  3  63       
PG26    980.548214 -23490.823775 -12146.284589     85.923556  6  6  5  80       
PG27 -13668.097985 -12422.921593 -19399.849959   -130.912227  6  7  3  88       
PG28  -9586.148034  24037.727238   6984.011570    570.525842  6  6  4 101       
PG29  24879.056007  -4860.723891  -8058.917339   -347.898090  3  4  5  73       
PG30  -4713.203185  18303.734087 -18508.748389   -426.710415  6  3  6  69       
PG31  -5094.050923 -23286.240080  11131.817898   -117.585699  6  6  6  77       
PG32   9233.417394 -14760.044268  20122.352916     21.100631  4  2  2  59       
*  2021  5 16  7 45  0.00000000
PG01 -19612.666148 -10379.099257  14596.203509    687.660458  7  6  5  78       
PG02  12517.273652  22364.686148   7513.307473   -604.641321  7 10  4  68       
PG03 -15804.144415   -152.949893  21243.557180   -165.324243  5  5  3  89       
PG04 -25974.736536  -1632.829792   5465.236702   -196.480006  7  6  4  82       
PG05   8773.040332  15725.398631 -19620.043234    -42.101474  6  5  4  75       
PG06   2344.916341  21033.749596  16069.675819     16.245675  6  6  3  99       
PG07 -15622.604466   3827.258642 -20862.743227    152.199110  4  6  6  62       
PG08 -21652.438343  -6814.227478 -14046.311783    -21.414456  2  6  4  78       
PG09 -25056.972926   7174.931674  -5239.924748   -345.786777  5  4  4  80       
PG10  11595.175837 -23633.253075  -2060.352420   -122.955907  5  1  5  65       
PG12  14738.049946   3404.263124  21565.813655    -41.773689  5  7  5  77       
PG13  13853.911674  13061.326345 -18705.704337    132.630224  5  4  4 102       
PG14 -13034.037689  22991.465908  -2489.748286     85.109591  5  5  4 100       
PG15  22482.533755   5243.464674 -13796.334741   -149.085159  5  6  3  98       
PG16  -3550.238805 -19207.987100 -18024.643582   -325.982005  8  8  7  69       
PG17 -14461.906210  13152.108494  18407.387824    443.150112  5  5  2 103       
PG18  12931.977483  -7775.196685 -21869.177906    350.235696  4  5  7  95       
PG19  -5406.796688  14381.001731  21362.551644      0.647695  6  6  2 101       
PG20  14555.199500   6184.594046 -21351.267718    522.119899  7  4  4  84       
PG21 -20889.677198 -14859.741149   8553.443188    118.448488  4  6  5 111       
PG22 -12777.667437 -10737.710494  20883.556592   -613.095551  4  4  4  68       
PG23  16118.989009 -16968.222141 -12532.368945    106.249311  5  5  6  95       
PG24  20939.954115  13415.619499   9616.948952     80.579637  3  7  6  48       
PG25  17259.506514 -10411.086997  16890.356239    138.081783  5  4  4  47       
PG26   1722.916713 -24541.030146  -9709.350170     85.927994  5  5  5  72       
PG27 -11441.877864 -12684.481649 -20611.389915   -130.918065  6  7  2  75       
PG28 -10042.090914  24434.668399   4209.519757    570.520406  6  6  4  99       
PG29  25636.664213  -4694.197375  -5296.249966   -347.903803  3  5  5  77       
PG30  -6062.218604  16540.405450 -19751.950306   -426.714915  6  3  6  62       
PG31  -4091.111365 -22226.161302  13490.592703   -117.587594  6  6  6  69       
PG32  11450.189125 -14842.498113  18861.306904     21.100068  4  2  2  54       
*  2021  5 16  8  0  0.00000000
PG01 -20471.671227 -11691.562029  12315.157754    687.650513  8  6  5  69       
PG02  11723.873122  21832.463538  10135.268626   -604.643739  7 10  6 137       
PG03 -14944.202096  -2474.603085  21725.086559   -165.333635  5  5  4  79       
PG04 -25230.172726  -1962.670268   8172.163279   -196.481324  7  6  4  79       
PG05   7937.389311  17703.040477 -18214.141889    -42.102307  6  5  4  64       
PG06   1044.924669  19599.107712  17925.595539     16.249068  6  6  3 103       
PG07 -17057.603943   1895.386858 -20045.270127    152.208569  4  6  6  78       
PG08 -19990.682882  -7253.001284 -16110.646381    -21.416569  2  6  5  75       
PG09 -25529.800841   6980.174005  -2446.541031   -345.788819  5  4  4  90       
PG10  11678.934241 -23156.228574  -4911.216191   -122.962819  5  2  5  75       
PG12  13672.204662   5702.056793  21791.464095    -41.778174  5  7  6  94       
PG13  11670.414313  13205.574841 -20043.500358    132.634473  5  4  4  80       
PG14 -13094.910347  22478.197207  -5293.982502     85.104915  5  5  4  98       
PG15  20965.420581   5886.855257 -15799.793106   -149.082684  6  6  3  87       
PG16  -2551.206455 -20865.187192 -16196.175465   -325.987284  8  8  7  59       
PG17 -16388.416734  13218.025399  16617.100108    443.155340  4  5  1 108       
PG18  14420.188273  -5791.399895 -21557.185533    350.234916  4  6  6  82       
PG19  -7862.816219  14428.737139  20553.020069      0.652096  6  5  2  97       
PG20  13975.370545   8539.011994 -20948.504229    522.119803  7  4  5  87       
PG21 -21238.087125 -15535.115285   5889.750002    118.450698  4  5  5 104       
PG22 -12070.263633 -12937.076157  20050.221647   -613.086917  4  5  4  75       
PG23  15772.618616 -15434.800147 -14764.696598    106.246444  6  4  6  97       
PG24  21398.328413  14322.559383   7056.505832     80.600359  4  7  6  73       
PG25  16660.001811  -8408.740023  18528.181968    138.088136  4  4  4  74       
PG26   2319.997107 -25356.571582  -7103.197127     85.932425  4  5  5  81       
PG27  -9115.970782 -13086.350748 -21476.520297   -130.923949  7  7  2  83       
PG28 -10336.579373  24573.911701   1364.162188    570.514972  6  6  4  99       
PG29  26085.180100  -4546.568886  -2442.793431   -347.909885  4  5  6  58       
PG30  -7565.487617  14747.690714 -20651.662415   -426.719388  6  4  5  57       
PG31  -2883.943560 -21013.416354  15610.806378   -117.589504  6  5  5  81       
PG32  13502.911442 -15014.621012  17276.878128     21.099441  4  3  3  71       
*  2021  5 16  8 15  0.00000000
PG01 -21223.173674 -12747.897446   9823.032595    687.640678  9  7  4  76       
PG02  10703.530598  21146.072932  12586.975452   -604.646686  7 10  7  85       
PG03 -14198.872403  -4869.415272  21829.601911   -165.342969  5  5  4  77       
PG04 -24210.310789  -2383.221123  10738.958700   -196.482699  7  6  5  72       
PG05   7251.526732  19553.562459 -16496.611104    -42.103292  6  5  3  81       
PG06   -461.596366  18096.345710  19473.772549     16.252456  6  6  3  98       
PG07 -18509.508404    128.065101 -18876.109255    152.218156  4  6  6  79       
PG08 -18141.869576  -7830.392037 -17901.412271    -21.418292  3  6  4  86       
PG09 -25702.197636   6737.832269    388.855564   -345.790916  5  4  3  81       
PG10  11690.356339 -22378.548981  -7675.958637   -122.969757  6  3  5  61       
PG12  12729.675777   8055.793068  21633.134513    -41.782899  6  7  6  92       
PG13   9366.307186  13477.345452 -21041.371528    132.638927  6  5  4 105       
PG14 -13072.579096  21676.255233  -8006.967999     85.100106  5  5  3  92       
PG15  19284.548482   6668.159516 -17541.625062   -149.080439  6  6  3 101       
PG16  -1727.020953 -22371.486136 -14088.269936   -325.992936  8  7  7  80       
PG17 -18097.636802  13358.620481  14549.144723    443.161195  4  4  2 110       
PG18  15974.937063  -3932.897248 -20874.857265    350.234050  5  6  6  99       
PG19 -10199.123617  14597.920059  19379.854217      0.656635  6  5  1  94       
PG20  13522.438200  10851.455897 -20186.511983    522.119114  7  5  5  82       
PG21 -21402.213347 -15987.728744   3129.217440    118.452763  4  5  5 100       
PG22 -11494.953401 -15057.997762  18878.796579   -613.078613  4  5  4  76       
PG23  15439.710118 -13656.938737 -16742.700642    106.243522  6  4  6  98       
PG24  21689.760158  14998.861637   4376.458376     80.620956  4  7  5  81       
PG25  16112.056534  -6217.901088  19837.552635    138.094518  5  4  4  77       
PG26   2796.620754 -25908.575537  -4373.058038     85.936814  4  5  5  69       
PG27  -6737.916546 -13632.996269 -21979.920452   -130.929818  6  6  2 100       
PG28 -10500.223924  24431.853061  -1504.268502    570.509848  6  6  4 102       
PG29  26218.682135  -4378.676406    452.557347   -347.915169  4  6  6  65       
PG30  -9204.555178  12968.568515 -21192.818035   -426.723847  6  4  3  79       
PG31  -1471.633723 -19691.855000  17455.479158   -117.591369  6  5  5  77       
PG32  15354.696030 -15249.710989  15395.660244     21.098830  4  3  3  66       
*  2021  5 16  8 30  0.00000000
PG01 -21825.623830 -13552.288703   7163.230954    687.630762  9  7  3  64       
PG02   9452.710055  20346.637187  14828.690045   -604.649414  6  9  7  94       
PG03 -13584.622147  -7290.008563  21555.627152   -165.352312  4  5  4  77       
PG04 -22942.068494  -2923.485808  13121.593617   -196.484084  7  6  5  80       
PG05   6704.392344  21233.477907 -14496.177348    -42.104155  6  4  3  81       
PG06  -2161.176673  16571.350524  20687.904119     16.255842  6  5  3  98       
PG07 -19937.687473  -1451.702827 -17377.567168    152.227470  4  6  6  93       
PG08 -16148.074136  -8560.647273 -19387.649671    -21.419654  3  6  4  93       
PG09 -25580.257275   6411.860424   3217.564470   -345.792981  5  5  3  79       
PG10  11668.462880 -21303.295737 -10306.007464   -122.976647  6  3  5  78       
PG12  11927.498730  10416.936769  21094.122020    -41.787488  6  6  6  86       
PG13   6988.104085  13885.888315 -21682.237531    132.643191  6  5  3 105       
PG14 -13005.193336  20587.680524 -10581.973950     85.095422  4  6  4 100       
PG15  17479.465375   7596.764706 -18993.131943   -149.077675  6  6  3  98       
PG16  -1065.530785 -23683.299961 -11736.133500   -325.998319  7  6  7  66       
PG17 -19559.550313  13540.778166  12237.177211    443.166475  4  4  2 102       
PG18  17557.843343  -2229.915644 -19834.083264    350.233201  7  5  6  86       
PG19 -12369.892036  14867.670397  17863.990363      0.661276  7  4  2  96       
PG20  13194.202850  13076.040562 -19079.108512    522.119036  7  5  5  82       
PG21 -21349.366896 -16236.460949    316.877903    118.455333  4  5  5 107       
PG22 -11045.883954 -17056.919534  17389.168775   -613.070295  4  5  4  83       
PG23  15155.046334 -11661.820917 -18432.448758    106.240638  6  3  5 102       
PG24  21782.655250  15460.903720   1622.492896     80.641594  5  7  5  74       
PG25  15645.455428  -3876.819562  20795.447489    138.100906  5  4  4  70       
PG26   3182.515754 -26175.303310  -1566.492122     85.941206  4  5  4  58       
PG27  -4356.083772 -14320.642177 -22112.173571   -130.935728  6  6  2  80       
PG28 -10567.784477  23992.624420  -4346.967651    570.504268  6  5  4 100       
PG29  26040.417225  -4151.441986   3340.135227   -347.920897  4  6  6  51       
PG30 -10953.857939  11242.878711 -21366.668795   -426.728283  6  5  2  89       
PG31    138.228365 -18306.413007  18992.759779   -117.593253  6  4  4  78       
PG32  16974.962809 -15515.796084  13249.450244     21.098177  4  3  3  66       
*  2021  5 16  8 45  0.00000000
PG01 -22240.525564 -14117.494499   4381.633374    687.620867 10  7  3  54       
PG02   7975.847130  19476.249765  16824.579194   -604.652309  6  9  8 100       
PG03 -13109.862446  -9687.123163  20908.290485   -165.361646  4  5  4  63       
PG04 -21458.990836  -3606.949399  15279.177456   -196.485454  6  5  6  83       
PG05   6277.726384  22703.257274 -12246.551391    -42.105157  6  3  3  61       
PG06  -4032.010218  15067.917377  21547.436760     16.259234  7  4  3  94       
PG07 -21299.681485  -2829.167125 -15577.500367    152.237289  4  6  6  88       
PG08 -14054.642332  -9450.252370 -20543.410287    -21.420713  4  6  4  64       
PG09 -25178.443021   5968.647844   5990.931727   -345.795083  5  5  3  77       
PG10  11651.778005 -19942.746662 -12755.148510   -122.983592  7  3  5  71       
PG12  11274.393658  12735.341894  20184.547232    -41.792279  6  6  6  83       
PG13   4583.953163  14432.433764 -21954.972761    132.647540  6  5  3  99       
PG14 -12930.651397  19223.227328 -12974.672463     85.090730  4  5  4  98       
PG15  15591.784997   8674.848772 -20130.242794   -149.075731  6  6  3  96       
PG16   -547.147098 -24761.475406  -9179.595269   -326.003636  7  5  7  79       
PG17 -20751.505695  13727.277885   9719.125012    443.172014  4  4  2  99       
PG18  19126.684603   -705.349278 -18452.879945    350.232393  8  5  6  84       
PG19 -14334.855479  15210.230295  16032.548023      0.665822  6  4  2  89       
PG20  12980.905406  15168.929581 -17645.903462    522.118358  7  5  5  93       
PG21 -21052.144480 -16306.366144  -2500.691998    118.457718  4  4  5  97       
PG22 -10709.993668 -18892.989218  15606.465707   -613.061649  4  5  4  82       
PG23  14948.746362  -9483.675435 -19805.004206    106.237751  6  2  5  83       
PG24  21650.402393  15731.571158  -1158.799206     80.662214  5  6  4  82       
PG25  15283.631232  -1429.252832  21385.280218    138.107320  6  4  4  73       
PG26   3510.934435 -26143.027327   1267.473332     85.945642  5  4  4  32       
PG27  -2018.030786 -15137.295741 -21869.976966   -130.941615  7  5  3  90       
PG28 -10576.713393  23248.888571  -7114.913168    570.499028  6  5  3  91       
PG29  25562.649801  -3827.572597   6170.345486   -347.927260  5  6  6  65       
PG30 -12781.581161   9605.907374 -21170.895200   -426.732765  5  5     72       
PG31   1929.681178 -16901.346971  20196.478464   -117.595301  6  4  3  72       
PG32  18340.469906 -15776.948388  10874.741876     21.097523  4  3  3  40       
*  2021  5 16  9  0  0.00000000
PG01 -22433.942851 -14464.113872   1525.804705    687.610947 10  7  3  73       
PG02   6285.268814  18576.376983  18543.147340   -604.654997  5  8  8  81       
PG03 -12774.704566 -12011.347091  19899.207601   -165.371073  4  6  4  92       
PG04 -19800.026480  -4450.483207  17174.654597   -196.486824  6  5  6  75       
PG05   5946.909834  23928.763249  -9785.897940    -42.106380  6  3  2  88       
PG06  -6044.617976  13626.134830  22037.896153     16.262639  7  4  2 104       
PG07 -22552.824787  -3998.112071 -13508.695474    152.246482  5  6  6  82       
PG08 -11908.604499 -10497.503429 -21348.227171    -21.421750  4  5  3  80       
PG09 -24518.997705   5378.519783   8661.186628   -345.797120  5  5  2  84       
PG10  11676.633612 -18318.024548 -14980.388541   -122.990475  7  3  5  79       
PG12  10770.547390  14961.064270  18921.120123    -41.796901  6  6  6  84       
PG13   2201.995308  15110.062314 -21854.603538    132.651962  6  6  3  90       
PG14 -12884.981484  17602.077792 -15143.902911     85.086041  5  5  4  96       
PG15  13663.772021   9897.143987 -20933.868469   -149.073306  7  6  3  87       
PG16   -145.743297 -25572.817062  -6462.471687   -326.008986  7  4  7  88       
PG17 -21658.984118  13878.284723   7036.660223    443.177034  4  4  1  92       
PG18  20636.944310    625.931260 -16755.073346    350.231479  9  3  7  65       
PG19 -16060.712714  15592.165313  13918.290278      0.670693  6  4  2  78       
PG20  12865.727244  17089.821135 -15911.927334    522.118101  7  5  4  50       
PG21 -20489.649568 -16227.687757  -5276.039545    118.459766  4  5  5 114       
PG22 -10467.631332 -20529.442382  13560.657285   -613.053109  5  5  4  72       
PG23  14845.024076  -7162.632089 -20836.913323    106.234884  6  2  4  84       
PG24  21272.437914  15839.189630  -3920.667834     80.682797  5  6  4  83       
PG25  15042.715084   1077.088796  21597.189928    138.113744  6  4  3  81       
PG26   3817.134344 -25806.604188   4079.237960     85.950015  5  4  3  69       
PG27    231.113285 -16063.091805 -21256.265989   -130.947500  6  5  3  92       
PG28 -10565.566838  22202.336680  -9759.707871    570.493571  6  5  3  95       
PG29  24806.176407  -3373.197904   8894.513348   -347.932774  5  5  7  71       
PG30 -14650.763842   8087.169196 -20609.599650   -426.737204  6  5  2  77       
PG31   3878.863963 -15518.525522  21046.574095   -117.597203  6  3  3  59       
PG32  19436.072616 -15994.772092   8312.128933     21.096866  5  3  3  64       
*  2021  5 16  9 15  0.00000000
PG01 -22377.827957 -14619.573119  -1355.801007    687.601033  9  6  3  82       
PG02   4400.838323  17686.326990  19957.591993   -604.657857  5  7  7  83       
PG03 -12571.053813 -14214.850664  18546.249338   -165.380389  3  5  4  59       
PG04 -18008.108619  -5463.507274  18775.436823   -196.488245  6  5  6  58       
PG05   5682.065136  24882.500253  -7156.217375    -42.107400  6  2  1  83       
PG06  -8162.807324  12280.927953  22151.114153     16.266035  7  4  1  87       
PG07 -23655.859694  -4960.795564 -11208.185159    152.255950  6  6  6  87       
PG08  -9757.024752 -11692.396579 -21787.504401    -21.422280  4  5  3  94       
PG09 -23631.064721   4617.091708  11182.267766   -345.799205  4  5  2  89       
PG10  11775.570047 -16458.398363 -16942.754666   -122.997401  7  4  5  63       
PG12  10407.752747  17046.161626  17326.778000    -41.801440  6  6  6  80       
PG13   -111.277064  15903.892186 -21382.411981    132.656161  6  6  3  76       
PG14 -12900.805744  15751.239580 -17052.379365     85.081358  5  5  5  83       
PG15  11736.911850  11250.970966 -21390.197276   -149.070949  7  6  3  84       
PG16    170.165632 -26091.413297  -3631.829903   -326.014589  7  4  6  80       
PG17 -22276.085542  13952.968983   4234.596526    443.182556  4  4  1 100       
PG18  22043.458265   1757.456280 -14769.885951    350.230622  9  3  7  96       
PG19 -17522.246156  15975.805352  11558.971931      0.675479  6  4  3  65       
PG20  12825.564378  18803.298057 -13907.180327    522.117955  7  5  4  71       
PG21 -19648.521036 -16034.660855  -7961.566871    118.462074  4  5  5 103       
PG22 -10293.428008 -21934.845453  11286.088102   -613.044762  5  5  4  60       
PG23  14861.189054  -4743.356305 -21510.596931    106.231974  6  2  4  98       
PG24  20635.088608  15816.276617  -6616.933627     80.703388  5  6  3  83       
PG25  14930.904720   3592.251516  21428.188456    138.120135  6  4  3  78       
PG26   4136.775360 -25169.718023   6819.540575     85.954452  6  4  2  18       
PG27   2350.188725 -17070.947588 -20280.245383   -130.953384  6  5  4  63       
PG28 -10572.342313  20863.857130 -12234.456695    570.488010  6  5  2  94       
PG29  23799.523415  -2759.380961  11465.720131   -347.938584  5  5  7  68       
PG30 -16520.606743   6709.432421 -19693.185324   -426.741628  6  5  2  75       
PG31   5954.806079 -14195.846912  21529.390414   -117.598882  6  3  3  74       
PG32  20255.179372 -16130.008902   5605.626314     21.096217  5  3  3  33       
*  2021  5 16  9 30  0.00000000
PG01 -22051.126215 -14616.878168  -4214.625732    687.591143  8  5  4  77       
PG02   2349.344877  16841.833262  21046.086898   -604.660605  4  6  7  88       
PG03 -12483.035345 -16253.058372  16873.199995   -165.389738  2  5  4  81       
PG04 -16128.594013  -6647.443751  20053.961573   -196.489608  5  4  6  80       
PG05   5449.377262  25544.627376  -4402.647376    -42.108450  5     1  87       
PG06 -10344.891096  11060.813848  21885.350540     16.269407  7  4     89       
PG07 -24570.478701  -5727.562322  -8716.519077    152.265466  6  6  6  93       
PG08  -7645.345676 -13016.842408 -21852.817606    -21.422887  4  4  2  91       
PG09 -22549.552850   3666.423579  13510.623903   -345.801268  4  4  2  84       
PG10  11975.900349 -14400.265669 -18608.012269   -123.004305  7  4  5  88       
PG12  10169.894838  18946.407754  15430.207257    -41.806033  6  6  6  90       
PG13  -2312.601189  16791.579385 -20545.943637    132.660694  5  7  3  90       
PG14 -13005.947506  13704.650251 -18667.329031     85.076668  5  3  5  93       
PG15   9850.512327  12716.543662 -21490.929311   -149.068383  7  5  3  72       
PG16    436.006720 -26299.700952   -737.160415   -326.019863  7  3  6  72       
PG17 -22605.708144  13911.198381   1360.212840    443.187876  4  4     78       
PG18  23302.096594   2691.207723 -12531.434141    350.229684 10  5  7  51       
PG19 -18703.111558  16320.862161   8996.593172      0.679837  5  4  3  78       
PG20  12832.043988  20279.994373 -11666.110140    522.117389  7  5  4  75       
PG21 -18523.721926 -15764.136710 -10510.320157    118.464142  4  5  6 119       
PG22 -10157.390276 -23084.153329   8820.944446   -613.036170  5  4  4  96       
PG23  15006.928028  -2273.515411 -21814.639889    106.229046  6  2  4  90       
PG24  19732.166134  15698.159962  -9202.692864     80.723956  5  6  4  84       
PG25  14948.174660   6065.828854  20882.163439    138.126546  6  4  4  78       
PG26   4504.299656 -24244.782648   9440.368653     85.958847  6  4  2  51       
PG27   4303.409331 -18127.509703 -18957.322305   -130.959246  6  4  5  76       
PG28 -10632.807005  19253.355616 -14494.662128    570.482766  5  5  2  98       
PG29  22577.857673  -1963.442345  13839.613641   -347.944302  5  4  7  49       
PG30 -18347.930750   5488.021009 -18438.126532   -426.746028  6  6  3  96       
PG31   8120.496275 -12965.845623  21637.840237   -117.600813  7  2  3  48       
PG32  20799.884061 -16144.198359   2801.919043     21.095619  5  3  3  66       
*  2021  5 16  9 45  0.00000000
PG01 -21440.621616 -14493.182351  -7002.772803    687.581295  7  5  4  89       
PG02    163.664414  16073.794550  21791.998531   -604.663365  5  6  7  92       
PG03 -12487.732609 -18086.193928  14909.314443   -165.399077  2  5  4  83       
PG04 -14207.619383  -7995.483196  20988.166679   -196.490953  5  4  7  59       
PG05   5212.585335  25903.691975  -1572.694549    -42.109302  5        82       
PG06 -12545.120046   9986.915452  21245.308756     16.272795  6  4     85       
PG07 -25262.738488  -6316.156879  -6077.007633    152.275066  7  6  6  96       
PG08  -5615.790585 -14445.202235 -21542.117062    -21.425239  4  4  2  86       
PG09 -21313.788151   2515.927636  15605.975260   -345.803310  4  4  2  86       
PG10  12298.498005 -12185.858568 -19947.285809   -123.011229  7  4  5  75       
PG12  10033.759334  20622.852522  13265.263042    -41.810580  6  5  6  98       
PG13  -4363.407034  17744.114086 -19358.916814    132.664976  6  7  3  88       
PG14 -13222.235974  11502.023036 -19961.051001     85.071987  5  3  5  94       
PG15   8040.384091  14267.537811 -21233.445975   -149.066204  6  5  3  79       
PG16    689.550409 -26189.217801   2170.526235   -326.025341  7  2  6  67       
PG17 -22659.406566  13715.241240  -1537.491496    443.193267  3  3     90       
PG18  24371.417363   3437.342746 -10078.144799    350.228779 10  6  7  80       
PG19 -19596.269555  16586.153273   6276.578603      0.684471  5  4  3  80       
PG20  12852.743238  21497.537794  -9227.027773    522.116952  6  5  4  81       
PG21 -17119.045091 -15454.072867 -12876.828200    118.466920  4  5  6  91       
PG22 -10026.175982 -23959.543476   6206.661439   -613.027456  5  4  3  73       
PG23  15283.893956    197.864835 -21743.974807    106.226155  6  3  4  94       
PG24  18565.295330  15521.513753 -11634.991513     80.744518  5  6  5  76       
PG25  15086.336792   8448.758526  19969.740902    138.132981  6  3  3  88       
PG26   4951.362312 -23052.505638  11895.844874     85.963258  6  3  1  54       
PG27   6061.576150 -19194.363862 -17308.936172   -130.965157  6  4  5  76       
PG28 -10778.886081  17399.219853 -16499.117698    570.477559  5  6  2  90       
PG29  21181.651138   -970.045100  15975.178634   -347.950029  5  4  7  63       
PG30 -20088.728040   4430.417222 -16866.637881   -426.750463  6  5  3  86       
PG31  10334.184220 -11854.540688  21371.440359   -117.602634  7  3  3  64       
PG32  21080.766628 -16001.327215    -50.448400     21.094977  5  3  3  65       
*  2021  5 16 10  0  0.00000000
PG01 -20541.497483 -14288.224276  -9673.744043    687.571563  5  6  5 107       
PG02  -2118.277541  15407.206992  22184.041218   -604.666222  5  5  6 104       
PG03 -12556.206978 -19680.639910  12688.783823   -165.408407  1  5  5  70       
PG04 -12290.437524  -9492.673925  21561.873476   -196.492357  4  4  7  75       
PG05   4934.586956  25957.051336   1284.591475    -42.110287  6     1  69       
PG06 -14715.274797   9072.269603  20242.046322     16.276123  6  4     96       
PG07 -25704.296907  -6750.772436  -3334.954411    152.284186  7  6  6  96       
PG08  -3705.884662 -15945.130673 -20859.826084    -21.427125  4  4  2  85       
PG09 -19966.004687   1162.992566  17432.021322   -345.805335  4  4  2  83       
PG10  12756.858128  -9861.727190 -20937.569670   -123.018134  6  4  5  83       
PG12   9970.124636  22043.167471  10870.302919    -41.815435  7  4  6  89       
PG13  -6231.107839  18726.886152 -17841.032601    132.669294  6  7  3  96       
PG14 -13564.554764   9187.478432 -20911.386184     85.067345  5  3  4  81       
PG15   6337.644660  15871.907221 -20620.910480   -149.063821  6  5  4  88       
PG16    969.194854 -25761.003858   5039.660001   -326.030523  7  2  5  68       
PG17 -22456.925640  13331.415626  -4408.602531    443.198759  2  3     83       
PG18  25214.228977   4013.601950  -7452.100749    350.227910 10  6  7  13       
PG19 -20204.046360  16731.358772   3446.902869      0.688868  5  4  4  76       
PG20  12852.563740  22441.236029  -6631.470594    522.116390  6  5  4  69       
PG21 -15447.300039 -15141.941643 -15017.976959    118.468778  4  5  6  78       
PG22  -9864.506988 -24550.995640   3487.276307   -613.018997  5  4  3  60       
PG23  15685.617855   2622.090998 -21299.957706    106.223274  6  3  4  86       
PG24  17143.967693  15322.863434 -13873.463056     80.765091  4  6  5  86       
PG25  15329.444093  10695.051194  18708.015091    138.139436  6  3  4  88       
PG26   5505.378336 -21621.131971  14143.071005     85.967686  6  3  2  50       
PG27   7603.051862 -20229.466897 -15362.281796   -130.971046  6  4  5  87       
PG28 -11037.181638  15337.437456 -18210.776177    570.471876  4  6  2  92       
PG29  19655.150224    228.003261  17835.453582   -347.955934  5  4  7  64       
PG30 -21699.745928   3536.175820 -15006.251035   -426.754882  6  5  4  99       
PG31  12550.858508 -10880.566621  20736.223015   -117.604630  7  3  3  54       
PG32  21116.367212 -15669.401274  -2901.928056     21.094316  5  3  2  80       
*  2021  5 16 10 15  0.00000000
PG01 -19357.596334 -14042.692994 -12183.141593    687.561830  5  6  6  67       
PG02  -4454.705511  14860.317635  22216.375373   -604.669251  5  4  6 106       
PG03 -12654.756507 -21010.061245  10250.121021   -165.417751     4  5  71       
PG04 -10419.796321 -11116.332325  21765.071617   -196.493717  4  5  7  83       
PG05   4579.091537  25710.961816   4119.486756    -42.111529  5     1  92       
PG06 -16806.357629   8321.454273  18892.782011     16.279515  5  4     93       
PG07 -25873.433000  -7060.879321   -536.890901    152.294199  7  6  6  85       
PG08  -1947.153057 -17478.696699 -19816.828726    -21.427570  4  3  3  74       
PG09 -18549.732433   -386.702114  18957.081962   -345.807271  4  3  2  79       
PG10  13356.469747  -7477.063832 -21562.119510   -123.025034  6  4  6  82       
PG12   9945.088967  23182.727029   8287.451702    -41.819962  7  4  6  96       
PG13  -7890.169133  19700.982359 -16017.685710    132.673722  5  7  3 100       
PG14 -14040.171063   6808.014164 -21502.090877     85.062640  6  4  4  74       
PG15   4767.688536  17492.924241 -19662.294582   -149.061688  6  5  4  83       
PG16   1312.205782 -25025.627339   7819.106826   -326.035852  7  2  5  76       
PG17 -22025.418606  12731.618145  -7203.148015    443.203660  1  4  1  75       
PG18  25799.001978   4444.425923  -4698.325795    350.226933 10  7  7  71       
PG19 -20537.827252  16718.737432    557.184507      0.693215  5  4  4  80       
PG20  12795.210051  23104.484063  -3923.521963    522.117106  6  4  4  88       
PG21 -13530.155042 -14863.117917 -16893.901626    118.471665  5  5  6 103       
PG22  -9636.668173 -24856.594680    708.734612   -613.010431  5  3  3  81       
PG23  16197.746131   4952.476047 -20490.335154    106.220367  6  3  4  93       
PG24  15485.320115  15137.112084 -15880.925455     80.785631  4  5  6  77       
PG25  15654.515378  12763.381661  17120.156647    138.145878  6  3  4  89       
PG26   6188.246747 -19985.398682  16142.910687     85.972081  6  3  3  53       
PG27   8914.454173 -21188.750746 -13149.924087   -130.976967  6  3  5  76       
PG28 -11427.691172  13110.391751 -19597.566860    570.466594  4  6  1  70       
PG29  18044.708464   1629.264639  19388.180705   -347.961721  6  4  6  71       
PG30 -23140.043061   2797.148899 -12889.308946   -426.759329  7  5  4  85       
PG31  14723.839985 -10054.614939  19744.532365   -117.606472  7  2  4  51       
PG32  20932.352478 -15121.875190  -5702.853583     21.093653  5  3  2  79       
*  2021  5 16 10 30  0.00000000
PG01 -17901.373528 -13796.578839 -14489.328722    687.552109  7  7  7  48       
PG02  -6801.317678  14444.022103  21888.652325   -604.672264  5  4  5  96       
PG03 -12746.362855 -22056.251504   7635.478129   -165.427184     3  5  79       
PG04  -8634.422408 -12836.759747  21594.100317   -196.495070  3  5  7  69       
PG05   4112.255591  25180.328133   6882.487966    -42.112303  6     1  86       
PG06 -18770.320932   7730.547919  17220.603216     16.282899  4  4  1  87       
PG07 -25755.819616  -7279.882334   2270.175241    152.303488  7  5  6  85       
PG08   -364.048452 -19003.743919 -18430.342602    -21.428642  4  3  3  86       
PG09 -17108.144987  -2119.195655  20154.659834   -345.809355  4  3  2  72       
PG10  14094.523160  -5081.936884 -21810.717961   -123.031929  5  4  6  96       
PG12   9921.575030  24025.387493   5561.815180    -41.824716  7  2  5  81       
PG13  -9322.914714  20624.668735 -13919.577696    132.678001  6  7  3  78       
PG14 -14648.371203   4411.872015 -21723.108233     85.057973  6  5  4  61       
PG15   3349.361485  19090.412982 -18372.326355   -149.059280  5  5  5  84       
PG16   1752.988704 -24002.827884  10459.174139   -326.041035  6  2  4  66       
PG17 -21398.371781  11894.667533  -9871.990561    443.209427     4  1  79       
PG18  26101.076562   4759.814751  -1864.021011    350.226044 10  7  6  75       
PG19 -20617.402053  16514.732255  -2342.230764      0.697476  5  4  4  80       
PG20  12644.717441  23488.879449  -1149.096708    522.116018  6  4  3  60       
PG21 -11397.621428 -14649.313423 -18468.872924    118.474203  5  5  5 105       
PG22  -9308.038153 -24882.543346  -2081.842832   -613.001858  6  2  2  75       
PG23  16798.593715   7145.933683 -19329.104094    106.217491  6  3  4  90       
PG24  13613.647560  14996.138442 -17623.933043     80.806157  4  5  6  81       
PG25  16032.545717  14618.480752  15234.912866    138.152286  6  2  4  85       
PG26   7015.304556 -18185.244141  17860.694478     85.976524  6  3  4  33       
PG27   9991.036107 -22027.839454 -10709.304932   -130.982903  6  3  4  79       
PG28 -11962.788780  10765.376745 -20633.135035    570.461025  3  6  1  73       
PG29  16397.046635   3223.521026  20606.377215   -347.967641  6  4  6  71       
PG30 -24372.459652   2198.008783 -10552.388215   -426.763790  7  5  4  69       
PG31  16806.426759  -9379.200856  18414.716370   -117.608636  7  2  4  46       
PG32  20560.405817 -14338.880629  -8404.336927     21.092999  5  3  2  89       
*  2021  5 16 10 45  0.00000000
PG01 -16193.549060 -13587.567360 -16554.044723    687.542312  8  7  7 102       
PG02  -9112.692573  14161.522569  21206.007862   -604.674968  4  4  5  99       
PG03 -12792.268793 -22809.672075   4889.908897   -165.436575  2  3  5  74       
PG04  -6967.667292 -14618.239868  21051.722406   -196.496404  3  5  7  76       
PG05   3504.232470  24388.119561   9525.215312    -42.113185  6  2  1  85       
PG06 -20561.767881   7287.421593  15254.078177     16.286346  3  4  2  84       
PG07 -25345.027959  -7443.659622   5039.489414    152.313038  6  5  5  87       
PG08   1026.847289 -20475.440165 -16723.674666    -21.430270  4  3  3  85       
PG09 -15682.431524  -4012.581079  21003.913226   -345.811412  3  3  2  80       
PG10  14959.961725  -2725.506456 -21679.811998   -123.038752  4  5  6  98       
PG12   9860.949348  24563.939053   2740.660253    -41.829229  7  1  5  87       
PG13 -10520.037088  21455.003617 -11582.235670    132.681816  6  6  3  94       
PG14 -15380.416545   2046.863759 -21570.733577     85.053322  6  5  4  83       
PG15   2094.371750  20622.136440 -16771.353737   -149.056844  5  5  5  96       
PG16   2321.470548 -22720.787455  12912.599695   -326.046547  6  1  4  77       
PG17 -20614.270773  10807.402581 -12367.740870    443.215046  1  3  2  71       
PG18  26103.619822   4993.974861   1002.235299    350.225136  9  7  6  77       
PG19 -20469.995873  16091.402012  -5201.177322      0.702215  5  5  4  75       
PG20  12366.972777  23604.042828   1644.798184    522.116002  6  3  3  79       
PG21  -9087.182596 -14527.128375 -19712.150021    118.476571  4  5  5  84       
PG22  -8846.595077 -24642.881764  -4836.923534   -612.993265  6     2  80       
PG23  17459.991314   9164.433095 -17836.267156    106.214582  6  3  4  95       
PG24  11559.666527  14927.514594 -19073.279375     80.826651  4  5  6  88       
PG25  16429.756097  16232.276273  13086.015734    138.158712  6  1  3  96       
PG26   7994.553259 -16264.325757  19266.832915     85.980999  5  3  5  71       
PG27  10836.732395 -22703.813502  -8082.145595   -130.988804  6  3  4  84       
PG28 -12646.522760   8352.888009 -21297.476994    570.455931  4  7  1  95       
PG29  14757.507677   4991.969791  21468.816931   -347.973520  7  4  6  86       
PG30 -25364.947602   1717.045393  -8035.660733   -426.768225  7  4  4  95       
PG31  18753.527428  -8848.756529  16770.725698   -117.610281  7  2  4  64       
PG32  20036.884951 -13308.200868 -10959.158099     21.092424  4  3  2  79       
*  2021  5 16 11  0  0.00000000
PG01 -14262.471294 -13449.531517 -18342.969627    687.532576  8  7  7  89       
PG02 -11343.736241  14008.255574  20179.005219   -604.677940  4  4  5  96       
PG03 -12753.624309 -23269.666289   2060.589611   -165.445884  2  2  5  74       
PG04  -5446.367813 -16420.279482  20147.089165   -196.497738  3  5  7  72       
PG05   2730.571523  23364.473882  12001.304253    -42.114284  6  3     78       
PG06 -22139.561903   6972.352102  13026.778996     16.289746  4  5  2  85       
PG07 -24642.753049  -7589.037256   7725.249899    152.322243  6  4  5  80       
PG08   2217.312757 -21847.957751 -14725.860312    -21.430565  4  2  3  70       
PG09 -14310.256715  -6037.654213  21490.030212   -345.813541  3  3  2  71       
PG10  15933.872863   -454.293232 -21172.522559   -123.045663  4  4  6  96       
PG12   9724.690655  24800.219692   -127.421682    -41.833993  7  2  5  77       
PG13 -11480.790510  22149.521053  -9045.441470    132.686349  6  6  3  87       
PG14 -16219.821183   -241.280200 -21047.671327     85.048726  7  6  4  84       
PG15   1006.964217  22045.291991 -14885.118831   -149.054747  4  5  5  78       
PG16   3041.663960 -21215.057230  15135.496609   -326.051922  6  1  4  71       
PG17 -19715.055918   9465.481364 -14645.671306    443.220204  3  4  3  68       
PG18  25798.296128   5183.805579   3851.310947    350.224240  9  7  6  98       
PG19 -20129.030336  15427.624379  -7970.549293      0.706501  5  5  5  64       
PG20  11931.172835  23467.151035   4410.818303    522.115461  6  3  3  83       
PG21  -6642.587435 -14516.791165 -20598.769016    118.478704  5  5  5  86       
PG22  -8224.340683 -24158.920871  -7509.347408   -612.984972  6     2  74       
PG23  18148.393944  10976.259689 -16037.487866    106.211705  6  2  4  70       
PG24   9359.553812  14953.387403 -20204.446953     80.847181  4  5  5  84       
PG25  16809.027380  17584.743378  10711.514512    138.165126  6  2  3  85       
PG26   9126.188520 -14268.407407  20337.326036     85.985486  5  3  5  66       
PG27  11463.864044 -23176.951438  -5313.751169   -130.994649  6  4  4  59       
PG28 -13474.270041   5924.759789 -21577.445626    570.450535  4  7     80       
PG29  13168.374198   6907.757947  21960.412909   -347.979160  7  4  6  77       
PG30 -26091.712322   1327.204858  -5382.206029   -426.772676  7  4  4  89       
PG31  20523.221660  -8450.039781  14841.631990   -117.612208  7  2  4  55       
PG32  19401.300680 -12025.949956 -13322.629206     21.091790  4  3  2  73       
*  2021  5 16 11 15  0.00000000
PG01 -12143.215528 -13411.173589 -19826.234952    687.522698  8  6  7  74       
PG02 -13451.126313  13972.092582  18823.526797   -604.680767  4  3  4  97       
PG03 -12593.137433 -23444.343129   -803.987945   -165.455359  3  2  5  66       
PG04  -4089.964694 -18199.046221  18895.595695   -196.499072  2  6  6  65       
PG05   1773.407187  22145.523523  14267.266359    -42.115089  5  3  2  79       
PG06 -23468.284799   6758.932626  10576.722559     16.293015  5  5  3  54       
PG07 -23658.758350  -7752.253444  10283.273202    152.332207  5  4  4  93       
PG08   3207.645190 -23076.218956 -12471.188881    -21.431640  4  2  3  77       
PG09 -13024.368983  -8158.852884  21604.496687   -345.815582  3  3  3  66       
PG10  16990.199013   1689.431518 -20298.530075   -123.052518  4  5  5  89       
PG12   9476.041740  24744.893170  -2993.352388    -41.838641  7  3  5  67       
PG13 -12212.856436  22667.920262  -6352.578159    132.690432  6  6  2  89       
PG14 -17142.940646  -2410.476954 -20162.983014     85.044101  8  6  5  90       
PG15     83.875427  23318.063904 -12744.438725   -149.052000  5  4  4  70       
PG16   3930.479705 -19527.185569  17088.228320   -326.057216  6  2  4  85       
PG17 -18744.425901   7873.839350 -16664.607724    443.225259  4  3  3  72       
PG18  25185.624865   5367.283882   6634.353116    350.223334  9  7  6 106       
PG19 -19632.669938  14510.027210 -10603.136672      0.711040  5  5  5  74       
PG20  11311.166544  23102.200106   7102.042508    522.115314  6  3  3  78       
PG21  -4112.346457 -14631.152808 -21110.234325    118.481386  5  5  4  88       
PG22  -7418.587471 -23458.407533 -10053.120225   -612.976247  6     1  52       
PG23  18826.208055  12557.034833 -13963.651579    106.208850  6  2  4  80       
PG24   7053.792093  15089.562764 -20997.999576     80.867750  4  5  4  84       
PG25  17131.457887  18664.437668   8153.050091    138.171540  5  3  2  94       
PG26  10402.450548 -12243.682611  21054.160846     85.990034  5  3  5  71       
PG27  11892.507213 -23412.377232  -2452.226934   -131.000578  5  5  3  84       
PG28 -14432.771442   3532.229063 -21467.105051    570.445145  5  7     68       
PG29  11667.314190   8936.836412  22072.493418   -347.984738  7  4  5  77       
PG30 -26534.125612    997.327776  -2637.285768   -426.777124  7  4  5  89       
PG31  22078.192004  -8162.835819  12661.077982   -117.614274  7  2  4  69       
PG32  18694.678452 -10496.926672 -15453.414158     21.091158  4  3  2  90       
*  2021  5 16 11 30  0.00000000
PG01  -9876.448018 -13494.863145 -20978.876662    687.512792  7  6  7  91       
PG02 -15394.709072  14033.809310  17160.612471   -604.683618  4  3  5  95       
PG03 -12276.666410 -23350.137566  -3654.837878   -165.464765  3  2  5  77       
PG04  -2909.913237 -19908.948766  17318.628373   -196.500360  3  6  6  65       
PG05    622.386826  20771.990537  16283.299925    -42.115979  5  4  2  87       
PG06 -24519.488847   6615.246110   7945.737617     16.296401  6  5  4  85       
PG07 -22410.546532  -7967.464651  12671.621312    152.341766  4  4  4  87       
PG08   4006.477682 -24117.637136  -9998.621683    -21.432919  5  1  3  84       
PG09 -11851.411763 -10335.450798  21345.252847   -345.817670  3  4  3  53       
PG10  18096.736584   3669.073118 -19073.842218   -123.059403  4  4  5  86       
PG12   9081.581708  24416.905917  -5808.391259    -41.843403  7  4  4  42       
PG13 -12731.883747  22973.695327  -3549.902814    132.694519  6  6  2  92       
PG14 -18119.848810  -4423.712897 -18931.927645     85.039430  9  5  6  94       
PG15   -685.421978  24401.177075 -10384.789905   -149.049809  5  4  4  84       
PG16   4996.841145 -17703.106712  18736.189366   -326.062500  6  2  4  60       
PG17 -17746.057775   6046.777292 -18387.775852    443.230830  5  2  4  91       
PG18  24275.011503   5581.809725   9303.617892    350.222511  9  7  5  99       
PG19 -19022.214801  13333.616627 -13054.404537      0.715666  6  4  5  74       
PG20  10486.631615  22539.024813   9672.730021    522.114596  6  3  3  93       
PG21  -1547.987257 -14874.994143 -21235.080506    118.483577  6  5  3 106       
PG22  -6413.057659 -22574.449403 -12424.204108   -612.967637  5     1  64       
PG23  19453.286295  13890.456737 -11650.339402    106.205965  6  2  3  75       
PG24   4685.860094  15344.825740 -21439.912665     80.888341  4  5  3  89       
PG25  17357.981029  19468.697802   5455.088074    138.177922  4  4  2  99       
PG26  11807.799080 -10235.101107  21405.591233     85.994535  6  4  5  77       
PG27  12149.546934 -23381.543480    452.380052   -131.006485  5  5  3  69       
PG28 -15500.553188   1224.013495 -20967.917700    570.439548  5  6  1  92       
PG29  10286.015782  11039.102564  21802.965472   -347.990934  8  4  5  93       
PG30 -26681.377755    693.538902    152.408206   -426.781600  7  3  5  96       
PG31  23386.977270  -7960.919627  10266.671708   -117.616103  7  2  4  88       
PG32  17957.869690  -8734.627067 -17314.286300     21.090508  4  4  3  78       
*  2021  5 16 11 45  0.00000000
PG01  -7507.093541 -13715.711296 -21781.226484    687.502871  6  5  7  89       
PG02 -17138.805912  14167.812948  15216.241231   -604.686652  4  3  5  96       
PG03 -11774.692694 -23011.066618  -6443.302597   -165.474172  3  2  4  81       
PG04  -1909.409049 -21504.299361  15443.207776   -196.501668  3  6  6  69       
PG05   -724.703039  19287.607386  18014.031900    -42.116852  4  4  2  74       
PG06 -25272.695640   6505.256869   5178.767449     16.299804  7  5  5  77       
PG07 -20922.771284  -8265.343006  14851.188283    152.351472  4  4  4  84       
PG08   4630.260016 -24933.782641  -7351.111671    -21.434329  5  2  3  81       
PG09 -10810.984424 -12522.960424  20716.734795   -345.819724  3  4  3  65       
PG10  19216.379870   5454.904922 -17520.452421   -123.066274  4  4  4  62       
PG12   8512.660474  23842.649116  -8524.933968    -41.847819  7  5  4  69       
PG13 -13060.718908  23035.640326   -685.756676    132.698792  5  6  1  84       
PG14 -19115.469257  -6250.267663 -17375.697324     85.034733  9  5  6  76       
PG15  -1318.187225  25259.393330  -7845.795286   -149.047415  5  4  4  32       
PG16   6241.140369 -15791.361359  20050.471171   -326.067889  6  2  5  72       
PG17 -16761.818007   4007.665605 -19783.577801    443.236006  5  2  4  87       
PG18  23084.450325   5862.575893  11813.282444    350.221642  9  6  6  99       
PG19 -18340.404936  11902.083352 -15283.204621      0.720120  6  5  5  77       
PG20   9444.041537  21812.109950  12079.064181    522.114389  6  3  3  97       
PG21    997.857518 -15244.690502 -20969.274732    118.485616  6  5  2  97       
PG22  -5198.748434 -21544.237251 -14581.291696   -612.959319  5     1  70       
PG23  19988.532578  14968.735154  -9137.223673    106.203077  6  2  2  77       
PG24   2300.810487  15720.522601 -21521.836449     80.908924  5  5  3  93       
PG25  17450.979231  20003.517582   2664.126773    138.184276  4  5  2  90       
PG26  13319.403375  -8284.765205  21386.297905     85.999081  6  3  5  92       
PG27  12267.450507 -23063.485512   3348.997485   -131.012354  5  5  2  81       
PG28 -16648.720311   -955.508313 -20088.753429    570.434514  6  6  2  81       
PG29   9049.064599  13169.787840  21156.362154   -347.996220  8  4  5  87       
PG30 -26530.846669    380.735204   2939.521142   -426.786075  7  3  5 102       
PG31  24425.005641  -7813.238468   7699.336503   -117.618106  7  3  4  85       
PG32  17229.882151  -6760.913727 -18872.807618     21.089845  3  3  3  78       
*  2021  5 16 12  0  0.00000000
PG01  -5082.850730 -14080.914257 -22219.237459    687.492851  4  5  6  88       
PG02 -18653.386802  14343.109176  13021.051863   -604.689203  5  3  5  96       
PG03 -11063.619273 -22457.711264  -9121.863415   -165.483563  4  2  4  47       
PG04  -1083.439559 -22940.994798  13301.532359   -196.503030  3  6  5  80       
PG05  -2261.639706  17737.428249  19429.174245    -42.118156  4  5  3  70       
PG06 -25716.103629   6390.367515   2323.118558     16.303197  8  5  5  96       
PG07 -19226.412399  -8671.810418  16786.244273    152.361344  3  4  5  72       
PG08   5102.422001 -25491.904564  -4574.836986    -21.435506  5  3  2  69       
PG09  -9914.989656 -14674.690748  19729.800122   -345.821762  3  4  4  52       
PG10  20308.558108   7024.981588 -15665.899517   -123.073147  4  4  4  79       
PG12   7746.643924  23054.862202 -11097.274463    -41.852229  6  6  4  49       
PG13 -13228.353848  22829.168812   2190.274280    132.703221  5  5  1  87       
PG14 -20090.917589  -7866.694364 -15521.052708     85.030026  9  4  6  93       
PG15  -1837.604856  25862.890837  -5170.615379   -149.045094  5  4  3  67       
PG16   7655.059112 -13841.227800  21008.396360   -326.073426  6  2  5  70       
PG17 -15830.042179   1788.269204 -20826.274816    443.241432  5  2  4  89       
PG18  21639.909551   6241.025510  14120.226428    350.220817  8  6  8 103       
PG19 -17629.702178  10227.781479 -17252.411093      0.724786  6  5  5  82       
PG20   8177.385927  20959.236032  14279.872962    522.114426  6  4  2  86       
PG21   3473.443197 -15728.261337 -20316.435192    118.488902  6  5  2  91       
PG22  -3774.525750 -20407.611116 -16486.549762   -612.950570  5     2  66       
PG23  20391.555938  15792.704131  -6467.394803    106.200152  6  2  2  69       
PG24    -56.216999  16210.422863 -21241.286515     80.929507  5  5  4  96       
PG25  17375.832694  20283.099968   -172.104892    138.190654  3  5  1  79       
PG26  14907.924950  -6430.458221  20997.428730     86.003620  6  3  5  93       
PG27  12282.808630 -22445.789819   6186.482941   -131.018199  4  5  1  74       
PG28 -17842.088175  -2967.929756 -18845.717435    570.428612  6  6  3 101       
PG29   7973.107837  15281.037204  20143.772145   -348.002054  8  4  5  82       
PG30 -26088.172249     24.116258   5676.807106   -426.790541  6  3  5 100       
PG31  25175.374521  -7685.267480   5002.627693   -117.620095  7  3  4  86       
PG32  16546.297782  -4605.354409 -20101.915194     21.089206  3  3  4  56       
*  2021  5 16 12 15  0.00000000
PG01  -2652.604633 -14589.391016 -22284.739205    687.482910  3  5  6  83       
PG02 -19915.070330  14524.483562  10609.997887   -604.692199  6  3  5  97       
PG03 -10126.845768 -21725.964230 -11644.927083   -165.492968  4  3  3  33       
PG04   -419.159482 -24178.151012  10930.430018   -196.504338  4  6  5  91       
PG05  -3973.809950  16166.100400  20504.080112    -42.119556  3  5  2  65       
PG06 -25846.977033   6231.081890   -572.333142     16.306571  8  5  5  87       
PG07 -17357.742710  -9206.950032  18444.935439    152.371063  3  4  4  69       
PG08   5452.252115 -25766.244452  -1718.363345    -21.437368  5  4  2  80       
PG09  -9167.292717 -16743.399478  18401.538590   -345.823796  3  4  4  43       
PG10  21330.807364   8365.743640 -13542.740113   -123.080052  4  4  3  68       
PG12   6767.926448  22091.322180 -13482.321084    -41.857124  6  6  3  29       
PG13 -13268.631234  22337.392885   5028.233416    132.707264  5  5  1  80       
PG14 -21005.003111  -9257.519519 -13399.864437     85.025337  9  4  5  81       
PG15  -2271.728373  26188.468766  -2405.248244   -149.042915  5  4  3  63       
PG16   9221.760129 -11900.845638  21593.910068   -326.078719  6  2  5  42       
PG17 -14983.959978   -572.285166 -21496.554098    443.246831  5  2  3  88       
PG18  19974.421632   6743.457101  16184.769599    350.219970  8  6  8 105       
PG19 -16930.614527   8331.386120 -18929.474768      0.729263  7  4  5  73       
PG20   6688.615562  20020.008288  16237.316152    522.113485  5  4  2  88       
PG21   5829.892094 -16305.811891 -19287.848085    118.491192  7  5  2  97       
PG22  -2147.418573 -19205.523830 -18106.317487   -612.941886  4  1  1  83       
PG23  20624.309687  16371.609186  -3686.630345    106.197219  6  2  2  73       
PG24  -2341.496588  16800.870648 -20601.755842     80.950114  5  5  5  88       
PG25  17102.346025  20329.116760  -3005.446087    138.197022  3  6     82       
PG26  16538.559393  -4704.360711  20246.522506     86.008075  6  3  4  75       
PG27  12234.703777 -21525.231627   8914.595682   -131.024113  4  5     70       
PG28 -19040.600522  -4782.186691 -17261.801218    570.423450  6  5  3 102       
PG29   7066.337904  17323.619519  18782.652099   -348.007872  8  4  4  91       
PG30 -25367.034557   -409.300027   8317.894645   -426.795088  6  3  5  88       
PG31  25629.353558  -7540.486765   2222.026043   -117.622068  7  3  3  83       
PG32  15937.842687  -2304.256587 -20980.402887     21.088568  2  4  5  88       
*  2021  5 16 12 30  0.00000000
PG01   -264.789810 -15231.730958 -21975.618000    687.472968  3  5  6  70       
PG02 -20907.913049  14673.864468   8021.931846   -604.694963  6  3  5  82       
PG03  -8955.580367 -20855.591831 -13969.576741   -165.502344  4  3  3  73       
PG04    103.424328 -25179.627759   8370.726476   -196.505704  4  7  4  87       
PG05  -5838.597078  14616.166878  21220.187848    -42.120542  3  5  2  69       
PG06 -25671.700530   5988.710343  -3457.966279     16.309982  7  5  5  84       
PG07 -15357.121121  -9884.130084  19799.737987    152.380501  3  5  5  71       
PG08   5713.536823 -25739.086200   1168.247237    -21.438415  6  5  2  85       
PG09  -8563.705496 -18682.975409  16754.971258   -345.825852  3  5  4  66       
PG10  22240.414996   9472.295337 -11187.946229   -123.086988  5  4  4  73       
PG12   5568.676750  20993.369517 -15640.259236    -41.861725  6  6  2  71       
PG13 -13218.757283  21551.915968   7778.685632    132.711322  5  5     48       
PG14 -21815.832212 -10415.636830 -11048.568185     85.020611  9  4  5  82       
PG15  -2652.210286  26220.523526    402.253630   -149.040520  5  4  2  76       
PG16  10916.437294 -10015.413075  21797.821943   -326.084036  7  2  5  65       
PG17 -14250.337135  -3028.859468 -21781.960460    443.252382  4  3  2  94       
PG18  18126.912739   7389.831643  17971.353203    350.219145  8  6  8  96       
PG19 -16280.123900   6241.247733 -20286.892083      0.733892  7  4  5  73       
PG20   4987.792822  19034.322510  17917.528954    522.113249  4  4  2  80       
PG21   8023.060867 -16950.352060 -17902.275085    118.494430  7  4  2  83       
PG22   -332.596548 -17978.460791 -19411.744325   -612.933379  3  2  1  58       
PG23  20652.652861  16722.577586   -842.618185    106.194377  5  2  2  61       
PG24  -4514.179084  17471.225270 -19612.742299     80.970639  5  5  6  84       
PG25  16606.002067  20169.707490  -5788.087453    138.203346  4  6     72       
PG26  18172.293890  -3132.001653  19147.321396     86.012595  6  2  3  57       
PG27  12162.974226 -20308.050442  11484.961695   -131.029948  4  4     74       
PG28 -20200.967668  -6375.603356 -15366.368283    570.418088  6  4  2  89       
PG29   6328.315833  19248.702336  17096.524787   -348.013504  8  4  4  73       
PG30 -24388.644896   -949.232490  10818.036216   -426.799580  5  3  6  93       
PG31  25786.597059  -7341.925540   -595.782878   -117.624348  7  4  3  68       
PG32  15429.167131    100.562866 -21493.288997     21.087818  2  4  5  91       
*  2021  5 16 12 45  0.00000000
PG01   2034.240034 -15990.457536 -21295.916454    687.463024  2  5  6  83       
PG02 -21623.955190  14751.827169   5299.114572   -604.697908  7  3  5  77       
PG03  -7549.358533 -19888.664555 -16056.276546   -165.511727  4  3  2  67       
PG04    510.485376 -25915.383857   5666.541148   -196.507150  4  7  4  78       
PG05  -7826.093443  13126.469971  21565.343948    -42.121019  3  5  2  63       
PG06 -25205.496613   5627.051696  -6284.255004     16.313391  6  5  5 108       
PG07 -13267.650724 -10709.369045  20827.864355    152.390410  3  5  5  75       
PG08   5923.016799 -25401.497228   4034.362043    -21.439437  6  5  2  66       
PG09  -8092.295368 -20450.085405  14818.643615   -345.827960  3  5  5  77       
PG10  22996.073064  10348.350721  -8642.241131   -123.093901  5  4  4  52       
PG12   4149.292881  19804.325737 -17535.154401    -41.866456  6  6  2  49       
PG13 -13117.681015  20473.304404  10393.610038    132.715578  5  5  1  55       
PG14 -22482.451834 -11342.380580  -8507.542368     85.015839  9  5  4  71       
PG15  -3012.865640  25951.749919   3202.637507   -149.038069  5  3  2  53       
PG16  12707.196432  -8225.533535  21617.897865   -326.089474  7  3  5  68       
PG17 -13648.396800  -5531.917070 -21677.177732    443.257706  4  3  2  92       
PG18  16140.815453   8192.828493  19449.153585    350.218412  7  6  8  93       
PG19 -15710.272773   3992.471058 -21302.586918      0.738395  7  4  4  83       
PG20   3092.938518  18040.824227  19291.211660    522.112832  4  4  1  74       
PG21  10015.202627 -17628.955727 -16185.553498    118.496406  6  4  3  88       
PG22   1646.973644 -16764.878009 -20379.352675   -612.924605  2  3  1  71       
PG23  20447.773782  16869.792437   2015.853494    106.191499  5  2  2  71       
PG24  -6537.663290  18194.580967 -18289.685737     80.991201  5  5  6  84       
PG25  15868.999951  19838.259185  -8473.328980    138.209702  3  5  1  39       
PG26  19767.329508  -1731.481492  17719.479186     86.017099  5  3  3  87       
PG27  12106.447905 -18809.848385  13852.007902   -131.035811  4  4     45       
PG28 -21278.447637  -7734.568769 -13194.492865    570.412620  6  4  2  90       
PG29   5750.141134  21009.621934  15114.568184   -348.019414  8  4  4  77       
PG30 -23180.968894  -1620.815993  13134.831605   -426.804103  4  4  6 106       
PG31  25655.061858  -7053.717824  -3403.635106   -117.625989  6  4  3  85       
PG32  15037.884289   2563.222825 -21632.063563     21.087191  2  4  5  67       
*  2021  5 16 13  0  0.00000000
PG01   4201.778867 -16840.603784 -20255.847354    687.452980  3  5  6  97       
PG02 -22063.495508  14719.191796   2486.646184   -604.700749  8  4  5  81       
PG03  -5916.249257 -18867.915415 -17869.520118   -165.521080  4  3  2  50       
PG04    833.165380 -26362.609782   2864.522661   -196.508542  4  7  4  71       
PG05  -9900.108680  11730.720310  21533.999314    -42.122481  4  5  2  67       
PG06 -24471.815436   5113.986725  -9002.613347     16.316868  5  5  6 113       
PG07 -11133.744925 -11680.964125  21511.618782    152.399897  4  5  5  71       
PG08   6118.724522 -24753.729146   6829.716902    -21.440066  5  4  1  66       
PG09  -7734.005861 -22005.721797  12626.120322   -345.829998  3  5  5  82       
PG10  23559.478065  11005.855185  -5949.386409   -123.100772  5  4  4  52       
PG12   2518.552784  18567.860334 -19135.490482    -41.871346  5  7  1  94       
PG13 -13004.405073  19111.215845  12827.274694    132.720136  4  5  1  71       
PG14 -22966.469780 -12047.276661  -5820.418859     85.011089  9  5  3  92       
PG15  -3388.125473  25383.530322   5946.359851   -149.035768  5  3  2  83       
PG16  14556.224570  -6565.778589  21058.805249   -326.094681  7  3  6  52       
PG17 -13189.070213  -8029.328429 -21184.149821    443.263425  4  3  2  97       
PG18  14062.516991   9157.187658  20592.617386    350.217572  7  6  8  97       
PG19 -15246.958001   1625.755291 -21960.204730      0.742983  7  4  4  89       
PG20   1029.576948  17075.418811  20334.155086    522.112182  3  4  1  79       
PG21  11776.340679 -18304.203941 -14170.001926    118.498725  6  4  3 101       
PG22   3761.185038 -15599.721094 -20991.511225   -612.916259  2  3  1  88       
PG23  19987.420616  16843.402555   4839.726165    106.188594  5  2  2  71       
PG24  -8380.824770  18938.745490 -16653.809296     81.011772  6  5  6  82       
PG25  14881.043142  19372.014940 -11016.303744    138.216057  3  5  1  96       
PG26  21280.611886   -512.992682  15988.174032     86.021595  5  3  3  74       
PG27  12101.222346 -17055.113153  15973.841854   -131.041617  4  3     39       
PG28 -22228.686964  -8854.818153 -10786.175524    570.407147  6  3  2 103       
PG29   5314.960921  22563.579356  12871.102893   -348.024946  7  4  4  67       
PG30 -21777.709994  -2443.453785  15228.915875   -426.808583  4  4  6  79       
PG31  25250.636265  -6642.614769  -6154.612867   -117.628312  6  4  4  72       
PG32  14773.905216   5035.379322 -21394.811947     21.086543  2  4  6  96       
*  2021  5 16 13 15  0.00000000
PG01   6200.215066 -17750.584813 -18871.716348    687.443023  3  6  6  68       
PG02 -22235.075343  14538.661196   -368.182417   -604.703616  8  4  6  62       
PG03  -4072.741048 -17835.087463 -19378.413775   -165.530364  4  3     80       
PG04   1106.165276 -26506.592940     13.037601   -196.509923  5  7  4  62       
PG05 -12019.431584  10456.288685  21127.276579    -42.123758  4  6  2  81       
PG06 -23501.419123   4422.920855 -11566.228775     16.320401  4  5  6 101       
PG07  -8999.647575 -12789.397906  21838.698748    152.409600  4  5  5  65       
PG08   6338.273086 -23805.260778   9505.347888    -21.440710  5  4  1  53       
PG09  -7463.563673 -23316.589970  10215.391158   -345.832050  3  5  4  84       
PG10  23896.817679  11464.301726  -3155.433156   -123.107719  5  4  4  58       
PG12    693.457095  17326.365247 -20414.639399    -41.876000  5  7  1  74       
PG13 -12916.296905  17484.176428  15037.074910    132.724408  4  5  2  78       
PG14 -23233.589462 -12547.481519  -3033.338153     85.006395  8  6  3  90       
PG15  -3811.444023  24525.987275   8584.531529   -149.033658  5  3  2  55       
PG16  16421.193702  -5063.522426  20131.920167   -326.100281  8  3  5  42       
PG17 -12874.610844 -10468.290682 -20312.037031    443.268686  4  3  2  88       
PG18  11939.701759  10279.365078  21381.908917    350.216702  6  6  7  93       
PG19 -14908.971847   -813.960722 -22249.319475      0.747379  7  4  4  80       
PG20  -1170.007944  16169.889182  21027.691598    522.112122  3  4     68       
PG21  13285.287172 -18935.839121 -11893.654117    118.501046  6  4  4  95       
PG22   5973.738902 -14513.085884 -21236.806070   -612.907407  2  3  1  89       
PG23  19256.891075  16678.210204   7580.507068    106.185705  4  3  3  80       
PG24 -10019.053700  19667.447017 -14731.860551     81.032295  6  5  7  84       
PG25  13639.852651  18810.563699 -13374.660316    138.222410  3  4     67       
PG26  22669.410925    521.348544  13983.635482     86.026153  5  3  3  71       
PG27  12179.065344 -15076.384596  17813.054715   -131.047456  4  3     55       
PG28 -23009.536815  -9741.314383  -8185.463314    570.401786  6  3  2 101       
PG29   4998.797588  23873.196091  10404.987318   -348.030651  8  4  4  66       
PG30 -20217.090153  -3429.885779  17064.602731   -426.813097  3  4  5  81       
PG31  24596.494973  -6079.400812  -8802.760328   -117.630451  6  4  5  64       
PG32  14639.094822   7467.918772 -20786.214341     21.085952  2  5  6  70       
*  2021  5 16 13 30  0.00000000
PG01   7998.303927 -18683.341639 -17165.748570    687.433089  3  6  6  78       
PG02 -22155.160857  14176.439381  -3216.616162   -604.706494  8  4  6  89       
PG03  -2043.311448 -16829.332000 -20557.186460   -165.539714  4  2     93       
PG04   1366.195139 -26341.281311  -2838.672931   -196.511299  5  7  4  83       
PG05 -14139.293307   9323.267612  20352.909467    -42.124865  5  6  2  52       
PG06 -22331.194607   3534.019096 -13930.870734     16.323996  3  5  7  71       
PG07  -6907.955145 -14017.530007  21802.437740    152.419293  3  5  5  79       
PG08   6617.168163 -22574.481963  12014.494531    -21.442628  5  4     34       
PG09  -7250.635254 -24356.282364   7628.199424   -345.834109  3  5  4  93       
PG10  23980.090489  11749.771745   -307.949658   -123.114590  4  4  4  62       
PG12  -1301.228870  16119.394053 -21351.258558    -41.880788  4  7     82       
PG13 -12887.469669  15619.013371  16984.316982    132.728449  3  5  2  65       
PG14 -23254.999837 -12866.931279   -194.161450     85.001660  7  7  3  93       
PG15  -4313.728067  23397.689232  11069.876206   -149.031091  5  3  2  57       
PG16  18256.836716  -3738.089312  18855.008058   -326.105537  8  4  6  62       
PG17 -12698.588621 -12797.276417 -19077.009181    443.274127  4  3  2  93       
PG18   9819.651198  11547.515668  21803.261593    350.215910  5  6  6  91       
PG19 -14707.321073  -3278.998996 -22165.554484      0.751865  6  4  4  83       
PG20  -3467.781457  15350.674794  21359.061976    522.111700  3  4     77       
PG21  14530.260784 -19482.546284  -9399.351863    118.503739  5  4  4 111       
PG22   8243.351066 -13529.076697 -21110.298510   -612.898998  3  3  2  93       
PG23  18249.742402  16412.187334  10191.097538    106.182819  5  3  3  70       
PG24 -11435.058738  20341.729042 -12555.749590     81.052875  6  4  6  85       
PG25  12151.390332  18194.266299 -15509.197924    138.228748  3  3     76       
PG26  23892.889395   1377.357427  11740.596364     86.030739  4  3  2  80       
PG27  12366.005537 -12913.100178  19337.427658   -131.053307  4  4  1  63       
PG28 -23582.763820 -10407.744375  -5439.504432    570.396281  6  3  2 100       
PG29   4771.661518  24907.868537   7758.931907   -348.036644  7  4  4  48       
PG30 -18540.471724  -4585.508090  18610.474505   -426.817594  2  4  5  59       
PG31  23722.203408  -5340.164383 -11303.783889   -117.632235  6  5  5  72       
PG32  14627.260118   9812.675558 -19817.423638     21.085380  3  5  6  85       
*  2021  5 16 13 45  0.00000000
PG01   9572.216056 -19597.720064 -15165.815143    687.423160  4  7  6  80       
PG02 -21847.522808  13603.767400  -6009.235623   -604.709103  8  5  6  91       
PG03    140.304766 -15885.717064 -21385.619121   -165.549079  4  1  1  63       
PG04   1650.344493 -25869.523015  -5641.353555   -196.512595  4  7  4  80       
PG05 -16212.971805   8343.837754  19225.058290    -42.126037  5  6  3  75       
PG06 -21002.739711   2435.183834 -16055.660007     16.327475  5  5  7  94       
PG07  -4898.190080 -15341.072410  21401.983882    152.428686  4  5  6  70       
PG08   6987.213768 -21088.032061  14313.454537    -21.444455  4  3  1  44       
PG09  -7061.186262 -25106.193606   4909.305559   -345.836242  3  5  4  70       
PG10  23788.211659  11893.739529   2544.762547   -123.121485  4  5  5  45       
PG12  -3433.717167  14982.220223 -21929.613281    -41.885581  4  7     62       
PG13 -12947.299793  13549.964129  18634.930295    132.732917  4  5  2  62       
PG14 -23008.566744 -13035.234354   2648.347142     84.997000  6  6  3  94       
PG15  -4921.858119  22025.014971  13357.677034   -149.028707  5  4  2  70       
PG16  20016.627986  -2600.240536  17251.792444   -326.111019  8  5  5  59       
PG17 -12646.262381 -14967.925865 -17501.882931    443.280009  5  3  3 102       
PG18   7747.565730  12941.806292  21849.226834    350.215072  5  5  5  84       
PG19 -14644.845177  -5720.535483 -21710.618857      0.756544  6  4  4  76       
PG20  -5821.197796  14637.860553  21321.688974    522.111273  4  4     60       
PG21  15509.081034 -19903.772000  -6733.733750    118.506016  4  4  4  89       
PG22  10525.170549 -12664.910834 -20613.660701   -612.890400  3  3  2  83       
PG23  16968.193420  16084.877619  12626.599596    106.179964  5  3  3  71       
PG24 -12619.400987  20921.483930 -10162.083200     81.073528  6  4  7  88       
PG25  10429.786975  17562.673717 -17384.449406    138.235169  3  4  1  80       
PG26  24913.601846   2068.332867   9297.680596     86.035196  4  4  2  65       
PG27  12681.173155 -10610.169065  20520.525069   -131.059096  4  4  1  58       
PG28 -23915.583036 -10875.663435  -2597.567626    570.390906  6  4  2 103       
PG29   4598.903973  25644.868427   4978.745406   -348.042610  7  4  4  71       
PG30 -16790.870241  -5907.970475  19839.910316   -426.822074  1  5  4  59       
PG31  22662.602861  -4407.378749 -13615.730603   -117.634176  6  5  6  78       
PG32  14724.468252  12024.106402 -18505.826710     21.084748  3  5  6  64       
*  2021  5 16 14  0  0.00000000
PG01  10906.318023 -20450.038280 -12905.056866    687.413221  6  7  5  99       
PG02 -21342.325166  12798.311821  -8696.821008   -604.711902  8  4  7 127       
PG03   2440.122572 -15033.901752 -21849.387234   -165.558403  4     2  73       
PG04   1994.437788 -25102.972088  -8346.595807   -196.513952  4  7  4  91       
PG05 -18193.472439   7521.961079  17764.008409    -42.127120  5  6  3  56       
PG06 -19560.776006   1122.735604 -17903.785028     16.330967  5  5  7  81       
PG07  -3005.474328 -16729.338305  20642.407993    152.438359  3  6  6  77       
PG08   7475.077975 -19379.821880  16362.371741    -21.445166  4  3  1  73       
PG09  -6858.989338 -25556.141941   2105.699886   -345.838312  3  5  4 102       
PG10  23307.865952  11931.687248   5354.453079   -123.128366  4  5  5  76       
PG12  -5666.197416  13944.564570 -22139.821582    -41.890309  4  7     53       
PG13 -13119.142635  11317.497009  19960.092291    132.737134  4  4  2  64       
PG14 -22479.779384 -13086.350751   5445.354487     84.992230  5  6  3  82       
PG15  -5657.368874  20441.198422  15406.685489   -149.026497  5  4  3  67       
PG16  21654.499356  -1652.012130  15351.427794   -326.116397  8  6  5  89       
PG17 -12695.310520 -16936.800333 -15615.616104    443.285213  5  3  3 102       
PG18   5764.972999  14435.048133  21518.815405    350.214218  6  5  4  89       
PG19 -14716.144872  -8090.230302 -20892.261080      0.760857  6  4  4  94       
PG20  -8184.626652  14044.417265  20915.349386    522.111220  4  4     64       
PG21  16228.940960 -20161.492534  -3946.159632    118.508533  4  4  4 102       
PG22  12772.355060 -11930.308286 -19755.183131   -612.881743  4  3  3  95       
PG23  15423.202039  15735.746076  14845.087094    106.177098  4  3  3  82       
PG24 -13570.731243  21367.068123  -7591.596907     81.094101  6  4  6  88       
PG25   8496.979542  16952.992744 -18969.207750    138.241536  3  4  1  66       
PG26  25698.868840   2614.327412   6696.738209     86.039678  3  5  2  75       
PG27  13135.939434  -8216.336416  21342.161750   -131.064929  4  5     71       
PG28 -23981.951965 -11173.335834    289.944660    570.385562  5  4  3 103       
PG29   4442.755748  26070.146549   2112.527388   -348.048559  7  5  4  69       
PG30 -15011.412008  -7387.068642  20731.544264   -426.826544  2  5  2  43       
PG31  21456.514760  -3270.754632 -15699.638286   -117.636033  6  5  6  96       
PG32  14909.678505  14060.856616 -16874.696439     21.084140  3  5  5  27       
*  2021  5 16 14 15  0.00000000
PG01  11993.649988 -21195.787866 -10421.404269    687.403282  7  8  5  95       
PG02 -20674.946682  11745.342069 -11231.266764   -604.714638  8  4  7  94       
PG03   4813.152862 -14297.026022 -21940.311071   -165.567644  3  1  3  86       
PG04   2431.440454 -24061.663995 -10907.684426   -196.515257  4  7  5  94       
PG05 -20035.217600   6853.408841  15995.760894    -42.128166  5  6  4  48       
PG06 -18051.449472   -398.231662 -19443.152068     16.334359  5  5  7  84       
PG07  -1259.350646 -18146.245360  19534.733994    152.447882  3  6  5  73       
PG08   8101.077202 -17489.780950  18125.941254    -21.447404  4  3  1  70       
PG09  -6607.219926 -25704.673783   -734.220758   -345.840401  3  5  3  99       
PG10  22534.078911  11901.583189   8073.697162   -123.135283  4  6  5  49       
PG12  -7956.060857  13029.536342 -21978.018830    -41.894880  4  7  2  75       
PG13 -13419.299463   8966.890319  20936.752871    132.741463  4  4  2  23       
PG14 -21662.414990 -13057.109482   8148.794265     84.987533  4  5  3  98       
PG15  -6535.350350  18685.091452  17179.966238   -149.024259  5  5  3  66       
PG16  23126.523578   -886.899841  13187.893560   -326.122204  8  6  5  70       
PG17 -12816.883101 -18666.922646 -13452.676402    443.290987  5  3  3 109       
PG18   3908.283518  15993.625506  20817.527937    350.213391  6  4  4  94       
PG19 -14907.821736 -10341.839119 -19724.141657      0.765316  6  4  5  88       
PG20 -10510.914710  13575.726282  20146.237742    522.110486  4  4     68       
PG21  16705.782644 -20221.849043  -1087.610952    118.510859  4  5  4 109       
PG22  14937.740415 -11327.193763 -18549.651055   -612.873036  4  4  3  90       
PG23  13634.214055  15402.540218  16808.328226    106.174288  5  3  4  81       
PG24 -14295.714584  21640.936216  -4888.489696     81.114616  6  4  6  96       
PG25   6382.071114  16398.652091 -20236.992459    138.247932  3  4  2  77       
PG26  26221.976890   3041.165753   3982.138881     86.044124  3  6  2  80       
PG27  13733.389116  -5782.408120  21788.735529   -131.070736  4  5     48       
PG28 -23763.578355 -11334.331485   3172.463069    570.380070  5  4  3 109       
PG29   4263.989898  26178.809018   -790.177673   -348.054208  7  5  4  78       
PG30 -13243.792806  -9004.938067  21269.645969   -426.831022  2  5     55       
PG31  20145.308383  -1927.833318 -17520.150726   -117.637956  6  5  6  84       
PG32  15155.660124  15887.158620 -14952.743758     21.083469  3  5  5  53       
*  2021  5 16 14 30  0.00000000
PG01  12836.075214 -21791.405248  -7756.995654    687.393352  8  9  5 104       
PG02 -19884.572608  10438.637067 -13566.528319   -604.717620  8  4  7 105       
PG03   7212.842854 -13690.857894 -21656.509277   -165.577066  4  2  3  98       
PG04   2989.978936 -22773.277494 -13280.413135   -196.516597  4  6  5  99       
PG05 -21695.678969   6326.118714  13951.526518    -42.129601  5  6  4  96       
PG06 -16520.584302  -2113.837078 -20646.956985     16.337763  5  6  7  87       
PG07    317.203629 -19551.545123  18095.884118    152.457475  2  6  5  97       
PG08   8878.227676 -15462.383142  19574.018502    -21.449002  4  4  1  86       
PG09  -6270.076709 -25559.040830  -3561.497234   -345.842422  3  5  2  96       
PG10  21470.487238  11842.279971  10656.650350   -123.142392  3  6  5  59       
PG12 -10257.306629  12252.825471 -21446.439916    -41.899833  5  7  2  94       
PG13 -13856.278329   6546.627337  21548.047327    132.745960  4  3  2  36       
PG14 -20558.895497 -12985.621742  10712.190596     84.982759  4  4  4  95       
PG15  -7563.621603  16799.696426  18645.653197   -149.021667  5  5  3  60       
PG16  24392.501304   -290.374273  10799.326425   -326.127494  7  7  4  84       
PG17 -12976.924362 -20129.041925 -11052.305432    443.296557  5  3  4 106       
PG18   2207.549333  17578.686528  19757.273196    350.212584  6  5  5  75       
PG19 -15199.019964 -12432.750526 -18225.626448      0.769901  5  3  5  97       
PG20 -12753.023531  13229.410523  19026.916390    522.110374  4  4  1  49       
PG21  16963.319743 -20056.578758   1790.395378    118.513232  4  5  4 114       
PG22  16975.535963 -10849.724996 -17018.090457   -612.864714  4  4  3  86       
PG23  11628.591580  15119.726386  18482.446874    106.171448  5  3  4  77       
PG24 -14808.638669  21709.227629  -2099.669672     81.135211  5  4  6 107       
PG25   4120.435797  15928.018247 -21166.452242    138.254406  4  4  2  57       
PG26  26463.161522   3379.250997   1200.035095     86.048579  3  6  2  90       
PG27  14468.145106  -3359.411189  21853.421032   -131.076518  3  6     78       
PG28 -23250.609736 -11395.946320   6000.175469    570.374916  5  4  3  99       
PG29   4023.642117  25975.248398  -3679.248885   -348.060052  7  5  3  72       
PG30 -11526.794543 -10736.545138  21444.416254   -426.835491  2  5  1  68       
PG31  18771.381088   -384.297052 -19046.091058   -117.639755  5  5  5  84       
PG32  15430.156863  17474.010658 -12773.580574     21.082807  3  5  5  77       
*  2021  5 16 14 45  0.00000000
PG01  13444.088385 -22196.045241  -4957.497653    687.383451  8  9  5  87       
PG02 -19012.607187   8881.069672 -15659.578031   -604.720410  7  5  7  91       
PG03   9590.658549 -13223.230863 -21002.452360   -165.586364  4  3  3  88       
PG04   3693.033559 -21272.111817 -15423.854978   -196.517984  3  6  5  88       
PG05 -23136.889579   5920.862330  11667.135732    -42.130554  4  6  4  82       
PG06 -15011.957632  -4001.743753 -21494.167450     16.341160  4  6  7  91       
PG07   1708.530092 -20902.241204  16348.531489    152.467162  2  6  5  80       
PG08   9811.600679 -13345.012106  20682.121821    -21.450105  4  4     77       
PG09  -5814.362570 -25134.852060  -6327.457759   -345.844472  3  5  2  76       
PG10  20129.299938  11791.891585  13059.774489   -123.149265  3  6  4  53       
PG12 -12522.082348  11622.175512 -20553.416626    -41.904300  5  7  3  83       
PG13 -14430.378916   4106.671948  21783.589673    132.750158  4  2  3  44       
PG14 -19180.321794 -12909.651572  13091.455382     84.978022  3  4  4 106       
PG15  -8742.216339  14830.532130  19777.594603   -149.019102  4  5  3  61       
PG16  25417.394100    159.302887   8227.307239   -326.132797  7  8  4  98       
PG17 -13137.703389 -21302.574464  -8457.701330    443.301967  5  4  4 111       
PG18    685.473732  19147.550654  18356.174577    350.211774  5  6  5  74       
PG19 -15562.251483 -14325.396694 -16421.502424      0.774454  5  4  5  64       
PG20 -14865.680963  12995.482215  17576.148762    522.110377  4  5  1  66       
PG21  17031.766628 -19644.185599   4636.846382    118.515785  5  6  4 117       
PG22  18842.976344 -10484.647094 -15187.387705   -612.856371  5  5  3  87       
PG23   9440.741849  14917.062182  19838.511253    106.168557  4  3  4  71       
PG24 -15130.715426  21543.238965    726.077424     81.155733  5  4  5  77       
PG25   1752.598855  15563.305518 -21741.700535    138.260834  4  4  2  60       
PG26  26410.339127   3662.204945  -1602.394171     86.053022  3  7  3  91       
PG27  15326.548455   -996.766385  21536.224605   -131.082350  3  6  1  75       
PG28 -22441.988043 -11397.517678   8724.890132    570.369726  4  4  3 109       
PG29   3684.720325  25472.925746  -6504.863827   -348.065901  6  6  3  56       
PG30  -9894.915334 -12550.460631  21252.191403   -426.839932  2  5  3  62       
PG31  17376.603692   1346.017598 -20250.985931   -117.641736  5  5  5  72       
PG32  15697.250143  18800.093056 -10375.105592     21.082202  3  5  5  80       
*  2021  5 16 15  0  0.00000000
PG01  13836.282988 -22373.285249  -2071.336144    687.373543  8 10  4  99       
PG02 -18100.968925   7084.828774 -17471.343242   -604.723059  6  5  7  81       
PG03  11897.751431 -12893.793783 -19988.913819   -165.595651  3  4  3  90       
PG04   4556.856125 -19597.819365 -17301.073271   -196.519373  2  6  5  72       
PG05 -24326.778761   5612.192542   9182.378211    -42.131499  4  5  5  92       
PG06 -13565.662511  -6031.823625 -21969.906074     16.344537  3  6  7  72       
PG07   2906.776074 -22154.150284  14320.853223    152.476544  2  6  4  90       
PG08  10898.004929 -11186.233495  21431.821408    -21.451263  3  5     66       
PG09  -5210.963924 -24455.415640  -8984.557767   -345.846515  3  5     95       
PG10  18530.952490  11786.208333  15242.526414   -123.156166  2  7  4  66       
PG12 -14702.306131  11137.157735 -19313.288099    -41.909279  5  7  4  66       
PG13 -15133.617668   1696.694513  21639.641257    132.754426  5  2  3  77       
PG14 -17546.183484 -12865.007437  15245.645771     84.973292  3  4  4  99       
PG15 -10063.204879  12823.905086  20555.868701   -149.016933  4  5  3  64       
PG16  26172.554073    490.000700   5516.117989   -326.138466  7  8  4  98       
PG17 -13259.483230 -22176.188620  -5715.144337    443.307393  5  4  4 102       
PG18   -643.289596  20655.279389  16638.267314    350.210926  4  7  5  64       
PG19 -15964.476431 -15988.488423 -14341.617574      0.778939  5  4  5  96       
PG20 -16806.981228  12856.805056  15818.615033    522.109326  4  4  2  98       
PG21  16946.344182 -18970.810015   7402.198693    118.518070  6  6  5 121       
PG22  20501.861308 -10211.958473 -13089.790608   -612.847724  4  5  3  86       
PG23   7110.978606  14818.360792  20853.039418    106.165742  5  3  4  76       
PG24 -15289.099481  21120.717565   3538.981351     81.176242  5  4  5  75       
PG25   -677.070559  15319.718563 -21952.580256    138.267266  4  5  2  53       
PG26  26059.562525   3925.393911  -4377.708709     86.057437  3  7  2  80       
PG27  16287.181345   1259.452756  20843.904299   -131.088126  3  6  2  66       
PG28 -21345.467434 -11378.706102  11300.824332    570.364104  4  4  3  97       
PG29   3213.835802  24693.813426  -9218.363839   -348.071632  6  6  3  72       
PG30  -8377.165055 -14409.889866  20695.550251   -426.844343  2  5  4  81       
PG31  16000.785639   3241.408218 -21113.532590   -117.643475  4  5  4  53       
PG32  15918.865749  19852.390199  -7798.825888     21.081541  3  5  4  85       
*  2021  5 16 15 15  0.00000000
PG01  14038.492270 -22292.688677    851.151077    687.363614  8 10  4  94       
PG02 -17190.340572   5071.254162 -18967.596508   -604.725855  5  5  6  68       
PG03  14086.647957 -12694.084221 -18632.817873   -165.605068  3  4  3  91       
PG04   5590.155114 -17793.943607 -18879.760496   -196.520757  2  6  5  56       
PG05 -25240.281092   5369.629426   6540.286177    -42.132315  3  5  5  93       
PG06 -12216.623284  -8167.132264 -22065.726443     16.347953  3  7  7  70       
PG07   3912.088728 -23263.552129  12046.178491    152.486040  3  6  4 100       
PG08  12126.005528  -9034.043423  21811.010513    -21.453323  3  5  1  85       
PG09  -4436.170638 -23550.797723 -11487.195281   -345.848506  3  5     96       
PG10  16703.466737  11857.207075  17168.001448   -123.163050  2  7  4  88       
PG12 -16751.313638  10789.257024 -17746.222503    -41.914012  6  7  4  72       
PG13 -15949.995123   -635.680875  21119.152601    132.758859  5  2  3  49       
PG14 -15683.754530 -12884.017327  17137.668754     84.968478  2  5  5  97       
PG15 -11510.860620  10825.162844  20967.156364   -149.014275  3  6  3  58       
PG16  26636.710067    734.425838   2711.982671   -326.143705  6  9  4 100       
PG17 -13302.255020 -22748.018579  -2873.089563    443.312850  5  3  4  87       
PG18  -1772.520673  22056.349732  14633.090838    350.210134  3  8  5  79       
PG19 -16368.402501 -17398.030992 -12020.446928      0.783416  4  4  5  90       
PG20 -18539.869587  12789.855511  13784.512039    522.109222  4  4  3  95       
PG21  16745.637756 -18030.774870  10039.250313    118.520764  6  7  5 118       
PG22  21919.919904 -10005.860149 -10762.301948   -612.839536  4  6  3  62       
PG23   4684.158738  14840.495762  21508.412538    106.162834  4  3  4  82       
PG24 -15315.660027  20426.917507   6289.223298     81.196721  4  4  4  88       
PG25  -3121.810450  15204.858516 -21794.854013    138.273693  4  5  2  53       
PG26  25415.185047   4204.395082  -7078.971126     86.061852  3  7  2  96       
PG27  17321.706401   3368.105879  19789.762242   -131.093939  2  7  3  90       
PG28 -19977.306937 -11377.811834  13685.309135    570.358332  3  3  3 103       
PG29   2582.691675  23667.521795 -11773.094170   -348.077401  5  6  3  73       
PG30  -6996.073145 -16273.923938  19783.319388   -426.848726  2  6  5  83       
PG31  14680.215126   5272.891616 -21618.000544   -117.645502  4  5  4  55       
PG32  16056.364395  20626.498186  -5089.127547     21.080892  3  5  4  88       
*  2021  5 16 15 30  0.00000000
PG01  14082.632792 -21931.159384   3758.624871    687.353766  7  9  4 101       
PG02 -16318.451979   2870.277148 -20119.766486   -604.728790  5  5  5  57       
PG03  16112.898851 -12607.924233 -16956.984121   -165.614398  3  5  3  93       
PG04   6793.580729 -15906.319384 -20132.793980   -196.522055  3  6  6  92       
PG05 -25860.180115   5159.035726   3786.375801    -42.133627  2  5  5  90       
PG06 -10993.321893 -10365.157340 -21779.776074     16.351291  3  7  7  67       
PG07   4732.500122 -24188.868284   9562.528037    152.495664  3  6  3 109       
PG08  13476.275075  -6934.162058  21814.057684    -21.454708  3  5  2  78       
PG09  -3472.785360 -22456.635879 -13792.487861   -345.850554  4  4  1 107       
PG10  14681.539157  12031.710765  18803.524120   -123.169942  2  7  3  93       
PG12 -18625.471815  10562.269775 -15877.948636    -41.918684  6  7  4  85       
PG13 -16856.093106  -2846.538059  20231.679433    132.762990  5  3  3  72       
PG14 -13627.197217 -12994.146901  18734.920793     84.963767  1  5  5  79       
PG15 -13062.162518   8877.006194  21004.962292   -149.012159  2  5  2  58       
PG16  26796.680544    928.667177   -137.695692   -326.149122  5  9  4  94       
PG17 -13227.463713 -23025.508523     18.750015    443.318534  5  4  4 101       
PG18  -2704.485651  23306.365581  12375.182805    350.209226  4  9  5  92       
PG19 -16733.958926 -18538.083770  -9496.587069      0.788170  4  4  5  94       
PG20 -20033.450927  12765.755160  11509.042272    522.108632  4  5  3  83       
PG21  16469.883515 -16826.800377  12503.905340    118.523070  6  7  5  97       
PG22  23071.943044  -9835.947787  -8245.979551   -612.830695  4  6  3  86       
PG23   2208.145569  14992.685570  21793.188330    106.159970  4  3  4  66       
PG24 -15245.555024  19455.368241   8927.892912     81.217288  4  4  4  74       
PG25  -5534.012112  15218.415700 -21270.315730    138.280099  5  5  3  62       
PG26  24489.728210   4533.460065  -9660.499839     86.066232  3  7  2  78       
PG27  18395.983115   5294.356643  18393.319568   -131.099763  2  7  2  98       
PG28 -18361.661110 -11430.188676  15839.405290    570.353496  3  3  2  76       
PG29   1769.370596  22430.145087 -14125.204275   -348.083312  5  6  3  77       
PG30  -5766.948209 -18098.967397  18530.473066   -426.853146  3  6  6  93       
PG31  13446.328152   7405.069972 -21754.559087   -117.647316  4  6  3  73       
PG32  16072.154301  21126.610280  -2292.508803     21.080253  3  5  4  96       
*  2021  5 16 15 45  0.00000000
PG01  14005.293590 -21274.025616   6599.700176    687.343893  6  8  3  94       
PG02 -15518.476214    519.479775 -20905.638300   -604.731623  4  5  5  91       
PG03  17936.625999 -12612.125445 -14989.771033   -165.623720  3  5  4  90       
PG04   8159.530040 -13981.397939 -21038.698933   -196.523388  4  6  5  69       
PG05 -26177.658435   4944.126223    967.860813    -42.134416  2  5  5  94       
PG06  -9916.785434 -12579.293389 -21116.842278     16.354688  3  7  6  82       
PG07   5383.498467 -24892.304419   6912.044445    152.505167  4  6  2 111       
PG08  14922.259337  -4928.437880  21441.841520    -21.456462  4  6  3  72       
PG09  -2310.979544 -21212.754068 -15860.998262   -345.852591  4  4  1 100       
PG10  12505.389411  12330.246183  20121.178894   -123.176789  3  6  3  80       
PG12 -20285.700847  10433.003150 -13739.396908    -41.923459  5  7  5 101       
PG13 -17821.975835  -4897.174239  18993.176748    132.767305  5  4  4  82       
PG14 -11416.408061 -13216.814679  20009.851463     84.959001  2  5  5  89       
PG15 -14687.609153   7017.933438  20669.682025   -149.009589  2  5  2  85       
PG16  26647.793750   1110.634351  -2985.091446   -326.154649  4  9  4  97       
PG17 -12999.655472 -23024.904188   2910.309356    443.323636  4  4  5 101       
PG18  -3449.655552  24363.740434   9903.483189    350.208357  5 10  5  99       
PG19 -17019.894318 -19401.234490  -6812.182186      0.792404  4  4  4  63       
PG20 -21264.067906  12751.534125   9031.799781    522.108851  4  5  4  73       
PG21  16159.256195 -15369.895765  14755.825102    118.525122  5  7  5 117       
PG22  23940.638633  -9668.595371  -5585.159475   -612.822488  4  6  3  80       
PG23   -267.842934  15276.086599  21702.308664    106.157155  4  3  4  78       
PG24 -15115.666934  18208.317913  11407.942724     81.237761  3  4  4  86       
PG25  -7866.808753  15352.162841 -20386.819599    138.286512  4  5  4  80       
PG26  23303.458337   4944.032054 -12078.601570     86.070662  2  6     81       
PG27  19471.411855   7010.778931  16679.886204   -131.105613  2  7  3 104       
PG28 -16529.701517 -11566.810297  17728.428629    570.348176  2  3  2  84       
PG29    759.371665  21022.872479 -16234.394623   -348.089225  5  6  3  67       
PG30  -4697.420119 -19840.290128  16957.925949   -426.857565  3  6  6 100       
PG31  12324.557425   9597.252241 -21519.521762   -117.649393  4  6  3  62       
PG32  15931.264036  21365.184476    543.210983     21.079620  3  5  4  90       
*  2021  5 16 16  0  0.00000000
PG01  13846.126655 -20315.801962   9323.924920    687.333985  6  6  4  71       
PG02 -14817.617021  -1937.193955 -21309.914612   -604.734453  3  5  4 102       
PG03  19523.907748 -12677.478341 -12764.621787   -165.633058  2  6  4  91       
PG04   9672.279898 -12064.561679 -21582.011256   -196.524696  4  5  5  78       
PG05 -26192.537320   4688.051675  -1867.148066    -42.135615  2  5  5  91       
PG06  -8999.875141 -14760.486220 -20088.279211     16.358051  3  6  7  84       
PG07   5887.293204 -25341.388966   4140.315948    152.514585  4  6  1 117       
PG08  16431.127886  -3053.422264  20701.671721    -21.457540  4  6  3  88       
PG09   -948.863546 -19861.633276 -17657.397156   -345.854575  4  3  2 100       
PG10  10219.409329  12766.142127  21098.273969   -123.183670  3  6  3 105       
PG12 -21698.847555  10372.254058 -11366.250304    -41.928149  4  6  5  99       
PG13 -18812.356843  -6755.391095  17425.677326    132.771684  5  4  4  97       
PG14  -9095.649249 -13566.450736  20940.441325     84.954301  3  5  5  72       
PG15 -16352.305641   5280.882281  19968.517464   -149.007263  1  4  1  64       
PG16  26194.006208   1318.448026  -5782.697272   -326.159925  3  9  3 105       
PG17 -12587.983087 -22770.422507   5752.047677    443.329485  4  4  5  84       
PG18  -4026.102548  25191.285543   7260.658686    350.207539  5 10  5  98       
PG19 -17185.442244 -19988.768044  -4012.285671      0.797066  4  4  4  89       
PG20 -22216.103092  12711.575108   6396.063837    522.108105  4  5  4  73       
PG21  15852.224951 -13678.947761  16758.964829    118.527262  5  6  5 113       
PG22  24517.175819  -9468.471373  -2826.620739   -612.813923  3  6  3  72       
PG23  -2694.938126  15683.711193  21237.197139    106.154303  4  3  4  82       
PG24 -14962.966821  16696.827683  13685.115154     81.258201  3  4  4  89       
PG25 -10075.651571  15590.253045 -19158.222220    138.292883  5  5  4  93       
PG26  21883.687511   5463.371013 -14292.274171     86.075073  2  6     78       
PG27  20506.448324   8498.161189  14680.039295   -131.111477  1  7  3 105       
PG28 -14518.509184 -11813.035348  19322.386168    570.342657  2  3  2  28       
PG29   -453.643225  19490.419038 -18064.597747   -348.095131  5  6  4  64       
PG30  -3787.284920 -21453.645304  15092.218685   -426.861932  4  6  6 105       
PG31  11333.407176  11804.795012 -20915.498949   -117.651175  5  7  2  66       
PG32  15602.816332  21362.309177   3369.693560     21.078952  4  4  4  90       
*  2021  5 16 16 15  0.00000000
PG01  13646.104965 -19060.590934  11882.758805    687.324054  6  4  6  57       
PG02 -14235.958291  -4451.021647 -21324.612991   -604.737299  3  5  3  96       
PG03  20847.948728 -12769.989503 -10319.517846   -165.642417  2  6  5  94       
PG04  11308.442408 -10198.493698 -21753.534454   -196.525979  5  5  5  77       
PG05 -25913.200711   4354.996376  -4670.444954    -42.136123  2  5  5  83       
PG06  -8246.905060 -16858.983273 -18711.816659     16.361381  4  6  7  83       
PG07   6271.795164 -25510.341236   1295.600769    152.523815  5  6  2  99       
PG08  17964.969666  -1339.166070  19607.102156    -21.458860  4  6  3  89       
PG09    607.250702 -18446.797037 -19151.052628   -345.856657  4  3  3  96       
PG10   7870.659541  13344.902344  21717.731413   -123.190509  3  5  3  94       
PG12 -22838.857242  10346.035534  -8798.407386    -41.932680  4  6  5  89       
PG13 -19787.983168  -8396.523031  15556.863492    132.775990  4  5  3  74       
PG14  -6712.017461 -14049.836034  21510.585678     84.949577  4  5  4  79       
PG15 -18017.272812   3692.124109  18915.248644   -149.004893  1  4     90       
PG16  25447.720706   1588.839342  -8484.042462   -326.165160  2  8  2  88       
PG17 -11967.514373 -22293.141352   8495.780097    443.334820  3  4  4 101       
PG18  -4458.597746  25757.641136   4492.359409    350.206726  6 11  5  82       
PG19 -17191.994698 -20310.519738  -1144.162509      0.801537  4  4  5  51       
PG20 -22882.470699  12609.179175   3648.014054    522.107554  3  5  5  81       
PG21  15584.035558 -11780.035860  18481.999593    118.529839  5  6  5 108       
PG22  24801.398589  -9200.123126    -18.711195   -612.805647  3  7  3  64       
PG23  -5026.311695  16200.674844  20405.744260    106.151431  4  4  4  67       
PG24 -14822.878033  14940.509237  15718.817333     81.278623  3  3  4  97       
PG25 -12119.817257  15909.816497 -17604.234108    138.299309  5  5  5  86       
PG26  20263.823777   6113.337533 -16263.870856     86.079517  3  5     80       
PG27  21458.226312   9745.984706  12429.024863   -131.117320  2  6  2 100       
PG28 -12369.783542 -12187.608206  20596.326147    570.337291  2  4  1  77       
PG29  -1867.421950  17879.337750 -19584.582684   -348.100770  5  7  4  96       
PG30  -3028.661448 -22896.891450  12965.098398   -426.866320  4  6  6  98       
PG31  10483.793122  13980.617703 -19951.450262   -117.653295  5  7  3  90       
PG32  15061.348067  21144.793776   6138.882796     21.078278  4  4  4  83       
*  2021  5 16 16 30  0.00000000
PG01  13445.721955 -17522.101337  14230.526991    687.314157  6  4  6  56       
PG02 -13785.634098  -6970.310444 -20949.281480   -604.739951  3  5  3  67       
PG03  21889.987877 -12852.320363  -7696.347509   -165.651748  2  6  5  94       
PG04  13037.725185  -8421.664646 -21550.486986   -196.527302  5  5  5  92       
PG05 -25356.210110   3911.729037  -7394.519871    -42.137313  2  4  6  61       
PG06  -7653.605512 -18826.121710 -17011.253478     16.364808  4  6  7  85       
PG07   6569.346632 -25381.206004  -1572.036511    152.533663  5  6  2 105       
PG08  19482.185002    191.719782  18177.643211    -21.460375  4  6  4  89       
PG09   2342.904088 -17011.173755 -20316.537656   -345.858737  4  2  4  95       
PG10   5507.266672  14063.878267  21968.397188   -123.197385  4  4  4  92       
PG12 -23687.696760  10317.008036  -6079.361196    -41.937647  3  6  5  93       
PG13 -20707.180186  -9804.165254  13419.542775    132.780174  4  5  4  81       
PG14  -4313.808226 -14665.748694  21710.377373     84.944819  4  6  4  49       
PG15 -19640.919276   2270.452285  17529.873783   -149.002421  2  3     54       
PG16  24429.314474   1955.614021 -11044.382513   -326.170876  2  8  2  98       
PG17 -11120.298712 -21629.660123  11095.452594    443.340363  2  4  4  89       
PG18  -4777.446422  26038.494284   1646.421239    350.205897  6 11  4  77       
PG19 -17004.721628 -20384.413745   1743.460781      0.805921  4  5  4           
PG20 -23264.776423  12408.188491    835.883217    522.107739  3  5  5  81       
PG21  15385.367509  -9705.511703  19898.646586    118.532184  5  5  5 116       
PG22  24801.703374  -8829.562947   2789.545443   -612.796723  3  7  3  63       
PG23  -7218.788865  16804.763693  19222.179805    106.148598  4  4  4  69       
PG24 -14727.711516  12966.914355  17472.920156     81.299065  3  2  4  82       
PG25 -13963.791717  16281.839273 -15750.177337    138.305673  4  5  5  76       
PG26  18482.204218   6909.380608 -17959.717163     86.083944  3  4     98       
PG27  22284.224463  10752.565048   9966.097509   -131.123195  2  6  2  98       
PG28 -10128.416717 -12701.922539  21530.606577    570.332190  2  4  2  74       
PG29  -3471.029462  16236.277839 -20768.473636   -348.106756  5  7  4  95       
PG30  -2406.456234 -24131.555219  10612.998529   -426.870717  4  6  5  99       
PG31   9778.678148  16076.838734 -18642.629322   -117.655011  5  7  4  99       
PG32  14287.927937  20745.020580   8803.792693     21.077635  4  4  4  67       
*  2021  5 16 16 45  0.00000000
PG01  13283.210423 -15723.277924  16325.323452    687.304243  6  6  6  63       
PG02 -13470.361620  -9442.345458 -20191.021967   -604.742770  4  4  3  74       
PG03  22639.907787 -12885.372547  -4940.198664   -165.661089  3  6  6  93       
PG04  14823.966848  -6766.994619 -20976.538319   -196.528628  6  5  5  96       
PG05 -24545.627803   3329.049471  -9993.327968    -42.138100  3  4  6  80       
PG06  -7207.432687 -20616.084257 -15016.040952     16.368232  5  6  6  93       
PG07   6815.249203 -24944.698883  -4411.660354    152.542980  5  5  2 103       
PG08  20939.019201   1524.708590  16438.381859    -21.461724  4  6  4  90       
PG09   4235.859385 -15595.498191 -21134.048266   -345.860783  4  1  5 100       
PG10   3176.778041  14912.256478  21845.264909   -123.204251  4  4  4  80       
PG12 -24235.989473  10246.064098  -3255.500060    -41.942229  2  6  5  81       
PG13 -21527.494827 -10970.576882  11051.039685    132.784393  4  5  4  80       
PG14  -1948.838067 -15404.931678  21536.283517     84.940085  5  6  4  75       
PG15 -21180.611523   1026.691445  15838.133032   -149.000209  3  3     68       
PG16  23166.397093   2448.233265 -13421.355094   -326.176087  3  7  2  98       
PG17 -10036.158079 -20820.588037  13507.851415    443.345802  2  5  4  78       
PG18  -5017.107085  26017.535350  -1227.971556    350.205086  6 11  4  95       
PG19 -16594.074765 -20235.698831   4601.190150      0.810339  4  5  5  58       
PG20 -23373.138011  12074.598243  -1990.933939    522.106871  3  5  5  80       
PG21  15281.204373  -7492.884879  20987.892995    118.534250  5  5  5 110       
PG22  24534.589622  -8325.790570   5549.341695   -612.788611  3  7  3  83       
PG23  -9234.321761  17467.300911  17706.833951    106.145731  4  4  4  65       
PG24 -14705.241770  10810.601707  18916.460305     81.319398  3  2  4  97       
PG25 -15578.477418  16672.297104 -13626.647056    138.312028  4  5  5  80       
PG26  16580.752214   7859.767724 -19350.672145     86.088410  4  3  1  88       
PG27  22943.913084  11524.858878   7333.812706   -131.129016  3  6  2  97       
PG28  -7840.983764 -13359.565274  22111.087472    570.326761  1  4  2  57       
PG29  -5245.092831  14606.256121 -21596.175305   -348.112490  5  7  4  84       
PG30  -1899.120912 -25124.272531   8076.424893   -426.875066  4  7  5 100       
PG31   9213.023914  18046.472634 -17010.415046   -117.657119  5  7  4  85       
PG32  13271.031235  20199.602599  11319.271385     21.076993  4  4  4  82       
*  2021  5 16 17  0  0.00000000
PG01  13192.859078 -13695.554793  18129.839644    687.294267  6  6  6  67       
PG02 -13285.360087 -11815.386476 -19064.319541   -604.745890  4  4  3  67       
PG03  23096.519707 -12829.958305  -2098.586884   -165.670447  3  6  6 103       
PG04  16626.407639  -5260.740677 -20041.733908   -196.529959  6  5  5 104       
PG05 -23512.075959   2583.078192 -12423.026823    -42.139346  3  4  5  92       
PG06  -6888.211728 -22187.553919 -12760.763614     16.371517  5  7  6  90       
PG07   7046.148843 -24200.717573  -7172.450722    152.552584  5  5  3 107       
PG08  22291.178746   2653.687455  14419.518708    -21.462318  4  5  3  94       
PG09   6256.770752 -14236.812525 -21589.726597   -345.862821  4  1  5 110       
PG10    924.533204  15871.364873  21349.607612   -123.211105  3  4  4  86       
PG12 -24483.332546  10094.007197   -375.338662    -41.946679  2  5  5  80       
PG13 -22207.371949 -11896.747526   8492.516947    132.788785  4  5  3  92       
PG14    337.211577 -16250.383919  20991.212693     84.935341  4  7  4  76       
PG15 -22594.275209    -36.460364  13870.933744   -148.997775  3  3  1  57       
PG16  21692.825608   3090.558935 -15575.598160   -326.181739  4  7  1  91       
PG17  -8713.180410 -19908.920415  15693.240895    443.351351  2  6  3  95       
PG18  -5214.649458  25687.115204  -4081.147953    350.204245  6 11  5  73       
PG19 -15937.116227 -19895.904973   7379.791547      0.814999  3  5  5  62       
PG20 -23225.673832  11578.090097  -4782.796222    522.106779  3  5  5  80       
PG21  15289.945714  -5183.560341  21734.139742    118.537208  5  5  5 109       
PG22  24023.905814  -7662.190236   8212.958786   -612.779841  3  7  3  74       
PG23 -11041.266132  18154.278720  15885.790773    106.142880  3  5  3  68       
PG24 -14777.485919   8511.921236  20024.227248     81.339863  4     3 100       
PG25 -16942.176341  17043.506590 -11269.076087    138.318396  4  5  5  76       
PG26  14603.506639   8965.087439 -20412.625493     86.092913  5  2  2  89       
PG27  23400.319832  12077.950660   4577.285567   -131.134898  4  5  2  93       
PG28  -5554.199628 -14156.149400  22329.252019    570.321550  1  5  3  76       
PG29  -7162.374099  13031.007073 -22053.699058   -348.118371  5  6  4  88       
PG30  -1479.674051 -25848.049479   5399.257442   -426.879456  4  7  5 109       
PG31   8774.066716  19845.123265 -15082.025563   -117.658951  5  7  5  89       
PG32  12007.140267  19547.898202  13642.730848     21.076330  5  4  4  79       
*  2021  5 16 17 15  0.00000000
PG01  13203.501059 -11477.762734  19612.096164    687.284309  5  6  6  75       
PG02 -13217.658056 -14040.618230 -17590.684836   -604.748778  4  4  4  68       
PG03  23267.511003 -12648.490281    779.368188   -165.679806  3  5  6  97       
PG04  18401.146130  -3921.651630 -18762.311178   -196.531300  7  5  5  91       
PG05 -22291.568022   1656.342345 -14642.672708    -42.139899  3  4  5  89       
PG06  -6669.087263 -23505.202562 -10284.527201     16.374885  5  8  5  97       
PG07   7298.346774 -23158.488018  -9804.716021    152.562216  5  5  3 104       
PG08  23495.469238   3580.964509  12155.831807    -21.463857  3  5  3  87       
PG09   8370.128255 -12967.123283 -21675.884616   -345.864887  4  1  6 110       
PG10  -1207.887954  16915.290176  20489.012434   -123.217949  3  4  4  92       
PG12 -24438.278506   9823.260007   2511.309710    -41.951327  1  5  4  73       
PG13 -22707.798368 -12592.129088   5788.240233    132.792986  4  5  4  92       
PG14   2502.365433 -17177.964359  20084.471093     84.930699  4  8  5  87       
PG15 -23841.961963   -924.259667  11663.696371   -148.995435  3  3  2  80       
PG16  20047.511345   3899.804833 -17471.326399   -326.187246  5  6  1  99       
PG17  -7157.904638 -18938.364411  17615.926166    443.357169  2  6  3  94       
PG18  -5408.112869  25048.577260  -6863.820069    350.203429  6 11  7  75       
PG19 -15018.616968 -19401.555734  10031.039590      0.819514  3  6  5  55       
PG20 -22847.681099  10893.422777  -7490.735269    522.106071  3  5  6  80       
PG21  15422.779273  -2821.473763  22127.271551    118.539166  5  5  5 117       
PG22  23299.825532  -6817.747284  10734.602268   -612.771340  4  7  2  70       
PG23 -12615.412133  18827.712184  13790.439708    106.139980  3  5  4  96       
PG24 -14959.738509   6115.569380  20777.221306     81.360183  4     3  91       
PG25 -18041.307144  17355.646885  -8717.203654    138.324717  4  5  5  92       
PG26  12595.075670  10218.045336 -21126.922538     86.097431  5  3  2  86       
PG27  23621.457863  12434.244839   1743.429010   -131.140768  5  4  2  93       
PG28  -3313.392684 -15079.435373  22182.261530    570.316107  1  5  4  69       
PG29  -9188.648767  11547.473835 -22133.385756   -348.123744  5  6  4  89       
PG30  -1116.948010 -26283.290747   2627.979646   -426.883883  4  7  4 104       
PG31   8441.913038  21432.606054 -12890.113553   -117.660991  5  7  6  65       
PG32  10501.048971  18830.438190  15734.832842     21.075608  4  4  4  80       
*  2021  5 16 17 30  0.00000000
PG01  13337.241029  -9114.736954  20746.058184    687.274417  5  6  5  64       
PG02 -13246.770593 -16073.962908 -15798.124580   -604.751720  4  5  5 100       
PG03  23169.055189 -12306.623260   3643.803558   -165.689204  3  5  5  78       
PG04  20102.725944  -2760.421238 -17160.410357   -196.532652  7  5  5  95       
PG05 -20924.156290    538.619099 -16614.867594    -42.141036  4  4  5  94       
PG06  -6517.742911 -24540.955038  -7630.265361     16.378265  5  9  4  77       
PG07   7606.110779 -21836.331013 -12260.904962    152.571627  5  4  3  96       
PG08  24511.394522   4316.957883   9686.077282    -21.465491  3  5  3  77       
PG09  10535.441837 -11812.264270 -21391.125712   -345.866926  4  2  6 103       
PG10  -3184.082475  18011.787926  19277.313945   -123.224818  3  5  3  59       
PG12 -24117.975912   9399.533995   5354.206315    -41.955885     5  4  75       
PG13 -22993.851381 -13074.047433   2984.800743    132.797445  4  5  4  99       
PG14   4509.780376 -18157.286171  18831.607861     84.925976  4  8  5  76       
PG15 -24887.320217  -1649.432393   9255.640466   -148.992720  3  4  2  80       
PG16  18273.058938   4885.729296 -19076.862357   -326.192545  6  6  2 100       
PG17  -5385.197597 -17951.674587  19244.739188    443.362344  2  6  3  95       
PG18  -5634.830505  24112.251455  -9527.945216    350.202523  6 12  8 126       
PG19 -13831.877147 -18792.681864  12508.573039      0.824000  3  6  4  81       
PG20 -22270.538740  10001.621681 -10067.358078    522.106722  3  5  6  82       
PG21  15683.323339   -451.670995  22162.663144    118.542397  6  5  5 112       
PG22  22397.598374  -5778.037679  13071.185594   -612.762553  4  6  1  66       
PG23 -13940.729400  19447.162011  11456.932542    106.137049  3  6  4  72       
PG24 -15259.902262   3668.978424  21162.973468     81.380676  5  1  3  86       
PG25 -18870.823744  17568.396443  -6014.451660    138.331038  4  4  5  89       
PG26  10599.071208  11603.564044 -21480.709367     86.101945  5  4  2  81       
PG27  23581.566560  12622.398722  -1119.816853   -131.146602  5  4  3  90       
PG28  -1161.042643 -16109.732786  21672.948223    570.310648  1  6  4  73       
PG29 -11283.856293  10186.496628 -21834.022684   -348.129422  5  6  4  74       
PG30   -777.011441 -26418.552060   -189.150243   -426.888291  5  7  3 114       
PG31   8190.436678  22774.432509 -10472.244922   -117.663108  5  7  6  84       
PG32   8765.860909  18087.323548  17560.122365     21.074878  4  4  3  82       
*  2021  5 16 17 45  0.00000000
PG01  13608.476173  -6655.685595  21512.119345    687.264456  4  5  5  61       
PG02 -13345.708668 -17877.672670 -13720.462669   -604.754387  5  5  5  89       
PG03  22825.098188 -11774.781633   6444.994777   -165.698555  4  5  5  82       
PG04  21685.791625  -1779.459395 -15263.685715   -196.533941  7  5  4  85       
PG05 -19452.445487   -772.493598 -18306.349535    -42.141759  4  4  4  86       
PG06  -6397.840524 -25274.979436  -4843.978411     16.381677  5 10  4 104       
PG07   8000.063699 -20261.052976 -14496.588063    152.581420  5  5  3  99       
PG08  25302.658801   4879.581718   7052.336944    -21.467119  2  4  3  70       
PG09  12708.620340 -10791.007746 -20740.362849   -345.868981  4  3  6 107       
PG10  -4974.052486  19123.454834  17734.423017   -123.231666  3  5  3  69       
PG12 -23547.477707   8793.391724   8103.589590    -41.960193     5  4  83       
PG13 -23036.093233 -13366.820545    130.310020    132.801490  4  5  4  87       
PG14   6328.971719 -19152.867054  17254.151873     84.921248  3  9  5  78       
PG15 -25698.915072  -2231.404274   6689.029765   -148.990504  3  4  3  71       
PG16  16414.283034   6050.096954 -20365.118387   -326.198233  6  5  1 101       
PG17  -3417.833177 -16989.055952  20553.448084    443.367923  2  6  3 100       
PG18  -5929.786143  22897.110382 -12027.564126    350.201630  6 11  9  94       
PG19 -12379.229764 -18111.190923  14768.740976      0.828208  3  6  5  69       
PG20 -21530.381666   8890.918280 -12467.712929    522.106196  4  5  6  72       
PG21  16067.541258   1881.123536  21841.130260    118.545017  6  5  5 106       
PG22  21356.128423  -4535.954134  15183.048631   -612.754244  4  6  1  72       
PG23 -15009.797727  19971.366724   8925.555361    106.134089  3  6  4  71       
PG24 -15678.140778   1220.609927  21175.722404     81.401179  5  4  4  84       
PG25 -19434.312957  17642.622758  -3207.214636    138.337312  4  3  5  71       
PG26   8656.581357  13099.187208 -21467.190755     86.106484  5  4  2  79       
PG27  23262.122807  12676.039281  -3964.253518   -131.152509  5  4  3  91       
PG28    864.572197 -17220.566588  20809.748903    570.305454  2  6  5  78       
PG29 -13403.478983   8971.747328 -21160.853647   -348.135154  5  5  4  74       
PG30   -424.710028 -26250.984113  -3002.969734   -426.892712  5  7  3 109       
PG31   7988.445881  23843.093791  -7870.266319   -117.664830  4  7  6 107       
PG32   6822.680632  17356.652796  19087.600595     21.074253  4  4  3  86       
*  2021  5 16 18  0  0.00000000
PG01  14023.252439  -4152.390067  21897.443434    687.254483  4  4  4  81       
PG02 -13482.266814 -19421.633657 -11396.539482   -604.757194  5  6  5  70       
PG03  22266.347773 -11029.510261   9134.242077   -165.707952  4  4  5  84       
PG04  23106.750265   -972.988561 -13104.824289   -196.535342  7  5  4  91       
PG05 -17920.026350  -2271.299339 -19688.519731    -42.142859  5  4  4  96       
PG06  -6270.621114 -25696.365178  -1973.918788     16.385075  5 10  4  80       
PG07   8505.723780 -18466.983254 -16471.379369    152.590687  5  5  3  86       
PG08  25838.517800   5293.355035   4299.322993    -21.468660  3  4  3  80       
PG09  14843.494045  -9914.456674 -19734.733360   -345.870939  4  3  6 109       
PG10  -6555.195685  20209.122768  15886.049570   -123.238488  3  6  3  68       
PG12 -22758.739914   7981.635754  10711.089286    -41.964863     5  4  84       
PG13 -22811.759828 -13500.620431  -2726.419002    132.805834  4  5  5  93       
PG14   7936.792845 -20125.491360  15379.244060     84.916507  3  9  5  85       
PG15 -26251.350609  -2695.285564   4008.394066   -148.987984  3  4  3  84       
PG16  14516.651969   7386.429423 -21314.025252   -326.203766  6  6  2 101       
PG17  -1285.793236 -16086.687796  21521.090745    443.373289  3  6  3 112       
PG18  -6324.068637  21430.101507 -14319.600100    350.200748  6 11  9 104       
PG19 -10672.200358 -17399.155333  16771.422145      0.833170  3  6  4  74       
PG20 -20666.602553   7557.401233 -14650.100262    522.105363  4  5  6  91       
PG21  16563.922967   4133.906611  21168.832609    118.546715  6  4  6 103       
PG22  20216.438368  -3092.143839  17034.600630   -612.745856  5  6     71       
PG23 -15823.907006  20359.920089   6240.026573    106.131193  2  6  5  65       
PG24 -16206.864005  -1181.774939  20816.448875     81.421823  6  5  5 112       
PG25 -19743.760894  17542.058483   -344.072496    138.343591  5  3  5  72       
PG26   6804.737979  14675.776223 -21085.794219     86.111153  6  5  2  92       
PG27  22652.589622  12632.313333  -6742.181600   -131.158346  5  4  3  90       
PG28   2730.577039 -18379.585208  19606.581425    570.300461  2  6  5  80       
PG29 -15500.097255   7918.949463 -20125.482758   -348.141129  4  5  4  82       
PG30    -25.262404 -25786.448039  -5764.306585   -426.897144  5  7  4 106       
PG31   7801.076122  24619.086650  -5129.570807   -117.667110  4  7  7  99       
PG32   4700.009198  16673.036655  20291.229955     21.073599  3  4  2  92       
*  2021  5 16 18 15  0.00000000
PG01  14578.981407  -1657.315186  21896.157999    687.244557  4  4  4  67       
PG02 -13620.522761 -20684.330260  -8869.320519   -604.760192  5  7  4  76       
PG03  21529.005450 -10054.593044  11664.743272   -165.717316  4  4  4  72       
PG04  24325.375461   -327.460267 -10720.980639   -196.536668  7  5  4 100       
PG05 -16369.885696  -3944.028967 -20737.900235    -42.143859  5  5  4  87       
PG06  -6096.603153 -25803.463190    930.261144     16.388459  6 10  3  96       
PG07   9142.265205 -16494.698337 -18149.770318    152.600302  5  5  3  87       
PG08  26094.930970   5588.268535   1473.649785    -21.469461  3  4  3  84       
PG09  16893.423885  -9185.740329 -18391.411849   -345.873002  4  3  6 103       
PG10  -7913.017405  21225.424120  13763.319355   -123.245352  4  6  3  72       
PG12 -21789.347042   6948.463483  13130.632406    -41.969648     5  3  82       
PG13 -22305.700454 -13510.124968  -5536.691221    132.810216  5  5  5 106       
PG14   9318.130677 -21033.731434  13239.171290     84.911803  3  9  5  86       
PG15 -26526.157721  -3070.656417   1259.743949   -148.985699  3  4  4  67       
PG16  12624.710365   8880.056125 -21906.902618   -326.209411  6  6  2  86       
PG17    974.682169 -15275.416154  22132.234224    443.378533  3  6  3  95       
PG18  -6843.485273  19745.181908 -16364.604669    350.199884  6 10  9  92       
PG19  -8731.308792 -16697.086606  18480.798908      0.837435  3  6  4  79       
PG20 -19720.244013   6005.353745 -16576.812017    522.105046  4  5  5  72       
PG21  17153.922194   6266.723921  20157.134129    118.549577  6  4  6 112       
PG22  19020.080282  -1455.144592  18594.879533   -612.737264  5  5     57       
PG23 -16392.823098  20574.927694   3446.733646    106.128276  2  7  5  53       
PG24 -16831.042168  -3492.796033  20092.772125     81.442351  6  6  6  98       
PG25 -19818.991063  17234.895357   2525.061644    138.349909  5  2  4  62       
PG26   5075.433793  16298.477473 -20342.234350     86.115692  6  5  2  79       
PG27  21750.878526  12530.325036  -9407.138773   -131.164177  5  4  4  98       
PG28   4410.514957 -19549.681740  18082.664676    570.294719  2  6  5  77       
PG29 -17525.062839   7035.412107 -18745.673933   -348.146660  4  4  4  75       
PG30    454.154700 -25039.296158  -8424.878292   -426.901601  6  7  5  79       
PG31   7591.352956  25091.634660  -2298.274891   -117.669178  4  7  7  92       
PG32   2432.864965  16066.254564  21150.364611     21.073016  3  3  2  87       
*  2021  5 16 18 30  0.00000000
PG01  15264.526254    778.290074  21509.399036    687.234600  4  4  4  67       
PG02 -13722.474976 -21653.437552  -6184.946747   -604.762733  6  8  4  60       
PG03  20653.290869  -8841.892572  13992.435847   -165.726651  5  4  3  74       
PG04  25306.292473    177.725696  -8153.137440   -196.538032  7  6  4  95       
PG05 -14842.850115  -5769.169506 -21436.516754    -42.144596  4  4  3  87       
PG06  -5837.310208 -25603.875995   3818.382665     16.391882  6 10  3 102       
PG07   9921.556722 -14389.489348 -19501.850669    152.609983  4  5  3  78       
PG08  26055.474098   5798.452474  -1376.917499    -21.471704  3  4  3  91       
PG09  18812.937255  -8600.024263 -16733.324067   -345.875072  3  4  6 107       
PG10  -9041.533278  22128.470283  11402.287063   -123.252092  4  5  3  59       
PG12 -20681.013194   5686.335921  15319.320175    -41.974276  2  5  3  75       
PG13 -21511.035182 -13433.012943  -8252.736160    132.814582  5  5  6 101       
PG14  10466.290501 -21835.569101  10870.809637     84.907118  3  8  4  91       
PG15 -26512.420864  -3390.204606  -1510.207731   -148.983394  3  4  4  80       
PG16  10780.534027  10508.467276 -22132.766043   -326.214897  7  6  2  86       
PG17   3322.260711 -14579.656335  22377.161589    443.384396  3  5  3 105       
PG18  -7507.388639  17882.093676 -18127.436624    350.198958  6 10 10  85       
PG19  -6585.513661 -16042.266112  19866.066874      0.841766  3  6  4  80       
PG20 -18732.347787   4247.265295 -18214.785393    522.105182  5  5  5  88       
PG21  17812.632344   8243.888356  18822.424052    118.551721  6  5  7 119       
PG22  17807.554357    358.781965  19838.021866   -612.728600  5  5  1  76       
PG23 -16734.229509  20582.577337    593.922477    106.125372  2  7  5  69       
PG24 -17528.829389  -5671.017912  19018.716669     81.462780  5  7  6 103       
PG25 -19686.790991  16695.228395   5349.843176    138.356191  5  3  4  75       
PG26   3494.239021  17927.927225 -19248.472698     86.120215  6  6  2  73       
PG27  20563.511895  12409.517254 -11914.610682   -131.170024  5  5  4  82       
PG28   5885.141465 -20690.293578  16262.281681    570.288996  2  6  5  84       
PG29 -19430.227140   6319.894340 -17045.049534   -348.152733  4  3  4  68       
PG30   1042.898014 -24031.825960 -10938.177151   -426.906038  6  6  6  86       
PG31   7321.860230  25259.070059    573.676226   -117.670971  5  6  7  80       
PG32     61.660483  15560.102686  21650.100247     21.072383  2  3  2  84       
*  2021  5 16 18 45  0.00000000
PG01  16060.648472   3106.221695  20745.210539    687.224682  4  4  5  90       
PG02 -13749.740978 -22326.029505  -3391.758309   -604.765396  6  9  3  80       
PG03  19681.817654  -7391.875450  16076.791104   -165.736007  5  3  2  84       
PG04  26020.288112    569.228329  -5445.402864   -196.539376  7  6  4  91       
PG05 -13376.119322  -7718.085785 -21772.201483    -42.145617  5  4  3 100       
PG06  -5456.959081 -25114.099552   6640.619202     16.395275  6 10  3  98       
PG07  10847.522547 -12199.642056 -20503.895732    152.619374  4  6  3  80       
PG08  25711.980250   5960.695245  -4204.227642    -21.471877  4  4  3  90       
PG09  20559.329259  -8144.833855 -14788.765915   -345.877161  3  4  6 105       
PG10  -9943.342951  22875.578936   8843.350475   -123.258989  5  5  4  51       
PG12 -19477.918623   4196.519623  17238.254974    -41.978771  3  5  3  71       
PG13 -20429.507439 -13308.360426 -10828.490487    132.818665  6  5  6 108       
PG14  11383.055685 -22490.054149   8314.986613     84.902365  5  8  4  95       
PG15 -26207.127724  -3688.270202  -4254.805801   -148.981065  3  3  4  91       
PG16   9022.270539  12241.961686 -21986.564433   -326.220284  7  6  2  81       
PG17   5711.859643 -14016.539775  22251.987690    443.389356  3  5  2 105       
PG18  -8327.762920  15884.928167 -19577.862816    350.198037  6  9 10  95       
PG19  -4271.315110 -15467.202375  20902.061533      0.846246  4  6  4  88       
PG20 -17742.328253   2303.519616 -19536.159726    522.104558  5  6  5  95       
PG21  18509.679105  10035.054844  17185.900404    118.554086  6  5  7 110       
PG22  16616.794980   2326.110004  20743.639604   -612.720079  5  4  1  69       
PG23 -16872.867542  20354.561215  -2269.145761    106.122461  2  7  5  72       
PG24 -18272.465447  -7680.335756  17614.361028     81.483302  5  7  6  92       
PG25 -19379.758118  15904.286955   8080.429019    138.362455  4  3  4  62       
PG26   2079.560965  19521.651505 -17822.569928     86.124733  6  5  2  75       
PG27  19105.481540  12308.054350 -14222.708248   -131.175864  4  6  4  80       
PG28   7142.972772 -21758.840763  14174.484520    570.283576  3  6  5  98       
PG29 -21169.660004   5762.804591 -15052.692918   -348.158103  3  3  4  77       
PG30   1765.488866 -22793.429147 -13260.321698   -426.910464  6  5  6  64       
PG31   6956.442812  25128.855983   3435.455021   -117.673030  5  6  7  69       
PG32  -2369.124970  15171.476440  21781.537641     21.071733  1  3  2  89       
*  2021  5 16 19  0  0.00000000
PG01  16940.791101   5283.005088  19618.306904    687.214651  4  4  5  97       
PG02 -13665.240677 -22708.409345   -539.320812   -604.768523  6  9  3  82       
PG03  18657.885869  -5713.800643  17881.544144   -165.745497  5  4     90       
PG04  26445.395639    878.537956  -2644.256629   -196.540724  7  6  4  94       
PG05 -12001.942252  -9755.914068 -21738.811343    -42.146416  5  4  3 100       
PG06  -4924.041576 -24358.832459   9348.363473     16.398716  6  9  3 120       
PG07  11915.853511  -9974.607585 -21138.804556    152.629163  4  6  3  80       
PG08  25064.886470   6112.867155  -6960.512112    -21.473072  4  5  4  88       
PG09  22094.169345  -7800.678993 -12590.933144   -345.879220  3  5  5 103       
PG10 -10629.367976  23426.982202   6130.573018   -123.265890  5  5  5  61       
PG12 -18224.949851   2489.274655  18853.296590    -41.983228  3  6  3  86       
PG13 -19071.520575 -13174.999386 -13220.345398    132.822914  6  4  6 108       
PG14  12078.420578 -22958.935026   5615.773485     84.897740  6  7  3  88       
PG15 -25615.236093  -3999.352699  -6928.184627   -148.978516  4  3  4  83       
PG16   7382.817549  14044.572306 -21469.341279   -326.225681  7  7  3  67       
PG17   8096.118645 -13595.331782  21758.704897    443.395153  4  4  3 107       
PG18  -9308.605189  13800.535092 -20691.070692    350.197152  6  8  9 101       
PG19  -1831.546990 -14998.281165  21569.784304      0.850798  4  6  3 102       
PG20 -16786.435338    201.774121 -20518.728111    522.104449  5  6  4 106       
PG21  19210.303220  11616.121302  15273.315810    118.556674  6  5  8  79       
PG22  15481.779449   4416.781500  21297.102257   -612.711661  5  4  2  94       
PG23 -16839.409526  19869.293769  -5093.054787    106.119510  3  7  5  61       
PG24 -19029.413305  -9491.132308  15905.382301     81.503881  5  8  6  89       
PG25 -18934.908864  14851.396729  10668.421307    138.368721  4  3  3  81       
PG26    842.081491  21035.609799 -16088.428692     86.129235  6  5  3  64       
PG27  17399.809658  12261.263173 -16292.805278   -131.181658  4  6  4  72       
PG28   8180.567544 -22712.258755  11852.739033    570.278332  3  6  5  78       
PG29 -22701.294398   5346.726676 -12802.661030   -348.164002  3  3  3  85       
PG30   2640.440928 -21359.470594 -15350.856146   -426.914908  6  5  6  79       
PG31   6461.870099  24717.245033   6236.327014   -117.675003  5  6  7  72       
PG32  -4812.430195  14909.722521  21541.955181     21.071107     3  2  97       
*  2021  5 16 19 15  0.00000000
PG01  17872.160162   7271.368896  18149.709666    687.204782  5  4  6  96       
PG02 -13434.794202 -22815.585155   2322.520273   -604.771376  7 10  3 108       
PG03  17623.759894  -3825.562060  19375.344863   -165.754838  5  4    103       
PG04  26567.713572   1140.562340    202.242617   -196.542133  7  6  4  86       
PG05 -10746.484450 -11842.697424 -21336.357440    -42.147429  5  3  2 102       
PG06  -4212.737680 -23369.981149  11895.067594     16.402090  5  7  3 123       
PG07  13114.078841  -7763.146406 -21396.379758    152.638770  3  6  3 102       
PG08  24123.273791   6292.306993  -9599.148284    -21.474247  4  5  3  96       
PG09  23384.656592  -7541.956114 -10177.368601   -345.881279  3  5  5 103       
PG10 -11118.260526  23747.446782   3310.924874   -123.272779  4  4  5  64       
PG12 -16965.916700    583.676716  20135.728505    -41.987815  4  6  3  93       
PG13 -17455.858761 -13069.900050 -15387.848957    132.827171  6  4  6 109       
PG14  12570.007624 -23208.197930   2819.720199     84.892992  6  7  3  85       
PG15 -24749.462095  -4356.635013  -9485.964334   -148.976402  4  3  4  82       
PG16   5888.687786  15875.242799 -20588.312663   -326.231222  7  7  3  64       
PG17  10426.955303 -13317.138559  20905.159246    443.400609  5  4  2 114       
PG18 -10445.625461  11676.838219 -21448.084418    350.196275  6  6  9 104       
PG19    686.096332 -14654.667806  21856.812239      0.855193  4  6  4 104       
PG20 -15896.366905  -2023.941769 -21146.278288    522.103923  5  6  4 111       
PG21  19876.602609  12969.929083  13114.683895    118.558908  6  5  8  97       
PG22  14431.308824   6595.180665  21489.723987   -612.703237  5  4  2  98       
PG23 -16669.110214  19112.877195  -7829.094603    106.116573  3  7  5  62       
PG24 -19763.681718 -11081.165893  13922.511985     81.524410  5  8  6 111       
PG25 -18392.106432  13534.627088  13067.799382    138.375041  3  3  3  91       
PG26   -215.502719  22425.824535 -14075.427776     86.133716  6  5  3  68       
PG27  15476.827780  12300.186747 -18090.130658   -131.187519  4  7  4  90       
PG28   9002.528959 -23508.577475   9334.506970    570.272867  4  6  5  94       
PG29 -23988.435182   5047.252152 -10333.414423   -348.169676  2  3  4  59       
PG30   3679.333121 -19769.943418 -17173.480872   -426.919351  6  4  7  78       
PG31   5809.387478  24048.586673   8926.630771   -117.676972  6  5  7  84       
PG32  -7220.201131  14776.286011  20934.886189     21.070469     3  2  96       
*  2021  5 16 19 30  0.00000000
PG01  18817.054314   9041.453109  16366.272794    687.194767  5  4  6  88       
PG02 -13028.571923 -22670.427760   5144.536212   -604.774306  7 10  4 101       
PG03  16619.001046  -1753.190758  20532.316924   -165.764201  5  4     92       
PG04  26381.927445   1392.081507   3045.275356   -196.543504  7  6  4  80       
PG05  -9628.929018 -13934.723817 -20571.042114    -42.148670  5  3  2  97       
PG06  -3304.105037 -22185.401420  14237.041354     16.405470  4  6  3 112       
PG07  14421.991224  -5611.527871 -21273.445995    152.648231  3  6  4  93       
PG08  22904.598626   6534.230289 -12075.407774    -21.475959  3  6  4  74       
PG09  24404.772293  -7338.093273  -7589.335201   -345.883320  3  5  4 100       
PG10 -11435.503327  23807.739176    433.455490   -123.279673  4  4  5  57       
PG12 -15741.821412  -1492.922308  21062.817030    -41.992318  4  7  4 100       
PG13 -15609.103770 -13026.636932 -17294.354483    132.831376  6  3  6 103       
PG14  12882.192157 -23209.453923    -24.953419     84.888301  7  6  3  76       
PG15 -23629.802829  -4790.576105 -11885.905693   -148.973847  5  4  4  84       
PG16   4559.105156  17689.218913 -19356.854850   -326.236885  7  7  3  91       
PG17  12657.152438 -13174.913395  19704.956772    443.405948  5  3  3 108       
PG18 -11726.276796   9561.122685 -21836.078282    350.195395  5  4  8 112       
PG19   3230.740517 -14447.511041  21757.578285      0.859721  4  5  3 107       
PG20 -15098.083372  -4334.371225 -21408.820138    522.103865  5  6  4 109       
PG21  20468.899035  14086.740642  10743.943232    118.561219  5  5  8  94       
PG22  13488.003107   8821.312947  21318.856835   -612.694488  5  5  2  86       
PG23 -16400.290094  18079.776657 -10430.108396    106.113590  4  6  5  94       
PG24 -20437.276580 -12436.161897  11700.919180     81.544952  5  8  6 111       
PG25 -17792.372298  11961.091334  15235.816849    138.381349  3  3  3  96       
PG26  -1098.423816  23650.033520 -11817.950401     86.138173  6  4  3  74       
PG27  13373.198342  12450.301365 -19584.309586   -131.193353  4  7  4  90       
PG28   9621.221602 -24108.495424   6660.763301    570.267483  5  6  5  95       
PG29 -25001.075061   4834.087080  -7687.173348   -348.175527  2  3  4  79       
PG30   4886.165609 -18067.955634 -18696.699015   -426.923782  6  4  6  71       
PG31   4976.087429  23154.312325  11458.737615   -117.678888  6  5  6  81       
PG32  -9545.026761  14764.667810  19970.097808     21.069799     3  2  94       
*  2021  5 16 19 45  0.00000000
PG01  19734.383929  10571.709505  14300.112596    687.184828  6  4  5  83       
PG02 -12422.344784 -22302.558651   7878.946622   -604.776901  7 10  6 102       
PG03  15678.921951    469.963794  21332.513873   -165.773540  5  4  1 100       
PG04  25891.514870   1670.131278   5836.091147   -196.544866  7  6  4  88       
PG05  -8660.845676 -15986.020214 -19455.200586    -42.149278  6  2  2 103       
PG06  -2186.998817 -20847.426577  16334.195085     16.408863  4  4  3 119       
PG07  15812.401070  -3561.862761 -20773.810127    152.657877  3  6  4 100       
PG08  21434.124203   6870.217543 -14347.180481    -21.476439  4  6  4  90       
PG09  25136.185860  -7154.894652  -4871.124083   -345.885353  2  5  4 102       
PG10 -11612.234573  23585.874131  -2451.587033   -123.286593  4  3  6  48       
PG12 -14589.253290  -3705.774891  21618.249013    -41.997032  5  7  4  99       
PG13 -13564.769841 -13073.994949 -18907.606989    132.835900  7  3  6  66       
PG14  13044.969804 -22941.119646  -2869.195656     84.883583  7  6  3  87       
PG15 -22282.814636  -5327.619941 -14088.519458   -148.971342  5  4  4 104       
PG16   3405.369899  19439.609486 -17794.394622   -326.242259  7  7  3  65       
PG17  14741.925325 -13153.763137  18177.299220    443.411468  5  2  3 109       
PG18 -13130.113848   7498.359569 -21848.583026    350.194555  6  4  7 115       
PG19   5750.150886 -14379.485165  21273.512318      0.864304  4  5  3 103       
PG20 -14410.868080  -6686.370594 -21302.699689    522.103621  5  6  4  86       
PG21  20947.190737  14964.476839   8198.574781    118.563815  5  5  8 113       
PG22  12667.544545  11052.144342  20787.892119   -612.686041  5  5  3  91       
PG23 -16072.710817  16773.178781 -12851.309672    106.110692  4  6  5  89       
PG24 -21011.721658 -13550.092817   9279.537390     81.565460  5  8  6 111       
PG25 -17176.152825  10146.882531  17133.840527    138.387749  3  3  4  91       
PG26  -1819.469428  24669.300158  -9354.812166     86.142620  5  3  3  55       
PG27  11130.711794  12730.442587 -20749.848248   -131.199181  3  7  4  89       
PG28  10056.206185 -24476.895648   3875.446995    570.262004  6  6  5  85       
PG29 -25716.967810   4672.390920  -4909.209733   -348.181313  2  3  4  68       
PG30   6257.024652 -16298.110497 -19894.366613   -426.928260  5  4  6  89       
PG31   3946.040115  22071.641966  13787.966609   -117.681074  6  5  6 100       
PG32 -11741.761980  14860.696468  18663.469200     21.069143     3  3  99       
*  2021  5 16 20  0  0.00000000
PG01  20581.315005  11849.466518  11987.959358    687.174915  7  4  5  66       
PG02 -11598.494651 -21747.023033  10480.175057   -604.779768  7 10  7 113       
PG03  14833.224370   2804.340911  21762.263896   -165.782866  5  4  3  80       
PG04  25108.626259   2010.378151   8526.836731   -196.546205  7  6  4  83       
PG05  -7845.853425 -17949.949692 -18007.145083    -42.150419  6  2  2  99       
PG06   -858.686954 -19401.240279  18150.714965     16.412250  3  4  3 102       
PG07  17252.181073  -1650.637684 -19908.071546    152.667215  1  5  5 102       
PG08  19744.071097   7326.838320 -16375.664851    -21.478009  4  6  4 104       
PG09  25568.879048  -6956.033059  -2069.308608   -345.887366  2  5  3  90       
PG10 -11683.843871  23068.092444  -5293.671984   -123.293494  3  3  6  72       
PG12 -13538.976871  -6013.923693  21792.437258    -42.001629  5  7  4 103       
PG13 -11362.188626 -13234.766682 -20200.260531    132.840176  7  3  6 114       
PG14  13092.611539 -22389.345263  -5663.974991     84.878841  7  5  3 103       
PG15 -20740.675102  -5989.063365 -16057.627073   -148.969355  6  3  4 106       
PG16   2430.522629  21079.063803 -15926.196280   -326.247561  7  6  4  74       
PG17  16640.416759 -13231.547138  16346.747801    443.416960  5  1  3 112       
PG18 -14629.465553   5529.631515 -21485.582626    350.193622  6  5  7 112       
PG19   8192.615628 -14444.692304  20413.037076      0.868845  5  4  2 108       
PG20 -13846.666297  -9034.392400 -20830.601827    522.103094  6  5  4  87       
PG21  21272.648946  15608.701625   5519.168199    118.566030  5  5  8  95       
PG22  11978.193606  13243.051914  19906.172750   -612.677332  5  5  3  79       
PG23 -15725.906951  15205.019527 -15051.055088    106.107773  5  6  5  97       
PG24 -21449.588921 -14425.144486   6700.350547     81.585985  5  8  6  94       
PG25 -16581.615489   8116.643956  18728.109199    138.394113  4  4  4  89       
PG26  -2398.304376  25449.516519  -6728.596848     86.147077  5  2  3  50       
PG27   8794.899582  13151.979194 -21566.556206   -131.205025  3  6  4  97       
PG28  10333.404169 -24584.249567   1024.844699    570.256978  6  6  4  93       
PG29 -26122.417756   4524.296399  -2047.085980   -348.187189  3  3  4  82       
PG30   7780.068891 -14504.846482 -20746.136439   -426.932731  5  5  5  93       
PG31   2711.134475  20842.068788  15873.431918   -117.682881  6  5  6  95       
PG32 -13769.077063  15043.106948  17036.768026     21.068604     3  3  90       
*  2021  5 16 20 15  0.00000000
PG01  21314.970613  12871.145092   9470.448064    687.165076  8  5  5  57       
PG02 -10546.756389 -21042.807302  12905.522068   -604.782913  6 10  8 110       
PG03  14104.874415   5205.520174  21814.397372   -165.792168  5  4  4  88       
PG04  24053.645859   2445.548463  11071.368655   -196.547617  7  5  5  94       
PG05  -7179.592080 -19780.853797 -16250.910337    -42.151261  6  2  1 102       
PG06    674.862222 -17893.157609  19655.660182     16.415565  3  4  3 101       
PG07  18703.550150     92.491772 -18693.295766    152.676668  1  5  5 100       
PG08  17872.515818   7924.462817 -18126.014828    -21.479424  4  6  4 110       
PG09  25701.463995  -6704.633088    768.044032   -345.889426  2  5  3  87       
PG10 -11688.395794  22249.524918  -8042.918073   -123.300467  3  2  6  61       
PG12 -12614.772994  -8371.643196  21582.686734    -42.006375  5  7  5 108       
PG13  -9045.184739 -13524.784831 -21150.320139    132.844499  7  3  6  85       
PG14  13062.159715 -21548.653207  -8361.130917     84.874159  6  5  3  93       
PG15 -19040.062886  -6790.119489 -17760.870484   -148.966866  6  3  4 108       
PG16   1629.327217  22561.505264 -13783.040643   -326.253210  7  5  4  93       
PG17  18317.069189 -13379.751791  14242.913386    443.422647  5  1  3 108       
PG18 -16190.395692   3690.718905 -20753.500890    350.192789  7  6  6 109       
PG19  10508.813489 -14628.930605  19191.417416      0.873474  5  4  3 100       
PG20 -13409.724237 -11332.052915 -20001.445834    522.102902  6  5  4 111       
PG21  21409.113052  16032.347880   2748.932304    118.568240  4  4  8  93       
PG22  11420.592502  15349.333369  18688.819759   -612.669083  5  5  3  74       
PG23 -15397.539701  13395.680561 -16991.559506    106.104863  5  5  5 103       
PG24 -21715.980546 -15071.377868   4007.652915     81.606539  6  8  6 105       
PG25 -16043.048562   5902.789985  19990.392190    138.400496  4  4  4  98       
PG26  -2860.512362  25962.737479  -3984.910995     86.151493  4  1  3  68       
PG27   6413.509714  13718.266427 -22019.900544   -131.210876  2  6  3  98       
PG28  10484.013990 -24407.855357  -1843.091511    570.251164  7  5  4 101       
PG29 -26212.754992   4350.552138    850.147500   -348.192600  3  3  4  59       
PG30   9435.836107 -12730.803696 -21237.788537   -426.937157  5  5  4  98       
PG31   1271.594418  19509.688247  17678.802266   -117.684989  5  4  6  91       
PG32 -15590.875130  15284.407251  15117.325635     21.067982  1  3  4  70       
*  2021  5 16 20 30  0.00000000
PG01  21894.122815  13642.126262   6791.365175    687.155268  8  6  5  41       
PG02  -9264.675168 -20231.261526  15115.753198   -604.785761  6 10  8 118       
PG03  13509.258968   7625.763365  21488.353958   -165.801509  4  4  5  95       
PG04  22754.449831   3003.972619  13426.037100   -196.548891  7  5  5  99       
PG05  -6650.006867 -21435.679587 -14215.900730    -42.152206  6  2     89       
PG06   2399.030096 -16368.880770  20823.473088     16.418932  3  5  2 119       
PG07  20125.537040   1645.606152 -17152.567755    152.686270  2  5  5 108       
PG08  15862.075529   8676.306488 -19567.933861    -21.479853  4  6  4 108       
PG09  25541.182036  -6364.883726   3592.190861   -345.891504  2  5  3  96       
PG10 -11664.945859  21134.512204 -10651.020816   -123.307384  4  3  6  63       
PG12 -11832.580562 -10730.076454  20993.218773    -42.010852  5  7  5 108       
PG13  -6660.589730 -13952.225555 -21741.502697    132.848601  7  3  6 113       
PG14  12991.824568 -20422.262666 -10914.208261     84.869433  6  6  3  95       
PG15 -17220.894214  -7739.206538 -19170.169200   -148.964483  6  3  4  93       
PG16    988.581103  23843.856271 -11400.793434   -326.258792  6  5  3  86       
PG17  19742.825652 -13564.614810  11900.071572    443.428066  5  2  3 108       
PG18 -17773.914089   2010.899614 -19665.079064    350.191879  8  6  5 112       
PG19  12653.587058 -14910.317475  17630.465790      0.877788  5  4  3  98       
PG20 -13096.537540 -13533.724501 -18830.179448    522.102577  6  5  4 101       
PG21  21324.536563  16255.184956    -66.854500    118.570816  4  5  7  96       
PG22  10987.861097  17327.722063  17156.476687   -612.660302  5  5  3  63       
PG23 -15121.837016  11373.366127 -18639.541102    106.101948  5  5  4 106       
PG24 -21779.908608 -15506.106572   1247.296185     81.627035  6  8  6 101       
PG25 -15589.433708   3544.409319  20898.530755    138.406860  5  5  5 102       
PG26  -3236.394723  26188.290006  -1171.570888     86.155893  4  1  3  80       
PG27   4034.896801  14424.401135 -22101.285577   -131.216776  2  5  3  93       
PG28  10543.210403 -23932.860158  -4679.488837    570.245781  7  5  4  92       
PG29 -25992.477493   4112.224882   3732.783213   -348.198461  4  3  5  70       
PG30  11197.856353 -11015.281483 -21361.443374   -426.941604  6  6  4 102       
PG31   -363.850112  18119.444117  19172.955500   -117.686758  5  4  5 109       
PG32 -17177.522830  15552.002567  12937.613036     21.067248  2  4  5  90       
*  2021  5 16 20 45  0.00000000
PG01  22280.810806  14176.284389   3996.867486    687.145389  9  6  5  38       
PG02  -7757.773543 -19354.486540  17075.602519   -604.788668  5  9  8 118       
PG03  13053.655449  10015.685621  20790.168622   -165.810820  5  4  5  97       
PG04  21245.389558   3708.300822  15550.428002   -196.550251  7  5  5 105       
PG05  -6237.938689 -22875.529949 -11936.440916    -42.153222  6  1    106       
PG06   4290.932845 -14871.796133  21634.395184     16.422278  3  5  2 118       
PG07  21475.558516   2995.097778 -15314.443815    152.695642  3  5  6 104       
PG08  13758.425008   9587.745716 -20676.206331    -21.481641  4  5  4 112       
PG09  25103.582355  -5903.617701   6354.547239   -345.893493  1  5  2  98       
PG10 -11651.819026  19736.564869 -13072.154260   -123.314318  4  4  6  44       
PG12 -11199.973074 -13038.998019  20035.054565    -42.015459  6  7  5 102       
PG13  -4256.647877 -14517.208846 -21963.511865    132.852882  7  3  5  74       
PG14  12919.344457 -19022.087093 -13279.260142     84.864702  5  5  4  94       
PG15 -15324.958647  -8837.484928 -20262.122835   -148.962073  7  2  4 107       
PG16    487.748980  24887.686464  -8819.863074   -326.263934  6  4  3  88       
PG17  20896.115225 -13748.464609   9356.701448    443.433523  4  3  3 100       
PG18 -19337.391816    512.006948 -18239.147303    350.191008  8  6  6 110       
PG19  14587.546897 -15260.240827  15758.111257      0.882351  4  4  2  91       
PG20 -12896.106896 -15596.093248 -17337.478372    522.101850  6  5  4 106       
PG21  20992.334172  16303.036094  -2881.456844    118.572890  3  5  7 109       
PG22  10665.980184  19137.854043  15334.975779   -612.652021  5  5  3  75       
PG23 -14928.180799   9173.184817 -19966.785818    106.099082  5  4  4 102       
PG24 -21615.523987 -15753.019508  -1534.064379     81.647538  6  8  5  97       
PG25 -15243.252995   1085.897070  21436.848997    138.413265  5  5  4 102       
PG26  -3559.574147  26113.610312   1662.262201     86.160296  3  2  2  80       
PG27   1706.382303  15257.291717 -21808.251736   -131.222636  2  5  3 100       
PG28  10548.668322 -23153.019913  -7435.354561    570.240450  7  5  4  95       
PG29 -25475.053844   3772.395603   6551.302466   -348.204371  4  4  5  83       
PG30  13033.544973  -9392.847249 -21115.656374   -426.946017  6  6  4 106       
PG31  -2178.141582  16715.366706  20330.515243   -117.688795  5  4  5  95       
PG32 -18506.845593  15809.536176  10534.721642     21.066574  3  4  5  72       
*  2021  5 16 21  0  0.00000000
PG01  22441.826170  14495.211896   1134.687775    687.135472  9  5  5  65       
PG02  -6039.432779 -18453.742283  18754.194731   -604.791555  5  8  8 103       
PG03  12737.034016  12325.989896  19732.338543   -165.820154  5  3  5  87       
PG04  19566.038748   4574.440215  17408.051322   -196.551608  7  5  6 106       
PG05  -5918.000852 -24067.077306  -9451.233636    -42.154215  5  1     89       
PG06   6320.126010 -13441.377151  22074.783528     16.425681  3  5  3 113       
PG07  22711.045247   4135.904543 -13212.321909    152.705312  5  5  6  98       
PG08  11608.698677  10655.933333 -21431.156848    -21.483167  4  5  3 110       
PG09  24411.891841  -5291.795688   9007.522955   -345.895523     5  3 103       
PG10 -11684.922991  18077.963562 -15263.826328   -123.321221  5  4  6  38       
PG12 -10715.988822 -15248.629267  18725.763291    -42.019867  6  7  5 107       
PG13  -1881.371144 -15211.711664 -21812.222787    132.857024  7  4  5  74       
PG14  12880.374370 -17368.404781 -15415.605465     84.859998  5  5  5  94       
PG15 -13394.499273 -10078.657840 -21018.357212   -148.959543  7  2  4 102       
PG16     99.902353  25660.716296  -6084.551238   -326.269345  6  4  3  77       
PG17  21763.584175 -13891.231817   6654.947757    443.439091  4  3  4  95       
PG18 -20836.126158   -792.219663 -16500.294494    350.190146  9  5  6  94       
PG19  16278.439598 -15644.596495  13607.843492      0.886891  4  4  2  84       
PG20 -12790.487144 -17479.624872 -15549.359091    522.101944  6  5  4 100       
PG21  20392.579474  16206.762304  -5647.359112    118.575221  3  5  7  94       
PG22  10434.447406  20743.635557  13254.930204   -612.643483  5  4  3  83       
PG23 -14839.895862   6835.971876 -20950.622156    106.096183  5  4  4  94       
PG24 -21203.152946 -15841.085929  -4289.714509     81.668035  5  7  6  83       
PG25 -15019.580868  -1424.625603  21596.425285    138.419693  6  6  4 105       
PG26  -3865.460211  25734.772453   4466.980568     86.164664  3  3  2  91       
PG27   -527.357082  16196.045311 -21144.587256   -131.228543  2  4  4  91       
PG28  10538.961740 -22071.157541 -10062.423259    570.235262  7  5  3  90       
PG29 -24682.393130   3297.783569   9257.222199   -348.210195  4  4  5  75       
PG30  14905.338188  -7892.149397 -20505.395169   -426.950431  6  6  5 110       
PG31  -4146.411634  15338.877150  21132.260779   -117.690563  4  4  5  91       
PG32 -19564.846885  16018.397054   7949.754810     21.065910  3  4  5  69       
*  2021  5 16 21 15  0.00000000
PG01  22350.013098  14627.171550  -1746.659645    687.125641  9  4  5  61       
PG02  -4130.501626 -17567.929695  20125.390394   -604.794414  4  8  8 104       
PG03  12550.197812  14509.196825  18333.575206   -165.829452  4  3  5  98       
PG04  17759.751807   5610.754974  18966.964122   -196.552972  7  5  6 104       
PG05  -5659.711532 -24983.784558  -6802.730507    -42.154803  5        82       
PG06   8449.601172 -12111.753087  22137.323810     16.429040  4  5  3 109       
PG07  23791.049625   5071.404328 -10883.750369    152.714777  6  5  6  96       
PG08   9459.835543  11869.732453 -21819.028078    -21.484473  4  4  3  96       
PG09  23496.099478  -4505.836769  11505.345764   -345.897565     5  3 108       
PG10 -11796.167281  16189.014815 -17187.668191   -123.328119  5  5  6  52       
PG12 -10371.317922 -17311.431084  17089.083776    -42.024562  6  6  5 101       
PG13    419.097323 -16019.798611 -21289.773011    132.861380  7  4  4 113       
PG14  12906.965874 -15489.215315 -17286.527793     84.855285  4  4  5 110       
PG15 -11470.784107 -11449.042742 -21425.811665   -148.957258  7  1  4 102       
PG16   -207.066196  26138.110854  -3242.303255   -326.274474  6  4  3  80       
PG17  22340.541042 -13952.082319   3840.007446    443.444315  4  3  3  84       
PG18 -22224.995559  -1896.467893 -14478.442413    350.189255 10  6  6  81       
PG19  17702.223947 -16025.257280  11218.046858      0.891340  4  4  2  79       
PG20 -12755.605741 -19149.886212 -13496.713427    522.101650  6  4  4  74       
PG21  19513.003613  16001.038413  -8317.004584    118.577420  4  6  6 116       
PG22  10267.181953  22114.462844  10951.256840   -612.635092  5  4  4  70       
PG23 -14873.287124   4406.897470 -21574.298965    106.093297  5  4  4  88       
PG24 -20530.107622 -15803.286221  -6973.607434     81.688549  5  7  6  90       
PG25 -14925.498135  -3937.036478  21375.219663    138.426063  6  6  4 108       
PG26  -4189.640112  25056.684789   7193.443154     86.169075  2  3  2  90       
PG27  -2625.814401  17212.663683 -20120.346474   -131.234438  3  4  4  93       
PG28  10551.896566 -20699.289336 -12514.037096    570.229715  7  4  2  97       
PG29 -23644.001324   2660.234886  11803.928449   -348.216024  5  4  5  87       
PG30  16772.024823  -6534.978147 -19541.903380   -426.954890  7  6  5  93       
PG31  -6236.810425  14027.226988  21565.405628   -117.692419  4  4  5 104       
PG32 -20346.120948  16139.336607   5227.138415     21.065255  4  3  5  83       
*  2021  5 16 21 30  0.00000000
PG01  21985.339761  14605.820623  -4598.662009    687.115749  7  1  5  90       
PG02  -2058.653222 -16732.193214  21168.059667   -604.797188  4  7  7 108       
PG03  12476.253231  16521.302873  16618.448167   -165.838744  5  3  5  99       
PG04  15872.088124   6817.560941  20200.318112   -196.554352  6  5  6 104       
PG05  -5428.840545 -25606.883295  -4036.423899    -42.155995  5  1  1  80       
PG06  10637.036596 -10910.496802  21821.137998     16.432421  4  5  3 107       
PG07  24677.773799   5812.985908  -8369.694127    152.724371  7  5  6  95       
PG08   7356.928138  13209.975695 -21832.268253    -21.485817  4  4  2 104       
PG09  22391.789804  -3528.742112  13804.857829   -345.899609     4  3 104       
PG10 -12012.054547  14106.993016 -18810.139897   -123.335032  5  5  6  75       
PG12 -10148.833774 -19183.801092  15154.431677    -42.029106  7  6  6  96       
PG13   2602.051606 -16918.163590 -20404.556859    132.865744  7  4  4 110       
PG14  13026.197977 -13419.306817 -18859.903713     84.850671  4  3  5 114       
PG15  -9592.715903 -12927.913316 -21476.964588   -148.954911  7     3  95       
PG16   -468.998449  26303.504936   -342.869547   -326.280122  6  4  3  91       
PG17  22631.092466 -13891.114707    959.443472    443.449682  4  3  3  88       
PG18 -23460.141478  -2803.858367 -12208.331622    350.188370 10  6  7  70       
PG19  18843.812954 -16361.709324   8631.242572      0.895772  4  4  2  80       
PG20 -12762.317222 -20578.675701 -11214.773781    522.101121  6  3  4  89       
PG21  18349.747883  15722.956610 -10843.591877    118.579911  4  6  6 123       
PG22  10133.645669  23226.250819   8462.634542   -612.626663  5  4  4  87       
PG23 -15036.961728   1933.914352 -21827.260717    106.090382  5  4  4  95       
PG24 -19591.245197 -15675.216305  -9541.064936     81.709128  5  7  6  92       
PG25 -14959.850026  -6401.008366  20778.057269    138.432449  7  6  4 107       
PG26  -4566.261622  24092.944813   9793.883053     86.173492  2  3  2  96       
PG27  -4554.033712  18273.027964 -18751.769097   -131.240343  3  3  5  95       
PG28  10622.842677 -19058.401094 -14746.042146    570.224413  7  4  2 101       
PG29 -22395.855593   1838.016825  14147.482097   -348.221911  5  4  4  97       
PG30  18590.220773  -5335.607447 -18242.456729   -426.959329  7  6  6  87       
PG31  -8411.610050  12812.134462  21623.744272   -117.694497  4  4  5 102       
PG32 -20853.940014  16134.131482   2413.860940     21.064578  4  3  5  70       
*  2021  5 16 21 45  0.00000000
PG01  21335.706395  14468.757684  -7373.570059    687.105949  6  2  6  89       
PG02    142.483119 -15976.684973  21866.290145   -604.800056  4  7  7  90       
PG03  12491.389190  18323.303219  14616.928884   -165.848052  5  2  4 100       
PG04  13949.161996   8186.935253  21086.822504   -196.555674  6  5  6 105       
PG05  -5188.919411 -25926.067727  -1200.070292    -42.157081  5  2  2  78       
PG06  12836.254452  -9857.676245  21131.785956     16.435805  4  5  2 112       
PG07  25337.962432   6379.323995  -5713.776024    152.733749  8  5  6 108       
PG08   5341.637574  14650.044830 -21469.720176    -21.486778  3  3  2 104       
PG09  21138.769935  -2350.966581  15866.270685   -345.901666     4  4 109       
PG10 -12352.502838  11874.812617 -20103.136924   -123.341939  5  6  6  61       
PG12 -10024.442100 -20827.608070  12956.306657    -42.033875  7  5  6  85       
PG13   4629.665679 -17876.964706 -19171.121304    132.869839  7  4  4 105       
PG14  13259.012173 -11199.070031 -20108.750167     84.845976  4  2  5 103       
PG15  -7795.526942 -14488.103174 -21169.993647   -148.952465  7     3 101       
PG16   -723.852053  26149.709877   2562.606593   -326.285455  5  4  3  92       
PG17  22647.956653 -13671.059935  -1937.568976    443.454997  4  3  3  98       
PG18 -24500.613177  -3525.624260  -9728.927757    350.187458 11  6  7  76       
PG19  19697.455031 -16612.784955   5893.259065      0.900498  3  3  3  88       
PG20 -12777.652334 -21744.923662  -8742.518128    522.101500  6  4  4  77       
PG21  16907.827888  15410.502163 -13181.919199    118.582254  4  6  6 112       
PG22  10000.140706  24062.233484   5830.903359   -612.618043  5  4  3  92       
PG23 -15331.461568   -533.895886 -21705.316524    106.087452  6  4  4 101       
PG24 -18389.259265 -15493.616327 -11949.446781     81.729580  5  6  7  81       
PG25 -15113.354578  -8767.800933  19816.472124    138.438834  7  6  4 109       
PG26  -5026.476010  22865.357465  12222.789262     86.177905  2  3  2 103       
PG27  -6283.793969  19338.141200 -17061.095731   -131.246306  4  3  5  86       
PG28  10783.134693 -17177.869134 -16717.680137    570.218858  7  4  2  98       
PG29 -20979.038999    816.866384  16247.382748   -348.227840  5  4  4 100       
PG30  20315.928199  -4300.439548 -16630.019066   -426.963723  8  6  6  95       
PG31 -10628.533153  11718.668719  21307.670183   -117.696115  5  4  5  97       
PG32 -21100.009722  15967.226303   -441.344299     21.063913  4  3  6  43       
*  2021  5 16 22  0  0.00000000
PG01  20397.465734  14255.947171 -10025.130747    687.096189  6  4  7  92       
PG02   2434.383336 -15325.525521  22209.533975   -604.802904  5  6  6 108       
PG03  12565.932410  19882.521701  12363.844604   -165.857397  5  3  4  99       
PG04  12035.980813   9702.849482  21611.114270   -196.556986  5  5  7 106       
PG05  -4902.855984 -25939.873241   1657.142087    -42.158305  5  2  2  88       
PG06  14998.829807  -8965.204247  20081.161935     16.439203  4  5  1 112       
PG07  25744.112491   6795.395630  -2961.508767    152.743131  8  4  6 107       
PG08   3450.735718  16156.753601 -20736.704607    -21.487739  4  3  3 106       
PG09  19779.542922   -971.002528  17653.864906   -345.903756     3  4 107       
PG10 -12829.947178   9539.485987 -21044.485296   -123.348729  5  6  7  74       
PG12  -9968.207852 -22211.504580  10533.615806    -42.038778  7  5  6  95       
PG13   6470.256499 -18860.923784 -17609.962475    132.874142  6  4  4 108       
PG14  13619.296907  -8873.104889 -21011.681846     84.841212  5  2  5 108       
PG15  -6109.603580 -16096.854625 -20508.866364   -148.950064  7  1  3  94       
PG16  -1009.974435  25679.065006   5422.555627   -326.290979  5  4  3  89       
PG17  22411.952833 -13258.917792  -4801.055978    443.460316  4  3  3  79       
PG18 -25309.912940  -4080.478093  -7082.758078    350.186555 11  7  7  78       
PG19  20266.743839 -16738.418213   3052.351900      0.904846  3  3  3  83       
PG20 -12766.214229 -22635.331825  -6122.024050    522.101080  6  4  5  77       
PG21  15201.274778  15100.955439 -15289.262385    118.584577  4  6  6 111       
PG22   9831.237419  24613.506307   3100.410798   -612.609711  5  4  3  89       
PG23 -15749.219706  -2948.015120 -21210.700930    106.084538  6  4  5  91       
PG24 -16934.695882 -15294.875656 -14158.783270     81.749961  5  6  7  89       
PG25 -15369.051968 -10991.974533  18508.419499    138.445249  7  7  4 101       
PG26  -5597.006114  21403.136599  14437.743140     86.182363  3  3  4 105       
PG27  -7794.547406  20365.586936 -15076.276348   -131.252219  4  3  5 100       
PG28  11058.612120 -15094.536722 -18392.451970    570.214032  7  4  3 103       
PG29 -19438.187538   -409.249239  18067.277079   -348.233309  5  5  4  89       
PG30  21906.119146  -3427.961771 -14732.807263   -426.968105  8  6  6  85       
PG31 -12842.250034  10764.421146  20624.071416   -117.698049  6  4  5 107       
PG32 -21103.899818  15607.289880  -3288.860114     21.063300  4  4  6  55       
*  2021  5 16 22 15  0.00000000
PG01  19175.641279  14008.079190 -12509.283775    687.086460  6  5  7  83       
PG02   4774.847493 -14795.989451  22192.698634   -604.805838  4  6  5  93       
PG03  12665.635274  21173.698365   9898.253677   -165.866733  5  3  4  90       
PG04  10174.834636  11341.622495  21764.029278   -196.558309  5  5  7 103       
PG05  -4534.589338 -25655.720666   4485.466396    -42.159043  5  3  3  91       
PG06  17075.791103  -8236.509919  18687.288184     16.442575  4  5  1 100       
PG07  25875.461384   7091.282573   -159.530850    152.752520  8  4  6  94       
PG08   1714.831934  17691.504310 -19644.992302    -21.489146  4  3  4 103       
PG09  18357.686510    604.348837  19136.621420   -345.905806  1  2  3 101       
PG10 -13448.756374   7150.431042 -21618.316131   -123.355604  5  6  7  62       
PG12  -9945.709745 -23311.969386   7928.930597    -42.043225  7  4  6  82       
PG13   8099.319447 -19830.651760 -15747.223124    132.878605  6  5  4 105       
PG14  14113.256804  -6488.673041 -21553.271347     84.836519  5  1  5 105       
PG15  -4559.482342 -17716.887740 -19503.356252   -148.947751  6  2  2  95       
PG16  -1364.342508  24903.411761   8185.980129   -326.296119  5  4  3  88       
PG17  21951.177423 -12627.463951  -7581.107171    443.465959  4  3  3  84       
PG18 -25857.382986  -4493.690944  -4315.189149    350.185618 11  7  6  70       
PG19  20564.262624 -16701.349892    158.294847      0.909426  4  3  4  65       
PG20 -12691.669442 -23244.730904  -3397.781101    522.100449  5  4  5  85       
PG21  13252.929172  14829.282022 -17126.267594    118.586920  4  7  6 113       
PG22   9591.281107  24879.289325    317.312071   -612.601040  5  4  4  68       
PG23 -16274.841698  -5262.155601 -20352.026237    106.081587  6  4  5  66       
PG24 -15245.695565 -15113.566010 -16132.366328     81.770492  5  6  7  89       
PG25 -15703.070760 -13032.957496  16877.868384    138.451658  7  6  5  92       
PG26  -6298.899342  19741.822785  16400.191307     86.186707  4  3  5 105       
PG27  -9074.071981  21311.152212 -12830.570276   -131.258126  3  3  5  87       
PG28  11468.367238 -12851.472726 -19738.927157    570.208411  6  3  3  98       
PG29 -17819.808985  -1837.691673  19575.598737   -348.239276  6  5  4  94       
PG30  23320.283383  -2709.012895 -12583.774981   -426.972526  8  6  6  88       
PG31 -15005.982598   9958.990024  19586.112507   -117.699976  6  5  4 104       
PG32 -20892.170605  15028.620877  -6079.073212     21.062645  4  4  5  51       
*  2021  5 16 22 30  0.00000000
PG01  17683.839415  13764.922890 -14784.816407    687.076718  7  5  7  82       
PG02   7119.337176 -14397.937758  21816.184667   -604.808433  4  6  5  96       
PG03  12753.144291  22179.795000   7262.754620   -165.876056  4  4  4  84       
PG04   8403.798510  13072.677063  21542.769295   -196.559621  5  5  7 102       
PG05  -4050.717630 -25089.620780   7235.494218    -42.160160  5  3  3  86       
PG06  19019.348676  -7666.542992  16974.009292     16.445915  4  5  1  97       
PG07  25718.724334   7300.809524   2645.142639    152.762204  8  4  6  94       
PG08    157.335952  19211.677315 -18212.660716    -21.490900  3  2  5  96       
PG09  16916.200313   2360.031010  20288.772548   -345.907871  2  2  4 107       
PG10 -14204.987037   4757.698334 -21815.313976   -123.362486  4  7  7  65       
PG12  -9919.564135 -24114.043517   5187.695095    -42.047939  7  4  6  71       
PG13   9500.295740 -20744.152205 -13614.292768    132.882836  6  4  5  99       
PG14  14739.090892  -4094.055472 -21724.306568     84.831883  6  1  5 103       
PG15  -3163.055045 -19307.657247 -18168.979264   -148.945201  6  2  3  82       
PG16  -1820.845271  23843.685422  10803.459614   -326.301512  4  4  3  94       
PG17  21299.890718 -11756.563163 -10228.772730    443.471359  4  3  3  88       
PG18 -26119.381325  -4795.920163  -1473.657435    350.184663 10  7  6  44       
PG19  20610.884303 -16468.712824  -2738.536751      0.914138  4  2  4  79       
PG20 -12518.278505 -23576.144992   -615.970817    522.100463  5  4  5  79       
PG21  11093.876681  14626.578832 -18657.834731    118.589870  3  7  5 118       
PG22   9245.922694  24866.899119  -2471.167786   -612.592481  5  4  3  83       
PG23 -16885.700461  -7433.838698 -19144.127805    106.078686  6  5  5  86       
PG24 -13347.471054 -14981.053000 -17837.295009     81.790955  5  6  6  93       
PG25 -16085.674065 -14856.406390  14954.288119    138.458031  7  7  5  90       
PG26  -7146.517098  17921.962651  18076.138682     86.191165  5  3  6 102       
PG27 -10118.807186  22130.554994 -10362.038623   -131.264024  3  3  5  88       
PG28  12023.762965 -10496.455671 -20731.472270    570.203085  6  3  3  93       
PG29 -16170.538312  -3457.049032  20746.127881   -348.245064  6  5  4  89       
PG30  24521.882626  -2127.344994 -10220.026068   -426.976931  9  5  6  95       
PG31 -17073.151412   9303.791290  18212.913262   -117.701855  7  5  4  91       
PG32 -20497.228529  14212.344231  -8763.271052     21.062044  4  4  5  45       
*  2021  5 16 22 45  0.00000000
PG01  15943.860990  13563.730610 -16813.971752    687.066914  8  5  8  89       
PG02   9422.390241 -14133.512189  21085.872326   -604.811364  4  6  4  98       
PG03  12789.590794  22892.490355   4502.742014   -165.885486  5  4  3  83       
PG04   6755.404669  14859.572521  20950.961411   -196.560939  4  5  7 108       
PG05  -3422.031588 -24265.547660   9859.058152    -42.161250  5  4  3  74       
PG06  20784.586834  -7242.110055  14970.592084     16.449298  4  5  2 103       
PG07  25268.561628   7460.071165   5405.845636    152.771668  8  4  6  95       
PG08  -1206.299764  20672.202280 -16463.833593    -21.492289  3  2  5  97       
PG09  15495.885893   4273.110382  21090.262188   -345.909935  3  1  4 113       
PG10 -15086.482199   2410.189702 -21632.836669   -123.369290  4  7  7  76       
PG12  -9851.054845 -24611.737083   2357.402889    -42.052660  7  5  6  58       
PG13  10665.040680 -21558.447654 -11247.313908    132.887337  6  4  5  97       
PG14  15486.992072  -1736.877802 -21521.941543     84.827187  6  2  5 107       
PG15  -1931.014867 -20826.757449 -16526.845310   -148.942992  5  2  3 102       
PG16  -2408.686064  22529.137312  13228.135046   -326.306819  5  5  3  96       
PG17  20497.150972 -10634.228956 -12696.977853    443.476612  5  3  3  85       
PG18 -26080.201776  -5021.831122   1393.134681    350.183757 10  8  6  65       
PG19  20434.762341 -16013.435130  -5588.070576      0.918254  4  2  4  83       
PG20 -12212.410025 -23640.561724   2176.276285    522.099855  6  5  5  87       
PG21   8762.529807  14518.647286 -19853.963471    118.591773  4  7  5  98       
PG22   8763.616577  24591.427893  -5217.500952   -612.583956  5  4  4  76       
PG23 -17552.821407  -9425.826225 -17607.805355    106.075723  7  5  6  69       
PG24 -11271.538749 -14924.233551 -19244.971397     81.811340  5  5  6  94       
PG25 -16482.537845 -16435.309188  12772.045039    138.464349  7  7  5  92       
PG26  -8146.801734  15987.604735  19436.747722     86.195690  5  4  6 109       
PG27 -10933.854083  22781.209616  -7712.932941   -131.269926  4  4  5  85       
PG28  12727.772913  -8080.241783 -21350.871826    570.197394  6  3  4  98       
PG29 -14535.397197  -5247.378204  21558.459739   -348.251141  7  5  4  87       
PG30  25479.657678  -1660.455798  -7682.168771   -426.981328  9  5  6  89       
PG31 -18999.002582   8792.195067  16529.136200   -117.703799  7  5  4  88       
PG32 -19955.955948  13147.347628 -11294.529242     21.061401  4  4  5  76       
*  2021  5 16 23  0  0.00000000
PG01  13985.027468  13437.747536 -18563.006335    687.057063  8  4  8 106       
PG02  11639.070141 -13997.100241  20013.057630   -604.814245  4  6  3  88       
PG03  12736.241525  23312.348837   1665.622726   -165.894834  5  5  4  86       
PG04   5255.535491  16661.275133  19998.608116   -196.562243  4  6  7 106       
PG05  -2624.889154 -23214.503590  12310.120641    -42.162122  5  5  3  80       
PG06  22331.056396  -6942.529361  12711.237190     16.452729  5  5  3  92       
PG07  24527.766041   7605.902232   8076.956525    152.781022  8  4  6  94       
PG08  -2369.025094  22027.251413 -14428.304121    -21.493416  4  2  5  95       
PG09  14133.823182   6313.465975  21527.106186   -345.911980  4     4 104       
PG10 -16073.307331    153.939664 -21074.907776   -123.376214  4  7  7  77       
PG12  -9701.803123 -24808.097478   -513.240563    -42.057216  7  5  7  63       
PG13  11593.972395 -22231.267705  -8686.599492    132.891511  6  4  6 104       
PG14  16339.467666    537.533170 -20949.738714     84.822481  7  3  5 110       
PG15   -866.568342 -22231.428745 -14603.419897   -148.940697  5  3  3  96       
PG16  -3150.976930  20996.218173  15416.645903   -326.312164  5  6  4 102       
PG17  19585.245183  -9257.378125 -14941.434633    443.481753  6  3  4  82       
PG18 -25732.702940  -5208.566360   4236.044381    350.182788  9  8  6  95       
PG19  20070.059084 -15315.408420  -8341.411948      0.922730  4  3  5  88       
PG20 -11743.982748 -23456.417330   4931.637324    522.099550  6  5  5  86       
PG21   6303.378348  14524.763903 -20690.530508    118.593970  4  7  5 107       
PG22   8117.028904  24075.138341  -7874.642888   -612.575361  5  5  4  82       
PG23 -18242.023580 -11207.350864 -15769.464883    106.072792  7  5  6  81       
PG24  -9054.729340 -14964.442683 -20331.542848     81.831812  5  5  6  99       
PG25 -16856.205478 -17750.793405  10369.726055    138.470720  8  7  5  89       
PG26  -9298.849908  13984.674010  20458.832766     86.200199  6  4  7  86       
PG27 -11532.633543  23223.959792  -4928.987040   -131.275834  4  5  5  85       
PG28  13574.682165  -5654.688771 -21584.817024    570.192178  5  3  4 105       
PG29 -12956.125300  -7180.784297  21998.373026   -348.256977  7  5  4  85       
PG30  26168.741255  -1280.657066  -5013.622230   -426.985788  9  5  6  79       
PG31 -20742.154143   8409.975252  14564.495031   -117.705763  7  5  4 104       
PG32 -19308.170040  11830.917714 -13628.570606     21.060802  4  4  5  24       
*  2021  5 16 23 15  0.00000000
PG01  11843.245617  13414.877715 -20002.693198    687.047200  8  3  7 107       
PG02  13726.406181 -13975.572746  18614.336927   -604.817092  4  5  3  92       
PG03  12556.145128  23448.659010  -1199.993907   -165.904192  6  5  4  89       
PG04   3922.579781  18433.618415  18701.928020   -196.563579  4  6  7 109       
PG05  -1642.372732 -21973.311651  14545.629386    -42.163022  5  6  3  94       
PG06  23624.208150  -6740.579051  10234.509534     16.456122  6  5  3  92       
PG07  23507.169868   7774.344414  10614.558525    152.790796  7  5  6  99       
PG08  -3332.303749  23231.988542 -12141.045172    -21.494033  3  3  5  95       
PG09  12862.002982   8444.765219  21591.645744   -345.914055  5     5 113       
PG10 -17138.502692  -1969.473186 -20152.085633   -123.383034  5  7  7  88       
PG12  -9435.412361 -24714.942962  -3375.154638    -42.061608  7  6  6  73       
PG13  12295.892566 -22722.734249  -5975.968805    132.895327  7  3  6  97       
PG14  17271.968548   2687.699457 -20017.602373     84.817782  8  2  6 112       
PG15     34.570045 -23480.113741 -12430.191784   -148.938190  5  3  3  96       
PG16  -4063.589123  19287.169885  17329.993765   -326.317538  5  6  3 107       
PG17  18607.976976  -7632.239233 -16921.529012    443.487451  7  3  4  94       
PG18 -25078.621917  -5394.121247   7006.321930    350.181828  9  9  7  86       
PG19  19555.467283 -14362.379086 -10951.672917      0.927401  5  3  5  80       
PG20 -11087.782707 -23048.815510   7603.357819    522.099707  7  6  5  72       
PG21   3765.449180  14656.714160 -21149.965241    118.596547  5  7  4 116       
PG22   7284.301576  23346.593475 -10396.826116   -612.566729  6  5  4  83       
PG23 -18915.272881 -12755.099822 -13660.667215    106.069871  7  5  7 100       
PG24  -6738.010031 -15116.567962 -21078.286250     81.852295  5  6  5 109       
PG25 -17167.657349 -18792.614375   7789.406358    138.477110  8  7  5  88       
PG26 -10593.807992  11959.291483  21125.241338     86.204654  7  4  7 110       
PG27 -11936.210706  23424.707708  -2058.622329   -131.281679  4  6  6  77       
PG28  14550.170617  -3270.817065 -21428.241275    570.186976  5  3  5 103       
PG29 -11469.648404  -9222.316471  22058.090823   -348.262467  8  5  5 104       
PG30  26571.536996   -956.336407  -2259.886711   -426.990203  9  5  6  83       
PG31 -22266.006588   8136.048314  12353.196648   -117.707518  8  4  4 101       
PG32 -18594.973432  10269.048055 -15724.577436     21.060152  4  4  5  69       
*  2021  5 16 23 30  0.00000000
PG01   9559.842461  13516.551965 -21108.766682    687.037271  7  3  7  98       
PG02  15644.780775 -14048.789170  16911.437678   -604.819965  5  5  4  93       
PG03  12215.711443  23318.950677  -4045.118366   -165.913564  6  6  4  87       
PG04   2766.884962  20130.898144  17083.088993   -196.564905  4  6  7 108       
PG05   -465.179164 -20583.184157  16526.320053    -42.164070  5  6  3  99       
PG06  24636.613436  -6603.702700   7582.696186     16.459549  7  6  3 100       
PG07  22225.279661   7999.162035  12977.061561    152.800343  7  5  6  98       
PG08  -4105.883580  24244.304083  -9641.613108    -21.495165  3  3  6  87       
PG09  11706.169261  10625.688847  21282.688693   -345.916051  5     5 103       
PG10 -18249.118413  -3924.324207 -18881.215651   -123.389863  5  7  6  75       
PG12  -9019.025054 -24352.278026  -6179.705270    -42.066587  7  7  6  56       
PG13  12787.483226 -22996.977977  -3162.011029    132.899683  7  3  7 105       
PG14  18253.802571   4677.389951 -18741.604739     84.813051  9  2  6 109       
PG15    783.893439 -24534.006627 -10043.243984   -148.936245  5  3  4  98       
PG16  -5154.311981  17448.386989  18934.308662   -326.323183  6  7  3 103       
PG17  17608.880843  -5774.388104 -18601.158889    443.492812  7  3  5  88       
PG18 -24128.560409  -5615.688915   9656.438619    350.180997 10  9  8 100       
PG19  18932.586772 -13150.533095 -13374.742795      0.931563  6  4  5  74       
PG20 -10224.606694 -22448.508303  10146.007000    522.098903  7  6  6  82       
PG21   1200.534373  14918.146028 -21221.791678    118.598918  5  8  4 112       
PG22   6250.121334  22439.550896 -12740.349229   -612.558324  6  6  4  77       
PG23 -19532.195415 -14053.915253 -11317.590653    106.066877  7  6  7  83       
PG24  -4365.156894 -15388.403787 -21471.929605     81.872771  6  6  5 102       
PG25 -17377.931703 -19559.312271   5075.878128    138.483477  8  8  6  75       
PG26 -12015.091542   9956.106542  21425.117402     86.209145  7  4  7 113       
PG27 -12172.308211  23355.869726    847.919554   -131.287526  4  6  6  66       
PG28  15631.781856   -976.895898 -20883.486613    570.181266  5  3  5 105       
PG29 -10106.743392 -11331.146800  21736.428374   -348.268638  8  5  5  81       
PG30  26678.334080   -653.363534    532.211102   -426.994678 10  5  6  68       
PG31 -23539.968877   7943.467741   9933.328811   -117.709820  8  4  4  89       
PG32 -17857.063990   8476.404556 -17545.939324     21.059501  4  5  5  75       
*  2021  5 16 23 45  0.00000000
PG01   7180.209431  13756.837017 -21862.305049    687.027393  7  2  7 106       
PG02  17359.220229 -14190.358753  14930.992010   -604.822926  6  5  4  83       
PG03  11686.163644  22948.211190  -6821.202465   -165.922820  7  6  4  84       
PG04   1790.526480  21707.541173  15169.837389   -196.566246  4  6  7 105       
PG05    907.796348 -19088.125056  18217.447958    -42.165182  6  7  4  95       
PG06  25348.925770  -6495.426409   4801.101137     16.462955  8  6  4  85       
PG07  20707.654651   8310.455406  15125.783203    152.810068  7  5  5 101       
PG08  -4707.232243  25026.465134  -6973.454776    -21.495789  4  4  6  70       
PG09  10684.916682  12811.357944  20605.535617   -345.918114  5     5 101       
PG10 -19367.487976  -5681.898530 -17285.074696   -123.396705  5  7  7  86       
PG12  -8424.734602 -23747.418294  -8879.499323    -42.071025  7  7  7  89       
PG13  13092.496547 -23023.621736   -293.287799    132.904118  8  3  7 113       
PG14  19249.297078   6476.813970 -17143.707829     84.808306  9  3  7 100       
PG15   1399.531735 -25358.536938  -7482.727406   -148.933765  5  3  4 112       
PG16  -6422.357583  15528.620379  20201.497931   -326.328533  6  8  4 109       
PG17  16629.438026  -3708.399307 -19949.499033    443.498160  8  4  5  84       
PG18 -22901.643234  -5908.038417  12140.895498    350.180098 11  9 10  99       
PG19  18244.221721 -11684.757475 -15569.989759      0.936101  6  5  6  86       
PG20  -9142.189187 -21690.675520  12516.217905    522.098701  8  7  6  93       
PG21  -1338.737114  15304.285811 -20903.007283    118.601406  6  8  3 121       
PG22   5006.549363  21391.660466 -14864.347647   -612.549540  7  6  4  83       
PG23 -20051.692959 -15097.185636  -8780.416471    106.063971  7  6  8  92       
PG24  -1981.321169 -15780.270506 -21504.905761     81.893243  6  6  6  97       
PG25 -17449.733182 -20058.039602   2275.856298    138.489814  9  8  6  79       
PG26 -13538.917427   8016.708023  21354.044485     86.213635  7  4  7  81       
PG27 -12274.044881  22997.594753   3739.499757   -131.293383  5  7  6  78       
PG28  16789.760782   1183.357592 -19960.291393    570.175444  5  4  6  97       
PG29  -8890.952470 -13461.987445  21038.824347   -348.274164  8  5  6  95       
PG30  26487.636684   -336.587384   3315.286586   -426.999133 10  5  5  84       
PG31 -24540.459231   7800.632600   7346.205120   -117.711650  8  4  3  93       
PG32 -17133.073108   6475.948487 -19060.920478     21.058880  5  5  6  80       
EOF
