#cP2021  5 17  0  0  0.00000000      96 ORBIT IGb14 HLM  IGS
## 2158  86400.00000000   900.00000000 59351 0.0000000000000
+   31   G01G02G03G04G05G06G07G08G09G10G12G13G14G15G16G17G18
+        G19G20G21G22G23G24G25G26G27G28G29G30G31G32  0  0  0
+          0  0  0  0  0  0  0  0  0  0  0  0  0  0  0  0  0
+          0  0  0  0  0  0  0  0  0  0  0  0  0  0  0  0  0
+          0  0  0  0  0  0  0  0  0  0  0  0  0  0  0  0  0
++         2  2  1  2  2  2  2  2  1  1  2  1  2  1  2  1  3
++         2  2  2  1  2  2  2  2  2  2  2  2  2  2  0  0  0
++         0  0  0  0  0  0  0  0  0  0  0  0  0  0  0  0  0
++         0  0  0  0  0  0  0  0  0  0  0  0  0  0  0  0  0
++         0  0  0  0  0  0  0  0  0  0  0  0  0  0  0  0  0
%c G  cc GPS ccc cccc cccc cccc cccc ccccc ccccc ccccc ccccc
%c cc cc ccc ccc cccc cccc cccc cccc ccccc ccccc ccccc ccccc
%f  1.2500000  1.025000000  0.00000000000  0.000000000000000
%f  0.0000000  0.000000000  0.00000000000  0.000000000000000
%i    0    0    0    0      0      0      0      0         0
%i    0    0    0    0      0      0      0      0         0
/* FINAL ORBIT COMBINATION FROM WEIGHTED AVERAGE OF:        
/* cod emr esa gfz grg jpl mit ngs sio                      
/* REFERENCED TO IGS TIME (IGST) AND TO WEIGHTED MEAN POLE: 
/* PCV:IGS14_2148 OL/AL:FES2004  NONE     Y  ORB:CMB CLK:CMB
*  2021  5 17  0  0  0.00000000
PG01   4752.300755  14141.817820 -22250.046730    687.017430  9  8  8  70       
PG02  18840.546875 -14368.638421  12704.248700   -604.825851  8  6  6  95       
PG03  10944.808579  22367.832585  -9480.947321   -165.932062  7  3  7  93       
PG04    987.403509  23119.783979  12995.028875   -196.567690  7  9  4  91       
PG05   2469.208157 -17533.231862  19589.432162    -42.166128  6  5  6  83       
PG06  25750.546846  -6376.933550   1937.287597     16.466313  7  8  5  87       
PG07  18986.051928   8733.416673  17025.486789    152.819889  6  6  8  87       
PG08  -5160.659110  25546.612239  -4183.130244    -21.496572  7  6  5 106       
PG09   9809.078722  14954.908070  19571.889964   -345.920295  6  4  4  99       
PG10 -20452.687202  -7221.363848 -15391.918104   -123.403519  5  8  4 107       
PG12  -7630.801424 -22933.862344 -11429.140944    -42.075674  7  7  9 100       
PG13  13240.667054 -22779.070329   2580.511868    132.908053  8  3  6  87       
PG14  20219.165832   8063.565566 -15251.385899     84.803524 10  6  6  95       
PG15   1905.408875 -25924.728313  -4792.239081   -148.931057 10  6  7  96       
PG16  -7858.232012  13577.102586  21109.761755   -326.333961  9  4  6 118       
PG17  15707.371728  -1467.120062 -20941.669016    443.503669  4  7  5 106       
PG18 -21424.861685  -6301.988968  14416.999545    350.179383 12  9 12  75       
PG19  17532.664568  -9978.574417 -17500.885726      0.940571  5  6  7 102       
PG20  -7835.877005 -20813.546585  14673.402304    522.098152  9  6 10  91       
PG21  -3800.896243  15802.041125 -20198.274915    118.603853  9  6  6  83       
PG22   3553.574938  20243.012836 -16731.531779   -612.540898  5  4  7  92       
PG23 -20433.598591 -15886.914000  -6092.647192    106.061149  8  9  8  94       
PG24    368.462521 -16284.915327 -21175.532738     81.913641  8 10  4  74       
PG25 -17348.968077 -20304.073250   -562.823825    138.496041  8  8  9  40       
PG26 -15135.124679   6178.175498  20914.069512     86.218134  8  6  5 107       
PG27 -12278.449621  22338.690020   6565.040962   -131.299328  5  6  6  89       
PG28  17988.223886   3172.382534 -18675.596925    570.170013 11  7  8  81       
PG29  -7837.789279 -15566.691803  19977.254229   -348.280091  9  7  2 109       
PG30  26006.197833     28.632181   6042.168657   -427.003601  8  5  9  72       
PG31 -25251.648930   7672.662494   4635.678104   -117.713750  8  5  8  94       
PG32 -16458.000614   4298.231675 -20243.232465     21.058166  6  8  8  97       
*  2021  5 17  0 15  0.00000000
PG01   2325.036079  14669.276650 -22264.635668    687.007479  9  8  7  67       
PG02  20066.352387 -14547.940982  10266.718707   -604.828505  7  7  6  92       
PG03   9976.077890  21614.330752 -11979.085627   -165.941441  7  3  6  79       
PG04    343.657400  24327.296104  10596.068229   -196.569110  7  9  4  80       
PG05   4203.351479 -15962.967080  20618.397635    -42.167000  4  5  5  71       
PG06  25839.971016  -6208.737203   -959.720619     16.469742  6  8  5  86       
PG07  17097.367830   9287.268040  18644.875317    152.829401  6  6  8  84       
PG08  -5496.157953  25780.039858  -1319.466658    -21.497839  7  5  5  99       
PG09   9081.430116  17009.149368  18199.653592   -345.922221  6  4  4  96       
PG10 -21462.119811  -8530.331203 -13234.941124   -123.410350  4  8  4  92       
PG12  -6622.631301 -21949.955964 -13785.940944    -42.080351  7  7  8  84       
PG13  13266.387501 -22247.553070   5409.449175    132.912459  7  2  6  90       
PG14  21122.027918   9423.283439 -13097.154798     84.798723  9  5  6  96       
PG15   2330.154667 -26210.374777  -2018.110083   -148.929009  9  5  7  90       
PG16  -9443.976437  11641.676827  21643.964406   -326.339350  9  3  6 117       
PG17  14875.097903    909.408894 -21559.282392    443.508977  4  7  5 107       
PG18 -19732.125906  -6823.039450  16445.594213    350.178553 12  8 12  99       
PG19  16838.031015  -8053.755996 -19135.548989      0.945313  4  6  7 102       
PG20  -6309.024624 -19856.914663  16580.430416    522.098123  8  6 10  92       
PG21  -6137.603370  16390.495245 -19119.911745    118.606337  8  6  5  77       
PG22   1899.366487  19034.593302 -18308.877778   -612.532286  5  4  6  87       
PG23 -20640.308913 -16433.460938  -3300.368621    106.058210  8  8  8 100       
PG24   2640.775061 -16887.703098 -20488.114696     81.934107  8  9  4  76       
PG25 -17046.150163 -20320.036274  -3392.003902    138.502394  7  8  8  80       
PG26 -16768.248884   4471.825542  20113.610599     86.222737  8  6  5 107       
PG27 -12224.811378  21377.210880   9274.499715   -131.305216  5  6  6  95       
PG28  19186.608624   4960.107598 -17053.178090    570.164578 10  5  7  76       
PG29  -6954.268118 -17595.977684  18570.026914   -348.285622  8  7  2 111       
PG30  25248.757780    474.915015   8666.663837   -427.008095  7  4  9  51       
PG31 -25665.926886   7522.886881   1847.430247   -117.715624  7  5  8  78       
PG32 -15861.810191   1980.392364 -21072.500861     21.057606  6  8  7  92       
*  2021  5 17  0 30  0.00000000
PG01    -53.338785  15328.683595 -21904.790754    686.997542  9  8  7  65       
PG02  21021.755831 -14689.919849   7657.749476   -604.831449  6  7  6  87       
PG03   8772.301120  20727.885872 -14273.126822   -165.950818  7  3  6  91       
PG04   -161.603461  25294.685316   8014.267304   -196.570524  6  9  3  82       
PG05   6086.593811 -14419.470238  21286.603897    -42.167979  4  5  5  91       
PG06  25624.794561  -5952.386048  -3840.266068     16.473240  6  8  5  71       
PG07  15082.410416   9984.416740  19957.039015    152.838932  6  6  8  93       
PG08  -5748.017533  25710.206173   1567.338973    -21.497685  7  5  5  95       
PG09   8496.714933  18928.248008  16512.611351   -345.924273  6  4  4  99       
PG10 -22353.166842  -9605.087776 -10851.667333   -123.417196  4  7  5  86       
PG12  -5393.483097 -20837.400010 -15910.571815    -42.085210  7  7  8  90       
PG13  13207.199809 -21421.874599   8144.228867    132.916536  6  2  5  91       
PG14  21916.020062  10550.002022 -10718.016115     84.793907  8  5  7  87       
PG15   2705.808822 -26200.981724    791.388244   -148.926812  8  4  6  83       
PG16 -11153.764157   9767.010208  21795.855945   -326.344482  9  3  6 114       
PG17  14158.402188   3375.343557 -21790.858346    443.514694  3  6  5 109       
PG18 -17863.062279  -7490.206947  18191.732363    350.177670 11  8 12  93       
PG19  16196.706374  -5939.638917 -20447.201305      0.949493  4  6  6 108       
PG20  -4573.092503 -18860.597019  18204.264921    522.097589  7  6  9  84       
PG21  -8305.493111  17041.774860 -17687.668191    118.609346  8  6  5  89       
PG22     60.204561  17806.700266 -19568.255731   -612.523580  5  4  5  89       
PG23 -20638.330200 -16754.973048   -451.467809    106.055295  7  8  8 103       
PG24   4795.266148 -17567.095539 -19452.957618     81.954642  7  9  3  82       
PG25 -16517.627227 -20134.864107  -6163.982898    138.508724  6  7  8  94       
PG26 -18398.805744   2922.198543  18967.254525     86.227253  8  5  5 101       
PG27 -12152.934630  20120.685542  11819.828697   -131.311071  5  5  5  87       
PG28  20341.333789   6524.953204 -15123.110711    570.159044  9  5  7  73       
PG29  -6238.774660 -19501.205651  16841.467474   -348.291606  7  6  2 109       
PG30  24237.497227   1031.429750  11144.302581   -427.012660  6  4  9  63       
PG31 -25784.072520   7314.393872   -971.747768   -117.717963  6  6  8  86       
PG32 -15368.242045   -435.107749 -21534.616625     21.056966  7  8  7  96       
*  2021  5 17  0 45  0.00000000
PG01  -2336.876945  16101.503089 -21175.394155    686.987651  8  8  6  41       
PG02  21699.913764 -14755.088818   4920.023657   -604.834256  5  7  6  77       
PG03   7334.182399  19750.759463 -16324.054535   -165.960204  7  4  5  83       
PG04   -555.300574  25992.825746   5294.132017   -196.571828  6  9  3  69       
PG05   8088.128679 -12940.979723  21582.751686    -42.168623  2  6  4  81       
PG06  25121.388047  -5572.138208  -6654.899909     16.476722  5  7  6 102       
PG07  12984.542647  10829.854583  20939.854949    152.848637  5  6  7  86       
PG08  -5953.257462  25329.428932   4426.648554    -21.499042  6  4  5  82       
PG09   8041.998403  20669.363497  14540.010588   -345.926337  7  4  4  90       
PG10 -23084.836447 -10450.497965  -8283.277064   -123.424074  4  7  5  94       
PG12  -3944.883293 -19639.657815 -17767.662326    -42.089695  7  7  7  79       
PG13  13102.161022 -20303.840709  10737.090600    132.920674  5  2  5  94       
PG14  22560.440683  11446.181269  -8154.825291     84.789055  8  5  7  71       
PG15   3066.365768 -25890.426055   3586.907142   -148.924439  7  3  6  73       
PG16 -12954.823292   7992.966035  21564.143672   -326.350022  9  3  6 116       
PG17  13575.403985   5880.680256 -21632.081404    443.520165  3  6  5 105       
PG18 -15861.600340  -8315.119656  19625.279677    350.176817 11  8 11  92       
PG19  15639.957914  -3672.168332 -21414.537611      0.954029  4  6  6 101       
PG20  -2647.441316 -17862.898765  19516.539228    522.097391  6  6  9  80       
PG21 -10267.801791  17722.251752 -15928.300796    118.611368  8  6  5  91       
PG22  -1939.906061  16597.390792 -20486.980693   -612.515132  6  4  4  90       
PG23 -20399.678695 -16876.518709   2405.180552    106.052375  7  7  8  95       
PG24   6796.009327 -18295.407462 -18086.293751     81.975104  6  8  3  78       
PG25 -15746.586725 -19782.557953  -8832.270840    138.515140  6  6  8  79       
PG26 -19984.731729   1546.321775  17495.451061     86.231717  7  5  5 103       
PG27 -12101.374986  18585.961810  14155.904919   -131.316921  5  5  5  90       
PG28  21407.592856   7854.460010 -12921.094351    570.153587  8  4  7  81       
PG29  -5681.282933 -21236.142984  14821.491896   -348.297354  7  6  3 108       
PG30  23001.225993   1722.593850  13433.058442   -427.017210  5  4  9  79       
PG31 -25615.134287   7011.583289  -3774.683681   -117.720193  5  6  8  93       
PG32 -14993.890172  -2901.953549 -21621.966686     21.056323  7  8  6  89       
*  2021  5 17  1  0  0.00000000
PG01  -4483.484148  16961.810916 -20087.493069    686.977669  8  8  6  67       
PG02  22102.256409 -14704.428722   2098.979298   -604.837354  5  8  6  82       
PG03   5670.962851  18725.647567 -18096.966546   -165.969576  7  5  4  90       
PG04   -869.143561  26399.956779   2482.590739   -196.573175  5  8  3  70       
PG05  10171.020202 -11560.428261  21502.162434    -42.169840  2  6  4  97       
PG06  24354.243524  -5036.537939  -9355.225617     16.480248  6  7  7  94       
PG07  10848.239628  11820.823336  21576.335494    152.858473  5  6  7  76       
PG08  -6149.954843  24639.237523   7208.322401    -21.501302  6  4  5  91       
PG09   7697.327868  22194.178009  12316.043438   -345.928302  7  4  4  86       
PG10 -23619.351662 -11079.581991  -5573.888830   -123.430949  4  7  6  88       
PG12  -2286.734948 -18400.319693 -19326.326861    -42.094321  7  6  6  79       
PG13  12990.150048 -18904.339014  13142.679847    132.924970  5  2  4  98       
PG14  23017.362216  12122.414733  -5451.594211     84.784301  7  6  7  68       
PG15   3446.217775 -25281.300158   6318.936094   -148.921908  6  1  6  88       
PG16 -14808.641260   6353.200626  20954.418138   -326.355373  9  3  5 116       
PG17  13135.855503   8373.081843 -21085.899859    443.525710  3  6  5  97       
PG18 -13774.403093  -9301.400556  20721.438449    350.175927 10  8 11  95       
PG19  15192.760395  -1292.708554 -22022.008093      0.958827  4  6  5 107       
PG20   -558.825778 -16899.137339  20494.069450    522.097117  6  6  8  83       
PG21 -11995.696457  18394.019279 -13874.953053    118.613696  8  6  5  93       
PG22  -4069.935252  15441.015661 -21048.272465   -612.506373  6  4  4  74       
PG23 -19903.080936 -16828.964921   5220.545722    106.049437  6  6  8  94       
PG24   8612.707601 -19039.818310 -16410.109628     81.995593  6  8  3  60       
PG25 -14723.807395 -19300.773899 -11352.307262    138.521536  5  4  7  76       
PG26 -21482.925094    353.272496  15724.113147     86.236221  7  5  5 103       
PG27 -12105.731249  16798.680026  16241.400263   -131.322720  5  5  4  96       
PG28  22341.196466   8945.520724 -10487.655167    570.148245  7  3  7  83       
PG29  -5263.909549 -22758.644408  12545.081238   -348.302784  6  5  3  93       
PG30  21574.336604   2566.953047  15494.030432   -427.021709  4  4  8  76       
PG31 -25176.020772   6581.669029  -6514.547433   -117.721941  5  6  8  94       
PG32 -14747.580006  -5371.594382 -21333.540499     21.055652  7  9  6  91       
*  2021  5 17  1 15  0.00000000
PG01  -6456.344903  17877.205327 -18658.209629    686.967784  8  8  6  56       
PG02  22238.430966 -14501.026181   -757.849438   -604.840327  5  8  6  64       
PG03   3800.262577  17694.031582 -19561.648369   -165.978915  6  5  4  85       
PG04  -1138.198663  26502.509320   -371.822183   -196.574547  5  8  3  87       
PG05  12293.494920 -10304.267978  21046.828740    -42.170952  2  5  4  92       
PG06  23355.020088  -4319.833525 -11894.729983     16.483778  7  7  7  99       
PG07   8717.606254  12946.759588  21854.922135    152.867747  6  6  6  66       
PG08  -6375.531973  23650.366246   9863.648269    -21.501518  5  4  6 103       
PG09   7436.675775  23470.258248   9879.241711   -345.930341  6  4  4  95       
PG10 -23923.617475 -11512.792642  -2769.806575   -123.437818  4  6  6  70       
PG12   -437.119281 -17161.482847 -20560.625491    -42.099065  6  6  5  80       
PG13  12908.184246 -17243.068432  15318.879831    132.929209  4  1  3 102       
PG14  23253.149658  12596.827894  -2654.739901     84.779480  6  6  7  70       
PG15   3878.561036 -24384.916983   8938.751300   -148.920039  5     5  89       
PG16 -16672.395707   4874.038151  19978.942363   -326.360873  9  3  5 116       
PG17  12840.807645  10799.806376 -20162.459324    443.530988  5  5  5 102       
PG18 -11649.200008 -10444.366773  21461.182343    350.175093  8  7 10 106       
PG19  14872.873590   1153.334742 -22260.013157      0.963089  4  5  4 106       
PG20   1659.397132 -16000.284115  21119.290104    522.096746  5  6  7  90       
PG21 -13469.241254  19016.568994 -11566.368153    118.616329  8  6  6  80       
PG22  -6292.814203  14366.904191 -21241.611472   -612.497689  6  4  4  88       
PG23 -19134.927342 -16647.638438   7946.276791    106.046525  6  6  8 110       
PG24  10221.701938 -19763.607101 -14451.873409     82.016066  5  7  3  63       
PG25 -13448.133396 -18729.300675 -13682.137459    138.527895  4  3  7  92       
PG26 -22850.827557   -655.946747  13684.132791     86.240701  7  5  5 112       
PG27 -12197.068018  14792.393507  18039.572425   -131.328491  5  5  4  93       
PG28  23100.379949   9804.212738  -7867.256792    570.142631  4  4  7  79       
PG29  -4961.782630 -24032.183717  10051.664976   -348.309058  6  4  3 108       
PG30  19995.560700   3576.281950  17292.079597   -427.026204  4  4  8  85       
PG31 -24490.820419   5996.078427  -9145.565226   -117.724173  5  6  8  97       
PG32 -14630.069411  -7794.944612 -20674.912718     21.055000  7  8  5  86       
*  2021  5 17  1 30  0.00000000
PG01  -8225.167287  18809.985153 -16910.554142    686.957868  8  8  5  42       
PG02  22125.942376 -14111.684517  -3601.569189   -604.843042  6  8  6  66       
PG03   1747.607562  16694.588148 -20693.072482   -165.988270  6  6  4  89       
PG04  -1399.324168  26295.626690  -3219.813058   -196.575938  5  8  4  79       
PG05  14410.427376  -9191.570619  20225.337241    -42.172249  2  5  4  85       
PG06  22161.323430  -3403.180290 -14229.587202     16.487315  7  6  8  97       
PG07   6634.903501  14189.524955  21769.719944    152.877724  6  6  6  60       
PG08  -6665.077083  22382.389358  12346.239029    -21.502934  5  3  6  93       
PG09   7229.126475  24472.197081   7271.795869   -345.932420  7  4  4  96       
PG10 -23970.514011 -11777.021366     81.254902   -123.444679  4  6  6  80       
PG12   1578.201863 -15962.203521 -21449.951512    -42.103608  6  6  4  81       
PG13  12889.815070 -15347.926108  17227.586509    132.933332  3  2  3  91       
PG14  23239.826698  12894.190539    187.708144     84.774677  5  7  7  47       
PG15   4393.833499 -23220.968052  11399.374014   -148.917351  5     5  72       
PG16 -18500.548657   3573.662956  18656.316463   -326.366372  9  4  5 118       
PG17  12682.656804  13109.653135 -18878.873767    443.536648  5  4  5  99       
PG18  -9533.086063 -11731.057761  21831.594248    350.174265  7  7  9 101       
PG19  14690.201355   3618.030926 -22125.012558      0.967731  4  5  4 102       
PG20   3968.319847 -15191.776127  21380.603827    522.096318  5  7  7  86       
PG21 -14677.958371  19548.582344  -9045.965484    118.618631  7  6  6  74       
PG22  -8566.674237  13398.253933 -21062.979926   -612.489112  7  5  4  86       
PG23 -18089.941559 -16370.822881  10535.528848    106.043616  6  5  8 109       
PG24  11606.740466 -20427.569177 -12244.158924     82.036509  5  6  3  65       
PG25 -11926.657228 -18108.481323 -15783.040747    138.534249  4  3  6  70       
PG26 -24047.986630  -1488.220546  11410.823363     86.245186  6  5  5 111       
PG27 -12400.536986  12607.373829  19518.956815   -131.334316  6  4  4  94       
PG28  23647.496048  10445.248860  -5107.349298    570.137041  3  4  7  79       
PG29  -4744.190274 -25027.176442   7384.425100   -348.314685  6  3  3  84       
PG30  18306.573102   4754.940056  18796.411060   -427.030683  4  5  8  66       
PG31 -23589.874467   5231.699889 -11623.717263   -117.726105  6  7  8  89       
PG32 -14634.082419 -10124.099270 -19658.104782     21.054431  7  9  5  84       
*  2021  5 17  1 45  0.00000000
PG01  -9767.197302  19718.557254 -14873.137754    686.947828  7  8  5  64       
PG02  21789.492457 -13508.443305  -6382.736517   -604.845778  6  9  6  90       
PG03   -454.341762  15761.717231 -21471.816069   -165.997577  6  6  4  75       
PG04  -1689.534874  25783.359337  -6012.190161   -196.577223  4  8  5  62       
PG05  16474.958553  -8233.436285  19052.668354    -42.173240  2  5  4  87       
PG06  20815.265343  -2275.580510 -16319.421902     16.490826  7  6  8  94       
PG07   4639.132540  15523.919050  21320.667097    152.886986  6  6  5  51       
PG08  -7049.768323  20863.013917  14612.879228    -21.504865  5  2  5  97       
PG09   7040.259000  25182.490980   4538.811003   -345.934500  6  4  4  86       
PG10 -23739.969899 -11904.374015   2930.954614   -123.451568  4  5  7  69       
PG12   3726.564604 -14837.075279 -21979.343570    -42.108471  5  6  3  81       
PG13  12963.669141 -13254.074866  18835.409693    132.937546  3  1  3 104       
PG14  22956.236544  13044.777932   3026.928675     84.769916  4  7  7  78       
PG15   5018.254048 -21816.842139  13656.513613   -148.915278  4     4  65       
PG16 -20246.535956   2461.653800  17011.032398   -326.371681  9  4  5 112       
PG17  12645.568195  15254.840440 -17258.842230    443.541942  6  3  5 107       
PG18  -7470.851735 -13140.592728  21826.100813    350.173469  5  7  8  94       
PG19  14646.451972   6052.525879 -21619.550272      0.972159  4  4  4 102       
PG20   6324.759766 -14492.545464  21272.636152    522.096177  6  7  6  92       
PG21 -15620.964434  19949.747877  -6360.818233    118.620988  7  6  6  76       
PG22 -10846.290769  12551.272673 -20514.979824   -612.480383  7  5  4  85       
PG23 -16771.538894 -16038.149870  12943.765528    106.040714  6  4  7  97       
PG24  12759.473562 -20991.564280  -9824.165867     82.057060  5  5  3  78       
PG25 -10174.607480 -17477.634725 -17620.105901    138.540671  4  4  5  82       
PG26 -25037.540410  -2157.832267   8943.299385     86.249565  6  5  5 110       
PG27 -12734.255790  10289.152504  20653.943274   -131.340190  6  5  3 102       
PG28  23950.521505  10891.081207  -2257.386422    570.131561  1  5  7  82       
PG29  -4575.962288 -25722.041979   4589.534073   -348.320520  6  3  3  74       
PG30  16550.493912   6099.508546  19981.093098   -427.035139  5  5  7  83       
PG31 -22508.635439   4271.935155 -13907.412775   -117.727934  6  7  8 101       
PG32 -14744.671362 -12313.997398 -18301.330798     21.053736  7  9  5  86       
*  2021  5 17  2  0  0.00000000
PG01 -11067.960172  20559.025659 -12579.782074    686.937859  7  9  4  56       
PG02  21260.030427 -12669.941716  -9052.229632   -604.848547  6  8  7 100       
PG03  -2766.832787  14924.243257 -21884.391105   -166.006855  5  6  5  78       
PG04  -2044.360562  24978.525460  -8700.723857   -196.578559  4  8  5  60       
PG05  18440.181623  -7432.730803  17549.880057    -42.174425  2  5  4  92       
PG06  19361.857863   -934.521792 -18128.017340     16.494345  7  6  8 106       
PG07   2764.725575  16918.463926  20513.632934    152.896536  6  7  5  42       
PG08  -7555.466300  19127.061085  16624.302481    -21.505880  4  2  6 107       
PG09   6833.670302  25592.119920   1727.513885   -345.936555  6  4  4  75       
PG10 -23219.778406 -11930.763980   5731.109036   -123.458448  4  5  7  88       
PG12   5969.435586 -13814.982831 -22139.719798    -42.113307  5  6  2  86       
PG13  13152.195220 -11002.727844  20114.285063    132.941593  2     2  98       
PG14  22388.952341  13083.025172   5814.143616     84.765138  3  6  7  70       
PG15   5772.529851 -20206.628611  15669.469170   -148.912875  4  1  3  87       
PG16 -21864.482743   1538.869224  15072.935151   -326.377390  8  5  5 116       
PG17  12706.253272  17192.733947 -15332.124679    443.547386  6  2  4 101       
PG18  -5503.407832 -14644.845062  21444.598870    350.172703  5  6  7  99       
PG19  14735.109455   8408.672939 -20752.196857      0.976436  5  4  3 100       
PG20   8682.713316 -13914.306536  20796.387361    522.095766  6  7  5  89       
PG21 -16306.687296  20182.515985  -3560.572196    118.623955  8  6  5  86       
PG22 -13084.675797  11834.610135 -19606.822159   -612.471898  7  5  4  81       
PG23 -15191.858893 -15688.946404  15129.524277    106.037809  5  3  7 107       
PG24  13679.649382 -21416.138071  -7233.138318     82.077502  5  4  3  59       
PG25  -8214.947057 -16873.531982 -19162.749622    138.547046  4  5  5  85       
PG26 -25787.570445  -2685.697171   6323.805129     86.254004  6  5  5 114       
PG27 -13208.491046   7886.861983  21425.225367   -131.346046  5  5  3 103       
PG28  23984.317997  11170.708171    632.160186    570.126433  2  6  7  71       
PG29  -4419.029621 -26103.964057   1715.341114   -348.326383  7  3  2  90       
PG30  14770.342982   7598.723464  20825.505207   -427.039632  5  5  6  85       
PG31 -21286.350412   3107.518687 -15958.135867   -117.729780  6  7  8 106       
PG32 -14939.889842 -14323.968760 -16628.635335     21.053041  7  9  5 100       
*  2021  5 17  2 15  0.00000000
PG01 -12121.694571  21286.905942 -10069.025245    686.927933  8  9  4  58       
PG02  20573.540683 -11582.562300 -11562.168488   -604.851245  6  8  7  94       
PG03  -5146.296472  14204.337986 -21923.481497   -166.016173  5  7  5  79       
PG04  -2496.263816  23902.242869 -11238.989690   -196.579911  4  8  6  54       
PG05  20260.827800  -6784.157949  15743.685222    -42.175481  3  5  4  78       
PG06  17847.303783    613.712985 -19623.955777     16.497811  7  5  8 103       
PG07   1040.390671  18336.439627  19360.437367    152.906373  6  7  5  70       
PG08  -8201.532519  17215.179459  18345.884055    -21.507887  5  2  5 111       
PG09   6572.578158  25700.808233  -1113.574098   -345.938615  6  4  4  82       
PG10 -22406.128551 -11894.376083   8434.464429   -123.465327  4  6  7  79       
PG12   8263.663190 -12918.074996 -21928.031514    -42.117974  5  6  2  88       
PG13  13470.668982  -8639.698926  21041.983967    132.946024  2  1  2  98       
PG14  21532.901619  13046.027116   8501.453055     84.760349  2  5  7  71       
PG15   6670.792204 -18429.845051  17401.963499   -148.910422  4  1  3  77       
PG16 -23310.877409    797.678623  12876.607416   -326.382747  8  6  6 112       
PG17  12835.062362  18887.352558 -13133.894960    443.552896  6  1  4  99       
PG18  -3666.365665 -16209.409144  20693.470733    350.171869  5  5  6  96       
PG19  14941.715362  10640.637346 -19537.411056      0.980985  5  3  3  96       
PG20  10994.935225 -13461.132199  19959.274831    522.095409  7  7  4  84       
PG21 -16752.190579  20213.710274   -696.345726    118.626185  8  6  5  88       
PG22 -15234.755082  11249.104801 -18354.184966   -612.463446  7  6  5  67       
PG23 -13371.469598 -15360.602543  17055.131213    106.034949  5  3  6 104       
PG24  14374.995496 -21664.153667  -4515.686861     82.097982  5  4  4  74       
PG25  -6077.696658 -16328.980238 -20385.174340    138.553484  4  5  4  68       
PG26 -26272.274002  -3098.349033   3597.003269     86.258413  6  6  5 103       
PG27 -13825.178026   5451.447141  21820.114254   -131.351848  6  5  4 102       
PG28  23731.602021  11318.245503   3510.763784    570.120666  3  6  6  63       
PG29  -4234.099008 -26169.320521  -1188.477836   -348.332485  6  4  2  89       
PG30  13007.503243   9233.710454  21314.707492   -427.044073  5  5  5  87       
PG31 -19964.614057   1737.073957 -17741.055568   -117.731545  6  7  8 106       
PG32 -15191.746775 -16119.105240 -14669.432648     21.052315  7  9  5  84       
*  2021  5 17  2 30  0.00000000
PG01 -12931.456231  21858.901053  -7383.526421    686.918002  8 10  3  79       
PG02  19769.606905 -10241.296528 -13866.864155   -604.853963  6  8  7  92       
PG03  -7545.810574  13616.705887 -21588.083009   -166.025498  5  7  5  74       
PG04  -3073.180093  22583.150369 -13583.178897   -196.581184  4  8  6  67       
PG05  21894.886251  -6274.659096  13665.933856    -42.176738  3  5  3  74       
PG06  16317.249356   2354.078567 -20781.178868     16.501238  6  5  8 102       
PG07   -511.845231  19737.141336  17878.784113    152.916386  5  7  4  59       
PG08  -8999.920795  15172.344794  19748.235717    -21.508599  5  3  5 101       
PG09   6221.440028  25516.957576  -3935.482778   -345.940694  6  5  4  59       
PG10 -21303.833616 -11834.058393  10995.448175   -123.472231  4  6  7  91       
PG12  10562.904829 -12160.993312 -21347.334113    -42.122665  5  6  1  92       
PG13  13926.496571  -6213.777440  21602.510460    132.950144  2  1  2  95       
PG14  20391.680088  12971.942203  11042.656128     84.755586  3  5  7  73       
PG15   7719.811170 -16529.942781  18822.885142   -148.907913  4  2  2  72       
PG16 -24546.140891    222.520212  10460.694775   -326.388316  8  6  6 109       
PG17  12997.339720  20310.591153 -10703.992153    443.558624  6  1  4  99       
PG18  -1988.827293 -17794.823494  19585.487166    350.170977  5  4  5  92       
PG19  15244.450718  12706.419282 -17995.322351      0.985327  5  3  3 106       
PG20  13214.583546 -13129.338931  18775.060978    522.094875  7  7  3  78       
PG21 -16982.152507  20015.926313   2180.351949    118.628331  8  6  4  77       
PG22 -17251.061709  10787.857814 -16778.941255   -612.454836  7  6  5  78       
PG23 -11338.753567 -15087.022800  18687.353199    106.032054  5  3  5 103       
PG24  14860.784761 -21702.366686  -1719.023035     82.118302  5  3  4  62       
PG25  -3799.006923 -15871.562660 -21266.761862    138.559896  4  6  4  67       
PG26 -26472.914178  -3426.720545    809.234715     86.262814  5  6  5 112       
PG27 -14577.793827   3033.822852  21832.713479   -131.357696  5  5  4 103       
PG28  23183.593536  11371.329778   6328.760313    570.115209  3  6  6  54       
PG29  -3982.375958 -25923.766582  -4071.790489   -348.338079  7  4  2  97       
PG30  11300.249656  10978.515403  21439.724281   -427.048485  5  5  5  69       
PG31 -18585.841108    167.384571 -19225.593096   -117.733401  6  7  8  91       
PG32 -15467.401101 -17671.406018 -12457.958350     21.051624  6  9  5  77       
*  2021  5 17  2 45  0.00000000
PG01 -13508.879591  22234.669624  -4569.373645    686.908090  8 10  4  81       
PG02  18889.804737  -8650.281922 -15923.773949   -604.856914  5  7  7  95       
PG03  -9916.697252  13168.063424 -20883.542697   -166.034824  4  7  5  83       
PG04  -3797.238108  21056.349314 -15692.861545   -196.582513  4  8  6  59       
PG05  23305.095851  -5884.119854  11353.013057    -42.177662  3  5  4  68       
PG06  14815.067053   4263.144093 -21579.457175     16.504623  6  4  8  92       
PG07  -1877.355612  21077.319594  16092.100330    152.925654  5  7  4  63       
PG08  -9954.576490  13046.208511  20807.692943    -21.508560  5  3  5  93       
PG09   5747.523918  25057.256067  -6689.642431   -345.942750  6  5  3  76       
PG10 -19926.250111 -11787.700945  13370.890148   -123.479110  4  6  7  79       
PG12  12819.181672 -11550.384629 -20406.772877    -42.127511  5  6  1  75       
PG13  14518.845195  -3774.992807  21786.377863    132.954707     2  2  98       
PG14  18977.542038  12898.362275  13394.043783     84.750867  4  4  7  79       
PG15   8918.526438 -14552.655243  19906.916557   -148.905707  3  3  2  61       
PG16 -25536.034778   -209.244728   7867.187732   -326.393580  7  7  7 114       
PG17  13154.977520  21443.113983  -8086.093849    443.564063  6     4  96       
PG18   -492.432642 -19358.003932  18139.598795    350.170037  5  6  5  86       
PG19  15614.997976  14569.243232 -16151.436182      0.990046  5  2  2  91       
PG20  15296.867031 -12907.689277  17263.664056    522.094208  7  7  3  68       
PG21 -17027.560350  19568.663327   5018.651656    118.630733  8  6  4  80       
PG22 -19091.376327  10436.631797 -14908.761519   -612.446279  7  6  5  93       
PG23  -9128.997978 -14897.221612  19997.975711    106.029154  4  3  5 100       
PG24  15159.096945 -21502.877013   1107.881467     82.138697  5  2  4  66       
PG25  -1420.010531 -15522.578253 -21792.399354    138.566314  4  6  4  63       
PG26 -26378.514784  -3704.764611  -1992.239555     86.267200  4  6  5 108       
PG27 -15451.585103    683.054099  21463.955225   -131.363512  5  6  4 104       
PG28  22340.328612  11369.425776   9038.203404    570.109818  4  6  6  68       
PG29  -3627.267576 -25381.969518  -6884.882781   -348.343918  7  5  2  86       
PG30   9682.398900  12800.914523  21197.735485   -427.052966  5  5  5  83       
PG31 -17191.711228  -1586.632848 -20385.938889   -117.735135  6  6  7  95       
PG32 -15730.547924 -18960.655283 -10032.645709     21.050968  6  8  5  44       
*  2021  5 17  3  0  0.00000000
PG01 -13873.599637  22378.515167  -1675.303413    686.898217  8 11  4  71       
PG02  17975.986533  -6822.972505 -17694.434739   -604.859609  5  7  7  87       
PG03 -12210.196634  12856.933033 -19821.495775   -166.044123  5  7  5  91       
PG04  -4683.711316  19362.106841 -17531.688473   -196.583806  5  8  6  69       
PG05  24460.252826  -5586.351554   8845.178383    -42.179042  4  5  3  54       
PG06  13380.235425   6309.801281 -22004.759390     16.508014  5  4  7  99       
PG07  -3049.362973  22312.756506  14029.275958    152.935246  4  7  4  68       
PG08 -11061.164993  10885.362491  21506.687729    -21.509368  5  4  5  94       
PG09   5122.369532  24345.980286  -9328.721214   -345.944800  6  5  3  68       
PG10 -18294.890883 -11790.660308  15520.705715   -123.485999  4  6  6  81       
PG12  14984.507349 -11084.716879 -19121.481596    -42.132289  5  6  2  77       
PG13  15238.615118  -1372.839092  21590.760132    132.958905     3  2  98       
PG14  17311.066908  12860.711825  15515.149879     84.746058  4  3  6  54       
PG15  10257.916646 -12544.262159  20635.030734   -148.903490  3  3  2  72       
PG16 -26252.860027   -526.221594   5140.675744   -326.398993  7  7  7 106       
PG17  13268.098312  22274.889008  -5326.835762    443.569820  6     4  90       
PG18    809.299514 -20853.832018  16380.618681    350.169181  5  8  5  86       
PG19  16019.653835  16198.765419 -14036.263559      0.994483  5  2  2  97       
PG20  17200.629917 -12777.907038  15450.851485    522.094113  7  7  3  57       
PG21 -16924.191565  18859.150957   7769.278281    118.632879  8  6  4  87       
PG22 -20718.246249  10174.558125 -12776.598997   -612.437669  7  6  5  77       
PG23  -6783.222584 -14814.117816  20964.296242    106.026294  4  3  4  98       
PG24  15297.801322 -21044.393395   3915.194873     82.159191  5  2  4  64       
PG25   1014.507464 -15296.218863 -21952.734066    138.572735  5  6  4  62       
PG26 -25986.276232  -3967.968612  -4760.004185     86.271701  4  6  5 114       
PG27 -16424.135969  -1555.367766  20721.502451   -131.369341  5  6  4 101       
PG28  21210.635962  11352.108941  11593.643464    570.104417  4  6  6  58       
PG29  -3135.997866 -24567.006511  -9579.321650   -348.349878  7  5  2  72       
PG30   8182.131261  14663.476821  20592.170095   -427.057401  5  5  5  82       
PG31 -15821.641085  -3502.257493 -21201.511480   -117.737204  6  6  7  97       
PG32 -15942.940287 -19975.002230  -7435.439484     21.050219  5  8  6  82       
*  2021  5 17  3 15  0.00000000
PG01 -14052.350436  22260.924965   1248.156182    686.888212  8 11  4  77       
PG02  17068.531193  -4781.919995 -19145.344215   -604.862257  4  6  6  70       
PG03 -14379.154549  12673.761145 -18419.699032   -166.053443  5  7  5  70       
PG04  -5740.242025  17544.371674 -19068.019596   -196.585097  5  7  7  67       
PG05  25336.286611  -5350.305396   6185.830857    -42.179908  4  5  3  80       
PG06  12046.879636   8456.278390 -22049.513583     16.511533  4  5  7  89       
PG07  -4029.091933  23399.923166  11724.297437    152.944543  4  6  4  67       
PG08 -12307.137000   8737.589698  21834.003313    -21.510682  5  4  5  96       
PG09   4323.082688  23414.018645 -11807.436185   -345.946916  6  5  3  68       
PG10 -16438.746441 -11874.287072  17408.532480   -123.492869  4  6  6  83       
PG12  17012.533898 -10754.407300 -17512.392203    -42.136895  5  6  2  76       
PG13  16068.753019    945.469386  21019.516415    132.963109  1  3  2 105       
PG14  15420.514090  12890.739046  17369.447763     84.741248  4  3  6  65       
PG15  11721.213032 -10549.846342  20994.843242   -148.901168  3  3  2  75       
PG16 -26676.407594   -761.664125   2327.586906   -326.404472  6  8  7 106       
PG17  13296.792312  22805.350343  -2474.901781    443.574930  6  1  3  96       
PG18   1911.311042 -22236.837608  14338.800813    350.168303  5  9  6  75       
PG19  16420.655271  17572.056544 -11684.877105      0.998900  5  2  2  88       
PG20  18889.810414 -12715.487644  13367.818129    522.093700  6  7  3  50       
PG21 -16710.957510  17882.850153  10385.408691    118.635697  8  6  5 111       
PG22 -22100.320639   9975.122647 -10420.069202   -612.429088  6  6  4  74       
PG23  -4346.789438 -14853.575529  21569.524347    106.023425  4  2  3  89       
PG24  15309.298657 -20313.253157   6653.165424     82.179589  4  2  5  61       
PG25   3457.576674 -15199.013432 -21744.352956    138.579171  5  6  5  69       
PG26 -25301.698655  -4251.817014  -7447.252513     86.276077  4  6  5  98       
PG27 -17466.247596  -3641.085026  19619.524640   -131.375188  5  6  4  90       
PG28  19811.790496  11357.390674  13952.822185    570.099147  4  6  5  69       
PG29  -2481.072026 -23509.450492 -12108.790585   -348.355638  7  6  2  92       
PG30   6821.030577  16524.842071  19632.697263   -427.061811  4  4  5  76       
PG31 -14511.338748  -5549.588319 -21657.349804   -117.739144  5  6  6  74       
PG32 -16065.986446 -20711.224928  -4711.060652     21.049538  5  8  6 101       
*  2021  5 17  3 30  0.00000000
PG01 -14077.771293  21859.891155   4149.603238    686.878285  7 11  4  91       
PG02  16204.637765  -2558.161296 -20248.758532   -604.865028  4  6  6  62       
PG03 -16379.661409  12601.357556 -16701.761372   -166.062760  5  6  4  72       
PG04  -6966.368798  15649.160504 -20275.467603   -196.586418  5  7  7  50       
PG05  25917.066048  -5141.468960   3420.753944    -42.180800  3  5  3  56       
PG06  10842.530189  10659.422098 -21712.754686     16.514873  4  5  6  92       
PG07  -4825.612016  24297.657239   9215.772607    152.954318  3  6  4  67       
PG08 -13672.124265   6648.169234  21784.909991    -21.512112  5  4  5  96       
PG09   3333.412864  22297.655195 -14083.324120   -345.948974  5  5  3  74       
PG10 -14393.338499 -12064.609600  19002.313241   -123.499739  4  6  6  81       
PG12  18860.156472 -10542.261853 -15605.954216    -42.141392  5  6  3  83       
PG13  16984.892453   3136.642163  20083.090144    132.967416     4  2 100       
PG14  13340.889936  13015.157541  18924.980331     84.736517  4  2  6  64       
PG15  13284.446664  -8611.619840  20980.812141   -148.898386  2  3  2  81       
PG16 -26794.632506   -952.001260   -524.574700   -326.409922  5  8  7 109       
PG17  13202.836398  23043.192535    419.892687    443.580841  6  1  4  90       
PG18   2817.011183 -23462.910308  12049.321274    350.167416  5 10  6  79       
PG19  16777.673630  18674.323815  -9136.395959      1.003411  5  1  2  97       
PG20  20334.713112 -12690.773500  11050.654926    522.093370  6  7  4  43       
PG21 -16428.185747  16643.623339  12823.421315    118.638054  8  6  6  94       
PG22 -23213.447025   9807.387629  -7880.738186   -612.420329  6  5  4  66       
PG23  -1867.846874 -15023.729404  21803.080917    106.020559  3  2  3  92       
PG24  15229.073004 -19304.148652   9273.079452     82.199975  4     5  64       
PG25   5861.596479 -15229.561295 -21169.883189    138.585598  4  6  5  71       
PG26 -24338.408748  -4590.259017 -10008.537281     86.280563  4  6  5 101       
PG27 -18543.088720  -5540.211070  18178.357682   -131.381046  5  6  4  85       
PG28  18168.868445  11420.148261  16077.277796    570.093781  5  5  5  77       
PG29  -1641.532533 -22246.180894 -14429.883366   -348.361201  7  6  3  87       
PG30   5613.380728  18341.168518  18335.111739   -427.066203  4  4  6  59       
PG31 -13291.494057  -7692.446178 -21744.430179   -117.740764  5  5  6  76       
PG32 -16062.360657 -21174.671864  -1906.235459     21.048871  5  7  6  80       
*  2021  5 17  3 45  0.00000000
PG01 -13986.965413  21161.953668   6977.721955    686.868438  5 10  5 108       
PG02  15416.743196   -190.227930 -20983.375343   -604.867644  3  5  6  54       
PG03 -18172.580321  12615.641350 -14696.773552   -166.072093  5  6  3  75       
PG04  -8353.375748  13722.877793 -21133.347883   -196.587781  5  7  7  69       
PG05  26194.909048  -4923.388968    597.324544    -42.181694  3  5  2  32       
PG06   9787.148949  12872.198547 -21000.154540     16.518341  4  6  6  91       
PG07  -5455.366876  24968.795193   6546.346520    152.963797  3  6  5  69       
PG08 -15128.646539   4658.300686  21361.183847    -21.513668  5  4  5  83       
PG09   2144.572434  21037.161892 -16117.459413   -345.951024  5  5  3  83       
PG10 -12199.538796 -12381.222187  20274.818013   -123.506619  4  6  5  85       
PG12  20489.018449 -10424.213693 -13433.763571    -42.146458  5  5  3  72       
PG13  17956.293723   5162.792080  18798.286892    132.971742  1  4  2 100       
PG14  11112.762053  13254.491828  20154.912722     84.731687  3  2  6  61       
PG15  14917.302737  -6767.391705  20594.283748   -148.896258  2  3  2  80       
PG16 -26604.033385  -1135.265756  -3367.983794   -326.415077  5  8  7  99       
PG17  12951.325571  23005.815717   3307.503491    443.586352  6  2  4  98       
PG18   3537.950355 -24490.973131   9551.670756    350.166552  5 11  6  88       
PG19  17049.425138  19499.344310  -6433.402724      1.007949  5  2  2  97       
PG20  21513.042288 -12670.252384   8539.716267    522.093393  6  7  4  21       
PG21 -16115.913265  15153.583347  15043.531690    118.640038  8  6  6  85       
PG22 -24041.484975   9637.397551  -5203.336388   -612.411798  5  5  4  53       
PG23    604.333219 -15324.621288  21660.790963    106.017674  3  3  2  89       
PG24  15094.113732 -18020.524333  11728.213541     82.220335  3     5  68       
PG25   8179.926211 -15378.567144 -20238.009387    138.592004  5  6  6  52       
PG26 -23117.697085  -5014.237528 -12400.499538     86.285026  3  5  4 105       
PG27 -19615.566362  -7226.397434  16424.060409   -131.386899  5  6  4  89       
PG28  16313.837862  11570.713525  17932.859819    570.087795  5  5  5  80       
PG29   -603.958397 -20818.966601 -16502.842518   -348.367645  7  7  3  81       
PG30   4565.747980  20067.697188  16721.112055   -427.070584  3  4  6  52       
PG31 -12186.655360  -9889.526983 -21459.899040   -117.742856  4  5  6  84       
PG32 -15897.565950 -21378.887107    931.097910     21.048223  5  7  6  87       
*  2021  5 17  4  0  0.00000000
PG01 -13819.868294  20162.915140   9682.262932    686.858524  5  9  5 122       
PG02  14731.141570   2277.186384 -21334.873931   -604.870567  3  5  5  77       
PG03 -19724.905817  12686.666706 -12438.840923   -166.081409  5  5  2  62       
PG04  -9884.469653  11810.634152 -21627.027346   -196.589116  5  7  7  34       
PG05  26170.780401  -4659.260570  -2236.288454    -42.182969  3  5  2  75       
PG06   8892.461111  15045.355824 -19923.933050     16.521763  5  6  6  81       
PG07  -5941.399458  25381.691756   3762.011476    152.973219  3  6  5  54       
PG08 -16643.098517   2803.706431  20571.012467    -21.515043  5  4  5  85       
PG09    755.766408  19675.254239 -17875.107569   -345.953082  5  5  3  66       
PG10  -9902.194381 -12836.418826  21204.098164   -123.513465  4  5  5  95       
PG12  21866.860594 -10370.337637 -11032.101634    -42.150983  5  5  3  76       
PG13  18947.043505   6992.693207  17187.937751    132.976114  2  4  2 105       
PG14   8780.865658  13622.171930  21037.998034     84.726887  3  2  6  53       
PG15  16584.241384  -5049.241650  19843.387695   -148.893826  2  3  2  82       
PG16 -26109.729885  -1349.482368  -6155.232192   -326.420384  4  8  7 109       
PG17  12512.154316  22718.453990   6138.528740    443.591168  5  2  4  93       
PG18   4093.174008 -25284.552821   6888.968939    350.165712  6 11  6  84       
PG19  17195.341139  20049.590882  -3621.296596      1.012493  5  2  3  96       
PG20  22410.652333 -12618.026818   5878.897545    522.092597  5  7  4  35       
PG21 -15812.256259  13432.642708  17010.313800    118.642598  8  6  6  87       
PG22 -24576.805272   9429.708709  -2434.916706   -612.403289  5  4  4  62       
PG23   3021.061488 -15748.163284  21144.965907    106.014770  3  3  2  85       
PG24  14941.275384 -16474.622806  13974.755908     82.240711  2     5  74       
PG25  10368.455108 -15629.180538 -18963.403517    138.598362  5  6  6  43       
PG26 -21667.782679  -5550.333407 -14582.566616     86.289456  4  5  3 104       
PG27 -20641.858775  -8681.594903  14387.881719   -131.392771  5  5  4  87       
PG28  14284.425488  11833.665395  19490.154836    570.082366  5  5  5  45       
PG29    636.830766 -19272.876840 -18292.230417   -348.373368  7  7  3  81       
PG30   3676.868049  21660.374015  14817.971695   -427.074966  3  4  6  81       
PG31 -11214.337866 -12095.768769 -20807.212648   -117.744929  3  5  6  81       
PG32 -15541.390083 -21344.936610   3752.592140     21.047527  5  6  7  89       
*  2021  5 17  4 15  0.00000000
PG01 -13617.493357  18868.191384  12215.020018    686.848584  5  7  6  85       
PG02  14166.874148   4794.844327 -21296.288778   -604.873197  3  5  5  79       
PG03 -21010.900270  12779.890830  -9966.524791   -166.090730  5  4  1  75       
PG04 -11535.277930   9954.628150 -21748.166730   -196.590394  5  7  7  37       
PG05  25854.174184  -4313.522162  -5031.925245    -42.184103  2  5  2  58       
PG06   8161.619668  17129.183421 -18502.651338     16.525184  5  6  5  83       
PG07  -6312.296160  25511.560062    911.318861    152.982948  2  6  5  81       
PG08 -18176.975496   1113.462338  19428.793599    -21.515882  6  4  4  80       
PG09   -825.587250  18255.470028 -19326.304220   -345.955095  5  5  3  60       
PG10  -7548.607480 -13434.605705  21773.866022   -123.520315  4  5  5  88       
PG12  22968.661889 -10346.106842  -8441.386659    -42.155849  4  4  3  78       
PG13  19917.464466   8602.770107  15280.457298    132.980350  2  4  2  95       
PG14   6392.554838  14123.912794  21558.947913     84.722111  3  3  5  76       
PG15  18245.833031  -3482.452666  18742.789652   -148.891563  1  3  3  81       
PG16 -25325.240508  -1631.072886  -8840.043531   -326.425971  4  7  7 100       
PG17  11861.294140  22213.030438   8865.033257    443.597109  5  2  4  90       
PG18   4508.282210 -25813.185118   4107.212883    350.164789  6 12  6  80       
PG19  17177.237822  20336.041971   -747.588148      1.016825  5  3  3  95       
PG20  23021.983027 -12497.394307   3114.837107    522.092416  4  6  4  33       
PG21 -15551.913471  11507.794438  18693.111438    118.645104  7  6  5  97       
PG22 -24820.456842   9148.977857    376.023498   -612.394959  4  4  4  92       
PG23   5335.915312 -16278.429494  20264.373318    106.011889  3  4  3  83       
PG24  14805.646929 -14687.174321  15972.672302     82.261049  2     5  65       
PG25  12387.096055 -15957.632482 -17366.563677    138.604746  5  6  6  83       
PG26 -20022.830927  -6219.575021 -16517.610290     86.293860  5  4  1  96       
PG27 -21579.048004  -9896.486292  12105.652941   -131.398652  5  5  4  80       
PG28  12122.805998  12226.862052  20724.826654    570.076914  5  5  5  74       
PG29   2077.392464 -17654.581921 -19767.522418   -348.379321  6  7  4  68       
PG30   2937.845097  23077.467494  12658.105655   -427.079344  3  4  6  74       
PG31 -10384.401794 -14263.886379 -19796.175530   -117.746742  3  5  6  96       
PG32 -14969.200614 -21100.463846   6510.290736     21.046849  5  6  6  76       
*  2021  5 17  4 30  0.00000000
PG01 -13420.129451  17292.776890  14530.778631    686.838643  5  6  7  92       
PG02  13734.946749   7310.797202 -20868.199448   -604.876387  3  5  5  65       
PG03 -22012.962803  12857.636335  -7322.199908   -166.100097  5  4     70       
PG04 -13274.648073   8192.653613 -21494.853013   -196.591711  6  6  7  57       
PG05  25262.688756  -3853.395706  -7742.223916    -42.184912  2  4  3  64       
PG06   7589.215660  19075.300062 -16760.890105     16.528582  5  7  5  80       
PG07  -6600.886636  25341.570308  -1955.495092    152.992413  3  6  5  83       
PG08 -19688.288258   -390.902584  17954.834204    -21.518165  6  3  4  75       
PG09  -2583.954747  16820.533309 -20446.351049   -345.957152  5  5  4  69       
PG10  -5186.923451 -14172.016168  21973.793492   -123.527175  4  4  4  84       
PG12  23777.525818 -10313.847950  -5705.541844    -42.160062  4  3  3  77       
PG13  20825.677291   9977.782772  13109.307038    132.984687  2  3  2  82       
PG14   3996.157547  14757.403310  21708.701408     84.717359  3  3  5  67       
PG15  19860.247954  -2084.742278  17313.314272   -148.888933  1  2  3  76       
PG16 -24271.972773  -2013.333139 -11377.958590   -326.431236  3  7  6  95       
PG17  10981.823939  21526.790511  11441.314966    443.602223  4  3  4  83       
PG18   4814.232409 -26053.599571   1254.473036    350.163959  7 12  5  92       
PG19  16960.923487  20377.677600   2138.857282      1.021564  5  4  4  95       
PG20  23350.160561 -12272.472941    296.059226    522.092339  4  6  5  40       
PG21 -15364.850259   9412.162444  20066.347080    118.647106  7  7  5  94       
PG22 -24781.998068   8761.543389   3180.436448   -612.386109  4  4  4  78       
PG23   7506.336507 -16892.265892  19034.093923    106.009010  3  5  3  82       
PG24  14719.002254 -12686.740781  17686.493132     82.281397  2     5  82       
PG25  14201.148142 -16334.151010 -15473.558624    138.611084  5  5  6  79       
PG26 -18221.759730  -7036.457473 -18172.556461     86.298302  5  3     96       
PG27 -22384.787677 -10870.581947   9617.120239   -131.404567  4  5  5  88       
PG28   9874.162848  12760.738609  21617.875562    570.071674  5  4  4  73       
PG29   3705.615004 -16010.609383 -20903.613069   -348.384936  6  7  4  77       
PG30   2332.657603  24281.118460  10278.537141   -427.083737  3  4  5  81       
PG31  -9698.729584 -16346.019409 -18442.870441   -117.748824  2  5  7  89       
PG32 -14163.031629 -20678.512413   9157.413418     21.046174  5  5  6  73       
*  2021  5 17  4 45  0.00000000
PG01 -13265.568493  15460.822220  16588.210367    686.828714  6  5  7  81       
PG02  13437.914355   9772.345486 -20058.727500   -604.879005  2  5  4  66       
PG03 -22722.195321  12880.692103  -4551.337589   -166.109452  5  3     77       
PG04 -15065.717471   6556.789233 -20871.620448   -196.593058  6  6  7  69       
PG05  24421.313167  -3250.315534 -10321.386046    -42.186266  2  4  3  55       
PG06   7161.633662  20838.399892 -14728.818794     16.531976  5  7  4  66       
PG07  -6842.748762  24863.652452  -4787.452808    153.001791  3  6  5  82       
PG08 -21133.111608  -1696.008009  16174.958474    -21.519808  6  3  4  67       
PG09  -4496.097031  15410.765808 -21216.221533   -345.959194  5  6  4  69       
PG10  -2864.484245 -15036.741587  21799.723607   -123.534036  4  3  4  87       
PG12  24285.273937 -10234.342020  -2871.286266    -42.165191  4  4  3  74       
PG13  21629.252319  11111.184235  10712.376743    132.988931  2  4  2  87       
PG14   1639.296966  15512.317736  21484.587167     84.712604  3  4  4  62       
PG15  21384.834700   -865.817348  15581.454188   -148.886681  1  2  3  71       
PG16 -22978.446382  -2525.033535 -13726.986379   -326.436503  3  6  6  86       
PG17   9864.681111  20700.771250  13824.604706    443.608112  4  4  4  90       
PG18   5045.933093 -25990.637108  -1619.948424    350.163028  7 12  5  81       
PG19  16517.681775  20200.675207   4988.618808      1.025779  5  4  4  89       
PG20  23406.759474 -11909.804382  -2527.923261    522.092002  3  5  5  52       
PG21 -15275.200386   7183.864375  21109.737675    118.649331  6  7  4  84       
PG22 -24479.003394   8236.933964   5929.614444   -612.377992  4  4  4  67       
PG23   9495.081053 -17560.195208  17475.267747    106.006135  3  5  3  74       
PG24  14708.400221 -10508.741628  19086.000908     82.301776  1  1  5  93       
PG25  15782.475935 -16724.127167 -13315.675992    138.617472  5  5  6  80       
PG26 -16306.876049  -8008.208824 -19518.937899     86.302755  6  2     96       
PG27 -23018.942322 -11611.981884   6965.231531   -131.410438  4  5  5  82       
PG28   7585.171399  13437.886774  22155.821892    570.065774  5  4  4  70       
PG29   5501.008258 -14385.622300 -21681.228101   -348.391168  6  7  4  83       
PG30   1838.953595  25238.759994   7720.271632   -427.088070  3  4  5  82       
PG31  -9151.220865 -18295.432604 -16769.474151   -117.750663  1  5  7  67       
PG32 -13112.422703 -20116.161120  11649.116049     21.045510  5  5  6  76       
*  2021  5 17  5  0  0.00000000
PG01 -13187.441157  13404.838263  18350.689769    686.818776  6  4  7  80       
PG02  13269.853285  12128.034798 -18883.339825   -604.881825  3  5  4  69       
PG03 -23138.641597  12809.990377  -1701.725843   -166.118730  4  3  1  89       
PG04 -16867.212221   5072.320007 -19889.360711   -196.594348  6  6  7  81       
PG05  23361.453800  -2481.193485 -12725.909135    -42.186942  3  4  3  69       
PG06   6857.738009  22377.888494 -12441.663378     16.535348  5  8  4  73       
PG07  -7074.579597  24078.959765  -7533.826858    153.011385  3  7  5  86       
PG08 -22467.207195  -2796.907665  14120.034152    -21.521808  6  3  3  70       
PG09  -6531.777996  14062.605778 -21622.870930   -345.961234  4  6  5  76       
PG10   -626.206862 -16009.080625  21253.789354   -123.540903  4  3  4  88       
PG12  24492.718664 -10068.511193     12.642584    -42.169740  4  5  4  75       
PG13  22286.885353  12005.141090   8131.297111    132.993141  2  4  3  85       
PG14   -632.756738  16370.649874  20890.375821     84.707844  2  5  4  84       
PG15  22777.720498    172.737809  13578.783091   -148.884190  1  3  3  52       
PG16 -21479.277887  -3189.189913 -15848.216821   -326.442069  4  6  5 101       
PG17   8509.112872  19778.166958  15975.693832    443.613421  4  5  4  92       
PG18   5240.684421 -25617.864103  -4466.381318    350.162075  7 11  5  71       
PG19  15825.571837  19837.330504   7752.551160      1.030321  4  5  5  88       
PG20  23211.235319 -11379.866924  -5307.526742    522.091459  3  5  5  49       
PG21 -15300.412463   4864.732361  21808.427746    118.652037  6  8  4  89       
PG22 -23936.269490   7549.243697   8576.058199   -612.369418  4  4  4  84       
PG23  11271.464964 -18247.582057  15614.733276    106.003230  3  5  3  83       
PG24  14794.995607  -8194.203817  20146.800540     82.322142  2  1  4  89       
PG25  17110.458258 -17089.492546 -10928.973605    138.623812  6  5  5  63       
PG26 -14322.391439  -9134.332288 -20533.381771     86.307078  6  3  1  86       
PG27 -23445.137532 -12136.820674   4195.391697   -131.416317  3  5  6 101       
PG28   5302.455091  14252.923788  22330.819105    570.060163  4  3  4  80       
PG29   7435.319940 -12820.785085 -22087.236583   -348.397075  6  6  4  87       
PG30   1429.105585  25924.349588   5027.588120   -427.092471  2  5  4  71       
PG31  -8728.111835 -20068.203438 -14803.955547   -117.752854  2  6  7  55       
PG32 -11814.979948 -19453.023289  13943.214924     21.044805  5  5  6  72       
*  2021  5 17  5 15  0.00000000
PG01 -13213.734139  11164.559802  19787.011272    686.808810  6  5  6  86       
PG02  13216.720398  14329.592653 -17364.466553   -604.884525  3  5  4  65       
PG03 -23271.188024  12608.293984   1177.360288   -166.128083  4  3  1  82       
PG04 -18634.924782   3756.930789 -18565.124476   -196.595686  6  5  6  91       
PG05  22119.738716  -1529.474764 -14915.276878    -42.187874  3  5  4  60       
PG06   6649.861996  23659.344502  -9939.082743     16.538780  5  9  3  60       
PG07  -7332.501935  22997.964356 -10145.154404    153.021015  4  7  5  83       
PG08 -23647.659673  -3697.052225  11825.426999    -21.523551  5  2  2  69       
PG09  -8654.743484  12807.289869 -21659.446475   -345.963301  5  6  5  85       
PG10   1486.953599 -17062.197939  20344.434777   -123.547708  4  3  3  85       
PG12  24409.598883  -9779.125724   2896.323443    -42.174092  4  5  4  54       
PG13  22760.032325  12670.220492   5410.697881    132.997661  2  4  3  83       
PG14  -2778.641321  17307.357800  19936.221220     84.703107  2  6  4  72       
PG15  23999.368412   1037.244949  11341.292141   -148.882164  2  3  3  63       
PG16 -19813.962224  -4022.045683 -17706.391274   -326.447608  4  6  5 104       
PG17   6922.818627  18802.652733  17859.486373    443.619267  3  6  3  81       
PG18   5436.528026 -24937.858710  -7235.657247    350.161186  7 11  6 106       
PG19  14870.491309  19324.739721  10382.635119      1.034987  4  5  5  91       
PG20  22790.052119 -10658.435128  -7994.014462    522.091209  3  6  5  39       
PG21 -15450.658532   2498.938029  22153.050179    118.654141  5  8  3  92       
PG22 -23184.757118   6678.319813  11074.306093   -612.361068  4  4  3  90       
PG23  12812.358171 -18916.013114  13484.565502    106.000301  3  6  4  94       
PG24  14993.111995  -5788.290702  20850.759174     82.342522  2  1  3  85       
PG25  18172.666144 -17390.260145  -8353.735257    138.630146  6  4  5  59       
PG26 -12312.869797 -10406.443892 -21198.023939     86.311566  6  4  2  96       
PG27 -23632.165396 -12468.422064   1354.698857   -131.422203  3  6  6  87       
PG28   3071.064315  15192.649367  22140.701179    570.054868  4  3  4  74       
PG29   9473.453526 -11352.278355 -22114.859316   -348.402711  5  6  4  81       
PG30   1071.484356  26319.362352   2247.259763   -427.096850  1  5  4  68       
PG31  -8408.612672 -21624.829637 -12579.655220   -117.755079  3  6  7  57       
PG32 -10276.639160 -18729.666317  16000.866051     21.044131  5  5  6  84       
*  2021  5 17  5 30  0.00000000
PG01 -13365.554219   8785.516938  20871.987616    686.798840  6  5  6  79       
PG02  13257.078144  16333.715633 -15530.949805   -604.887453  3  5  4  75       
PG03 -23137.127989  12241.826281   4036.023374   -166.137463  4  3  2  79       
PG04 -20323.313687   2620.201597 -16921.818519   -196.597026  7  5  6  74       
PG05  20736.644479   -385.946726 -16852.599195    -42.188560  4  5  4  65       
PG06   6505.060007  24655.749514  -7264.465492     16.542155  5  9  3  66       
PG07  -7650.381598  21640.172579 -12574.246715    153.030759  4  7  5  70       
PG08 -24634.465859  -4407.935389   9330.393474    -21.524079  4  3  2  70       
PG09 -10823.934252  11669.747176 -21325.395190   -345.965376  5  6  5  80       
PG10   3439.398547 -18163.071925  19086.334230   -123.554535  4  3  3  91       
PG12  24054.175018  -9332.463061   5729.529309    -42.178938  4  5  4  71       
PG13  23014.440123  13124.759973   2597.425776    133.001902  2  4  3  84       
PG14  -4762.304543  18291.294799  18638.491073     84.698343  2  7  4  68       
PG15  25014.030480   1741.405532   8908.669147   -148.879531  2  3  3  52       
PG16 -18025.492379  -5032.299510 -19270.427211   -326.453029  5  6  4  87       
PG17   5121.785062  17816.725976  19445.474425    443.624645  3  6  3  76       
PG18   5670.571775 -23962.158397  -9879.969332    350.160319  7 12  8  90       
PG19  13646.955338  18703.290078  12832.832654      1.039106  3  5  4  89       
PG20  22175.541810  -9727.729292 -10540.393565    522.091125  3  6  5  67       
PG21 -15728.513550    131.567804  22139.724407    118.657572  5  8  2 104       
PG22 -22260.314736   5610.717537  13381.709386   -612.352219  5  4  3  57       
PG23  14102.888089 -19524.838514  11121.520673    105.997346  3  6  4  92       
PG24  15309.614996  -3338.674221  21186.306873     82.362871  3  1  3  86       
PG25  18965.238479 -17586.172139  -5633.834726    138.636460  6  4  5  73       
PG26 -10321.663632 -11808.414838 -21500.842331     86.316058  7  5  1  87       
PG27 -23555.196287 -12636.199729  -1508.826631   -131.428069  3  6  6  86       
PG28    933.025480  16236.481347  21588.968236    570.049425  4  4  4  48       
PG29  11574.652788 -10010.018382 -21763.771120   -348.408161  5  6  4  82       
PG30    731.901009  26413.503174   -572.281463   -427.101300     5  2  51       
PG31  -8165.843065 -22931.690246 -10134.748891   -117.756688  4  7  7  69       
PG32  -8511.621677 -17986.009967  17787.190798     21.043500  5  5  5  91       
*  2021  5 17  5 45  0.00000000
PG01 -13656.192734   6317.376370  21586.914992    686.788864  6  5  5  81       
PG02  13363.145376  18103.626310 -13417.346449   -604.890352  4  5  4  86       
PG03 -22761.405418  11681.777961   6824.627141   -166.146813  4  3  2  70       
PG04 -21887.163904   1663.422596 -14987.804085   -196.598371  7  5  6  72       
PG05  19254.995931    950.728248 -18505.194711    -42.189813  4  5  4  71       
PG06   6386.572028  25348.438322  -4464.160715     16.545539  5 10  4  68       
PG07  -8058.232177  20033.466527 -14777.164397    153.040332  4  7  4  86       
PG08 -25392.019146  -4948.439983   6677.421805    -21.524891  3  4  2  81       
PG09 -12994.887411  10667.746524 -20626.468193   -345.967390  4  5  5  73       
PG10   5202.084408 -19273.699871  17500.206853   -123.561402  4  3  3  90       
PG12  23452.494037  -8699.850522   8462.632675    -42.183300  4  5  4  83       
PG13  23021.515887  13393.948218   -260.263391    133.006168  3  4  3  83       
PG14  -6554.199744  19286.390973  17019.489476     84.693560  1  8  5  63       
PG15  25791.042943   2305.494733   6323.539364   -148.877308  2  3  4  69       
PG16 -16158.863220  -6220.605328 -20513.893180   -326.458717  5  6  4  88       
PG17   3129.825646  16860.122996  20708.136925    443.629792  3  7  3  87       
PG18   5977.356051 -22710.870728 -12353.705969    350.159456  7 11  8  67       
PG19  12158.554433  18015.014426  15059.930425      1.043709  3  5  4  84       
PG20  21404.544205  -8577.307313 -12902.271888    522.090920  3  6  5  65       
PG21 -16128.906720  -2192.806848  21770.000469    118.659685  4  8  2 106       
PG22 -21202.237455   4340.387403  15459.140771   -612.343922  5  4  3  67       
PG23  15136.825808 -20032.814068   8566.397439    105.994451  3  6  4  92       
PG24  15743.609778   -893.820935  21148.594258     82.383242  3  2  4  75       
PG25  19492.934569 -17638.391730  -2816.014525    138.642769  7  3  4  54       
PG26  -8389.396365 -13316.816928 -21435.902156     86.320580  7  5  2  75       
PG27 -23196.756119 -12674.348358  -4347.009980   -131.433927  3  7  6  76       
PG28  -1073.995174  17357.153411  20684.713356    570.044207  3  4  4  76       
PG29  13693.908049  -8816.628655 -21040.096282   -348.414215  5  6  4  88       
PG30    375.158941  26205.106886  -3381.819602   -427.105718     5  2  48       
PG31  -7968.032482 -23962.297677  -7511.600713   -117.758944  4  7  7  60       
PG32  -6542.084463 -17259.762264  19271.839966     21.042844  5  4  5  91       
*  2021  5 17  6  0  0.00000000
PG01 -14090.529716   3812.124778  21919.894890    686.778889  6  5  5  97       
PG02  13502.118014  19610.333607 -11063.113156   -604.893144  4  6  4  81       
PG03 -22175.566151  10905.629128   9494.681864   -166.156166  4  2  2  86       
PG04 -23283.244366    879.734369 -12796.403832   -196.599678  7  5  5  88       
PG05  17718.393353   2473.774925 -19845.109109    -42.190536  5  6  4  63       
PG06   6255.441511  25727.732744  -1586.657489     16.548945  5 10  4  77       
PG07  -8580.781298  18213.096491 -16714.128962    153.050055  4  6  3  97       
PG08 -25890.435983  -5343.911195   3911.531525    -21.525788  2  5  3  58       
PG09 -15121.274015   9811.328458 -19574.621778   -345.969456  4  5  5  55       
PG10   6753.477404 -20352.518447  15612.524833   -123.568264  4  3  2  87       
PG12  22637.348943  -7859.026004  11047.519715    -42.188048  3  5  4  78       
PG13  22759.484097  13508.655422  -3113.524482    133.010586  3  4  3  81       
PG14  -8132.229126  20253.040048  15107.075680     84.688854  1  8  5  66       
PG15  26305.918205   2755.315733   3630.685431   -148.875234  3  3  4  73       
PG16 -14259.509234  -7579.363318 -21415.429797   -326.464236  5  7  3 101       
PG17    977.845238  15968.363342  21627.262874    443.635185  3  7  2  86       
PG18   6387.326442 -21211.963142 -14614.243479    350.158520  7 11  9  59       
PG19  10418.065662  17301.873334  17024.353963      1.048264  2  5  4  85       
PG20  20516.884988  -7204.662969 -15038.656417    522.090644  4  7  5  60       
PG21 -16639.338669  -4431.521724  21050.755832    118.661866  4  8  3 107       
PG22 -20051.720013   2869.071608  17271.626078   -612.335234  6  2  3  79       
PG23  15916.640294 -20399.779764   5863.325716    105.991572  3  5  5  96       
PG24  16286.471656   1498.735126  20739.507916     82.403677  4  3  5  85       
PG25  19768.855066 -17511.172028     50.911028    138.649050  7  3  4  47       
PG26  -6552.547440 -14901.658318 -21003.506365     86.325095  7  6  2  85       
PG27 -22547.437172 -12620.375227  -7112.277322   -131.439766  3  7  5  83       
PG28  -2917.872185  18521.651438  19442.492319    570.038670  3  4  4  85       
PG29  15783.531147  -7786.701439 -19956.297896   -348.419732  4  5  4  79       
PG30    -33.347844  25701.208324  -6132.250984   -427.110180     5  2  62       
PG31  -7779.939249 -24698.285180  -4756.016248   -117.760901  5  7  7  73       
PG32  -4397.476621 -16584.950374  20429.489050     21.042190  5  4  4  84       
*  2021  5 17  6 15  0.00000000
PG01 -14664.800801   1322.172885  21866.007468    686.768793  6  6  4  75       
PG02  13637.691954  20833.547877  -8511.705149   -604.896046  4  7  4  74       
PG03 -21416.458057   9898.232055  11999.714093   -166.165536  4  2  3  66       
PG04 -24471.899383    254.586593 -10385.326046   -196.601076  7  5  5  56       
PG05  16169.623676   4168.371361 -20849.563368    -42.191730  5  6  4  38       
PG06   6072.221593  25793.235112   1318.271099     16.552432  6 10  3  73       
PG07  -9236.265557  16220.367026 -18350.343000    153.059578  4  6  2  88       
PG08 -26106.677312  -5624.993265   1079.541444    -21.526766  2  6  4  69       
PG09 -17156.515385   9102.542740 -18187.816921   -345.971523  5  5  5  58       
PG10   8080.225072 -21355.988052  13455.115890   -123.575115  4  3  2  79       
PG12  21646.970879  -6795.257073  13438.493540    -42.192580  3  5  4  81       
PG13  22214.289521  13504.060471  -5913.741290    133.014933  4  4  4  65       
PG14  -9482.398648  21149.637759  12934.185370     84.684112  2  8  5  70       
PG15  26541.198026   3120.961550    876.262189   -148.873079  3  3  4  63       
PG16 -12371.728397  -9092.811831 -21959.111947   -326.469960  5  7  3  83       
PG17  -1297.141625  15171.468879  22188.200588    443.640720  2  7  2  83       
PG18   6925.473188 -19500.259786 -16622.683392    350.157612  7 10  9 118       
PG19   8447.205137  16604.032907  18690.933882      1.052945  2  6  4  92       
PG20  19553.755465  -5615.507451 -16912.677334    522.090140  5  7  6  52       
PG21 -17240.352285  -6545.134823  19994.050110    118.664257  4  8  4 114       
PG22 -18850.264947   1206.397881  18788.891369   -612.326738  6     3  68       
PG23  16453.219115 -20588.308402   3058.996107    105.988671  3  5  5  89       
PG24  16922.203394   3794.061077  19967.548716     82.424116  4  4  5  89       
PG25  19813.836089 -17173.433358   2916.915740    138.655325  7  3  3  64       
PG26  -4842.194216 -16527.385840 -20210.245669     86.329616  7  6  2  89       
PG27 -21606.320181 -12513.526665  -9758.390387   -131.445590  3  7  5  84       
PG28  -4573.009444  19692.358877  17882.136871    570.033308  3  4  4  82       
PG29  17794.839956  -6926.376202 -18530.963311   -348.425657  4  5  4  80       
PG30   -526.056224  24917.277928  -8775.482881   -427.114624     5  3  72       
PG31  -7564.431452 -25130.084202  -1916.408862   -117.762939  6  7  7  66       
PG32  -2113.624842 -15990.600461  21240.258032     21.041575  5  3  4  77       
*  2021  5 17  6 30  0.00000000
PG01 -15366.733109  -1101.538899  21427.336245    686.758819  6  6  4  87       
PG02  13731.713452  21762.221289  -5809.621050   -604.898853  4  8  4  73       
PG03 -20524.731272   8652.609458  14296.103160   -166.174899  5  2  2  69       
PG04 -25418.513321   -233.503856  -7796.016105   -196.602461  7  4  4  43       
PG05  14649.112862   6012.017481 -21501.326399    -42.192372  6  6  4  63       
PG06   5798.701401  25553.771105   4200.443112     16.555999  6  9  4  80       
PG07 -10035.510369  14101.074933 -19656.694354    153.069304  4  6  1  80       
PG08 -26025.425462  -5826.273708  -1770.684135    -21.528142  2  6  4  78       
PG09 -19055.417823   8535.500789 -16489.720242   -345.973590  4  5  5  59       
PG10   9177.515023 -22240.281831  11064.662581   -123.581956  4  3  2  83       
PG12  20523.504401  -5502.167772  15593.145691    -42.197088  3  5  4  85       
PG13  21380.214130  13418.129011  -8613.330684    133.019172  4  4  4  82       
PG14 -10599.159595  21934.212063  10538.262530     84.679352  3  7  5  79       
PG15  26487.042784   3435.436594  -1892.979927   -148.870326  4  4  4  60       
PG16 -10537.145613 -10737.421024 -22134.746701   -326.475740  6  7  3  68       
PG17  -3653.203369  14492.898068  22382.034608    443.646262  4  6  2  87       
PG18   7610.190969 -17616.185062 -18344.521414    350.156674  6  9  9  68       
PG19   6276.024402  15958.208814  20029.605172      1.057532  3  6  4 100       
PG20  18556.061035  -3823.724680 -18492.224124    522.089513  5  7  5  70       
PG21 -17906.239538  -8498.627024  18616.940898    118.666714  4  8  5 119       
PG22 -17638.107153   -630.328837  19985.819986   -612.318016  6     3 104       
PG23  16765.267303 -20565.259306    201.843936    105.985793  3  5  5  85       
PG24  17628.098642   5951.368097  18847.581909     82.444541  3  5  5  80       
PG25  19655.535269 -16600.181839   5731.668665    138.661585  7  3  2  39       
PG26  -3282.959852 -18154.119624 -19068.943563     86.334123  7  6  3  78       
PG27 -20381.095292 -12393.166220 -12241.153211   -131.451432  3  8  5  75       
PG28  -6021.105311  20828.375858  16028.511034    570.027787  2  4  4  86       
PG29  19679.889277  -6233.249941 -16788.489291   -348.431164  4  5  5  85       
PG30  -1131.740925  23876.632742 -11265.315123   -427.119090  1  5  4  71       
PG31  -7284.163987 -25257.258741    957.103153   -117.765179  6  6  7  79       
PG32    268.420129 -15499.615326  21690.049682     21.040924  5  3  3  80       
*  2021  5 17  6 45  0.00000000
PG01 -16176.039477  -3411.354200  20612.848478    686.748824  6  5  4  79       
PG02  13745.879784  22394.703774  -3005.425245   -604.901648  5  9  4  54       
PG03 -19543.198525   7170.434496  16343.867432   -166.184290  5     3  63       
PG04 -26094.792863   -611.925762  -5072.946264   -196.603784  7  5  4  54       
PG05  13193.475164   7975.194172 -21789.007083    -42.193320  6  6  4  73       
PG06   5399.583678  25026.985666   7010.145641     16.559476  6  8  4  81       
PG07 -10981.336851  11903.769845 -20610.324200    153.078928  4  6     87       
PG08 -25639.685675  -5984.785515  -4591.001329    -21.528689  3  6  4  85       
PG09 -20775.764584   8096.740694 -14509.310781   -345.975646  4  6  5  51       
PG10  10049.103041 -22963.014412   8482.103497   -123.588839  4  3  2  92       
PG12  19311.326972  -3982.234106  17473.174765    -42.201490  3  5  4  78       
PG13  20260.186975  13290.001038 -11166.520949    133.023541  5  4  4  70       
PG14 -11485.424100  22566.081672   7960.611651     84.674634  5  6  5  67       
PG15  26141.542254   3733.192840  -4630.451512   -148.868040  4  4  4  48       
PG16  -8793.269034 -12482.579554 -21938.100828   -326.481201  5  8  3  70       
PG17  -6044.854008  13948.728724  22205.691730    443.651584  4  6  2  89       
PG18   8452.403619 -15604.303259 -19750.236695    350.155763  6  8  9  74       
PG19   3941.968577  15396.146203  21016.021024      1.062221  3  6  3  97       
PG20  17562.805503  -1851.004613 -19750.482975    522.089553  6  6  5  46       
PG21 -18605.961659 -10262.454944  16941.262142    118.669363  4  8  6 120       
PG22 -16452.713754  -2616.625365  20842.816195   -612.309557  6     3  86       
PG23  16878.408764 -20303.175781  -2658.797146    105.982870  3  5  5  77       
PG24  18375.678332   7935.369066  17400.470941     82.464972  3  5  6  79       
PG25  19327.242354 -15773.706673   8445.469828    138.667866  7  3     28       
PG26  -1892.209493 -19739.076097 -17598.493290     86.338496  6  6  3  80       
PG27 -18887.879528 -12297.162054 -14519.084363   -131.457269  3  8  5  82       
PG28  -7251.668535  21886.971709  13911.208997    570.022474  2  4  4  79       
PG29  21393.183231  -5696.622001 -14758.671860   -348.437090  3  5  5  85       
PG30  -1874.169235  22609.546498 -13558.285557   -427.123584  1  5  5  72       
PG31  -6903.280280 -25088.478612   3813.648184   -117.767129  6  6  7  79       
PG32   2703.735391 -15127.891867  21770.800958     21.040282  5  2  2  87       
*  2021  5 17  7  0  0.00000000
PG01 -17065.244792  -5564.560239  19438.139757    686.738865  6  5  4  81       
PG02  13643.414931  22738.523324   -148.776558   -604.904487  5  9  4  56       
PG03 -18515.121396   5462.171749  18107.384253   -166.193676  5     3  91       
PG04 -26479.818189   -912.717918  -2262.855752   -196.605158  7  4  3  65       
PG05  11834.211898  10022.290924 -21707.261129    -42.194330  7  6  4  39       
PG06   4844.047354  24238.609392   9698.999196     16.562920  6  7  5 114       
PG07 -12068.321399   9677.916484 -21195.044472    153.088463  4  6  1  86       
PG08 -24951.091051  -6138.422328  -7333.755205    -21.530056  3  7  4  95       
PG09 -22279.805396   7765.890824 -12280.398299   -345.977751  4  6  5  84       
PG10  10707.005459 -23484.942121   5751.944097   -123.595723  3  3  3  86       
PG12  18055.281657  -2246.923034  19045.131706    -42.206117  3  6  4  86       
PG13  18865.777439  13158.349148 -13530.093564    133.027849  5  4  4  75       
PG14 -12152.254566  23007.478100   5245.681623     84.669856  5  6  4  76       
PG15  25510.743601   4048.636057  -7290.451530   -148.865628  5  5  4  55       
PG16  -7172.190945 -14291.555950 -21371.051168   -326.486918  5  8  4  79       
PG17  -8424.540306  13547.114660  21661.977086    443.657479  4  5  2  89       
PG18   9454.987787 -13511.711161 -20815.791624    350.154916  6  7  9  58       
PG19   1488.629240  14943.301025  21632.063794      1.066414  4  5  3 100       
PG20  16609.575616    273.828044 -20666.367650    522.089209  7  6  5  59       
PG21 -19304.255528 -11813.426025  14993.364658    118.671624  4  8  6 121       
PG22 -15327.413880  -4721.597975  21346.073940   -612.301286  6  2  3  67       
PG23  16824.026324 -19781.471151  -5473.556424    105.979938  3  5  5  90       
PG24  19131.856390   9717.401106  15652.609101     82.485394  2  6  5  85       
PG25  18866.459935 -14684.501430  11010.193650    138.674137  6  3     50       
PG26   -679.528454 -21238.127123 -15823.585482     86.342966  6  6  3  74       
PG27 -17150.738190 -12260.340134 -16554.048669   -131.463104  3  8  4  74       
PG28  -8262.265635  22825.126069  11564.192550    570.016620  2  3  4  81       
PG29  22893.304908  -5298.063508 -12476.207111   -348.442936  2  5  5  80       
PG30  -2770.959448  21152.095250 -15614.461118   -427.128038  1  4  5  70       
PG31  -6389.064891 -24641.129750   6602.578720   -117.769139  6  5  6  84       
PG32   5145.028180 -14883.712097  21480.642725     21.039636  5  2  2  79       
*  2021  5 17  7 15  0.00000000
PG01 -18000.804377  -7524.828521  17925.054694    686.728858  5  5  4  87       
PG02  13390.650711  22809.815816   2710.511830   -604.907352  6 10  4  68       
PG03 -17482.491555   3546.872305  19556.028969   -166.203069  5     3  86       
PG04 -26560.823259  -1171.134154    586.046039   -196.606503  7  4  3  65       
PG05  10596.607490  12112.770504 -21256.908640    -42.195266  7  6  5  60       
PG06   4107.133654  23221.425726  12220.793016     16.566307  6  6  6  88       
PG07 -13282.915934   7472.041365 -21401.596139    153.097628  3  6  2  78       
PG08 -23969.899903  -6324.324491  -9952.541496    -21.531393  3  7  5  74       
PG09 -23535.587363   7516.606755  -9841.060146   -345.979842  4  6  5  72       
PG10  11170.864326 -23771.565895   2921.487678   -123.602610  3  2  2  85       
PG12  16798.896819   -316.465248  20281.072670    -42.210940  3  6  4  82       
PG13  17216.873747  13059.768822 -15664.078674    133.031969  6  3  5  82       
PG14 -12618.239784  23225.067700   2440.293996     84.665103  6  5  4  75       
PG15  24608.402002   4414.656235  -9828.858124   -148.863485  5  5  4  36       
PG16  -5699.481690 -16122.706628 -20441.650806   -326.492057  6  8  4  72       
PG17 -10744.204675  13288.033504  20759.540650    443.662606  5  5  2  93       
PG18  10612.517666 -11386.346030 -21523.034225    350.154044  5  6  8  85       
PG19  -1035.760795  14617.780972  21866.237662      1.071103  4  5  3  99       
PG20  15727.184794   2515.760298 -21224.838897    522.088706  7  5  6  48       
PG21 -19962.894886 -13135.369818  12803.816915    118.673817  5  8  7 120       
PG22 -14290.206920  -6908.947708  21487.750687   -612.292654  6  3  3  79       
PG23  16637.886823 -18987.356646  -8193.886445    105.976969  4  5  5  98       
PG24  19860.283172  11276.274731  13635.364578     82.505735  2  6  5  86       
PG25  18313.311338 -13331.865438  13380.217517    138.680453  6  3     41       
PG26    353.494295 -22607.436459 -13774.327322     86.347380  5  5  4  80       
PG27 -15200.927114 -12313.057287 -18311.842741   -131.468947  3  8  4  88       
PG28  -9058.487462  23601.110020   9025.365676    570.010878  2  3  3  81       
PG29  24144.401970  -5012.289401  -9980.110565   -348.448796  2  4  5  80       
PG30  -3832.690289  19544.786174 -17398.157811   -427.132497  2  3  5  39       
PG31  -5713.474528 -23940.576317   9274.450083   -117.771103  6  4  6  75       
PG32   7544.234808 -14767.431972  20823.963808     21.038989  4  2  1  78       
*  2021  5 17  7 30  0.00000000
PG01 -18944.463050  -9263.383320  16101.198245    686.718887  6  5  4  81       
PG02  12958.452399  22632.443079   5523.360970   -604.910434  6 10  5  75       
PG03 -16484.376196   1451.630314  20664.720288   -166.212456  5     3  86       
PG04 -26333.675703  -1424.084916   3424.900037   -196.607835  7  4  4  71       
PG05   9498.864158  14202.530584 -20444.958833    -42.196381  7  6  5  44       
PG06   3170.901775  22013.980700  14532.276675     16.569700  5  6  6  82       
PG07 -14603.919148   5331.945863 -21227.746165    153.106987  3  6  3  98       
PG08 -22714.685053  -6577.294897 -12402.952122    -21.532528  2  7  5  86       
PG09 -24518.076816   7317.745902  -7233.005036   -345.981912  4  6  5  67       
PG10  11467.007625 -23794.570500     39.999722   -123.609481  2  3  3  88       
PG12  15582.668003   1780.731803  21159.102652    -42.215382  3  6  5  85       
PG13  15341.059773  13027.260340 -17532.395470    133.036363  6  3  5  78       
PG14 -12908.582783  23191.314019   -407.170600     84.660360  6  5  4  85       
PG15  23455.468154   4861.233493 -12203.777417   -148.860954  5  5  4  51       
PG16  -4393.320259 -17930.893083 -19164.103889   -326.497850  5  8  4  73       
PG17 -12956.872842  13163.334344  19512.773885    443.668287  5  5  2 104       
PG18  11911.340292  -9275.274169 -21859.997150    350.153191  4  5  7  87       
PG19  -3580.031260  14429.593802  21713.930327      1.075325  5  4  3 101       
PG20  14940.527313   4834.772684 -21417.110249    522.088384  7  4  6  68       
PG21 -20542.071040 -14219.583791  10407.062873    118.675948  5  7  7 126       
PG22 -13362.790336  -9138.174469  21266.047612   -612.284017  6  4  3  61       
PG23  16358.606010 -17916.474683 -10772.906746    105.974030  4  6  5 102       
PG24  20522.809690  12598.823688  11384.455111     82.526184  1  7  5  88       
PG25  17708.841656 -11724.154765  15513.312223    138.686760  6  2     57       
PG26   1213.165646 -23805.110232 -11485.756477     86.351889  4  5  4  87       
PG27 -13075.881578 -12479.944192 -19762.728798   -131.474786  3  8  4  82       
PG28  -9653.630523  24176.055750   6336.084065    570.005598  3  4  3  79       
PG29  25117.472153  -4808.299678  -7313.063878   -348.454363  2  4  6  79       
PG30  -5062.297674  17831.026042 -18878.574957   -427.136938  2  2  5  63       
PG31  -4854.480084 -23019.105553  11781.975557   -117.773378  6  4  6  85       
PG32   9854.158369 -14771.481772  19811.376227     21.038323  4  2  1  66       
*  2021  5 17  7 45  0.00000000
PG01 -19854.795111 -10759.857844  13999.353920    686.708897  6  6  3  96       
PG02  12323.438446  22236.848137   8242.247961   -604.913274  7 10  6  57       
PG03 -15555.394067   -789.277692  21414.361449   -166.221888  6     4  66       
PG04 -25803.038262  -1708.515924   6205.028009   -196.609157  7  5  4  62       
PG05   8551.508633  16245.414680 -19284.539023    -42.197047  8  6  5  59       
PG06   2025.309574  20659.086712  16593.894576     16.573117  5  7  7  96       
PG07 -16003.272501   3299.062155 -20678.226975    153.117236  3  6  3  79       
PG08 -21211.725188  -6928.302692 -14643.295087    -21.533160  3  7  5  84       
PG09 -25210.029212   7134.735074  -4500.873346   -345.983939  4  6  5  64       
PG10  11627.240051 -23533.039123  -2842.178601   -123.616385  3  3  3  86       
PG12  14442.474869   4009.008016  21663.796002    -42.220019  3  6  5  89       
PG13  13272.713753  13088.858086 -19103.429590    133.040706  6  3  5  69       
PG14 -13053.936799  22885.626973  -3247.613250     84.655612  6  5  3  78       
PG15  22079.334887   5414.166526 -14376.146264   -148.858560  6  5  4  56       
PG16  -3263.898472 -19669.061926 -17558.642303   -326.503177  5  7  5  71       
PG17 -15018.214211  13157.085131  17941.635582    443.673831  5  5  2  90       
PG18  13329.978081  -7223.025614 -21821.089157    350.152283  4  5  6  86       
PG19  -6091.907317  14380.237822  21177.534427      1.079926  5  3  3  95       
PG20  14267.684721   7187.208202 -21240.740572    522.088160  7  4  6  35       
PG21 -21001.853990 -15065.036776   7841.032717    118.678484  6  7  7  92       
PG22 -12559.839580 -11365.934853  20685.198292   -612.275595  6  5  3  85       
PG23  16026.014139 -16573.212762 -13166.215786    105.971111  4  6  5  95       
PG24  21081.013089  13680.142331   8939.268377     82.546582  2  7  5  83       
PG25  17093.284027  -9878.667663  17371.471182    138.693091  6  3  2  64       
PG26   1913.271780 -24792.796119  -8997.255650     86.356337  4  5  4  82       
PG27 -10817.985840 -12778.862997 -20881.911144   -131.480592  4  7  3  66       
PG28 -10068.097154  24515.461359   3540.597954    569.999915  4  4  3  80       
PG29  25791.399858  -4650.746258  -4520.698867   -348.460182  2  5  6  71       
PG30  -6454.782836  16055.492177 -20030.331484   -427.141483  3  1  4  68       
PG31  -3797.160876 -21914.601067  14080.933612   -117.775276  6  4  5  73       
PG32  12030.085151 -14880.680541  18459.579525     21.037660  4  3     75       
*  2021  5 17  8  0  0.00000000
PG01 -20688.860087 -12002.812109  11656.826057    686.699006  7  7  2  71       
PG02  11468.955654  21658.703489  10821.950577   -604.916135  7 10  7  82       
PG03 -14724.382926  -3135.536517  21792.169061   -166.231283  5  2  4  87       
PG04 -24982.205780  -2059.786707   8878.759402   -196.610524  7  4  4  66       
PG05   7757.095132  18194.818658 -17794.725874    -42.198373  8  6  5  62       
PG06    668.785825  19202.179281  18370.451384     16.576507  4  6  7  81       
PG07 -17447.140313   1409.019431 -19764.527584    153.126514  2  6  4  55       
PG08 -19494.118738  -7403.130244 -16635.279276    -21.533610  3  7  5  55       
PG09 -25602.573433   6931.078645  -1691.484742   -345.986015  4  6  4  86       
PG10  11687.411935 -22974.390762  -5674.549818   -123.623304  3  3  3  89       
PG12  13408.200252   6326.674110  21786.483487    -42.224916  3  5  5  85       
PG13  11051.862110  13266.457450 -20350.540532    133.045016  7  4  4  72       
PG14 -13089.035638  22295.253722  -6032.069588     84.650866  6  5  2  77       
PG15  20512.871887   6093.965384 -16310.286028   -148.856457  6  6  4  64       
PG16  -2313.127369 -21289.933490 -15651.298305   -326.508647  5  7  5  75       
PG17 -16888.023003  13246.210757  16071.405555    443.679699  5  5  3  91       
PG18  14839.842616  -5270.038301 -21407.176834    350.151443  6  6  6  87       
PG19  -8519.895329  14462.654285  20266.423404      1.084490  6  3  3 100       
PG20  13719.315405   9527.273901 -20699.615953    522.087828  8  4  6  67       
PG21 -21303.691437 -15678.318575   5146.701830    118.680936  6  6  7 127       
PG22 -11888.563363 -13547.504081  19755.368745   -612.266919  5  5  3  83       
PG23  15679.486820 -14970.685847 -15332.656665    105.968191  5  6  5 105       
PG24  21497.723708  14523.509773   6342.143665     82.566995  3  7  4  70       
PG25  16504.365748  -7821.165823  18921.656567    138.699376  6  3  3  78       
PG26   2474.359355 -25537.166579  -6351.876353     86.360738  4  4  4  81       
PG27  -8473.164573 -13220.117631 -21649.949597   -131.486471  4  7  3  91       
PG28 -10328.527793  24590.576826    685.427905    569.994291  4  5  4  82       
PG29  26153.704174  -4501.473214  -1650.829936   -348.465894  3  5  6  78       
PG30  -7997.242528  14262.472127 -20833.894789   -427.145969  3     2  90       
PG31  -2534.503794 -20669.002606  16131.004625   -117.776922  6  4  5  77       
PG32  14031.319498 -15072.855558  16791.123352     21.037024  4  3  1  59       
*  2021  5 17  8 15  0.00000000
PG01 -21403.906819 -12989.901081   9114.723539    686.689071  8  8     92       
PG02  10385.783154  20937.412052  13220.208808   -604.918911  7  9  7  64       
PG03 -14013.311050  -5542.173435  21791.884109   -166.240677  5  2  4  76       
PG04 -23892.624064  -2510.111810  11400.240894   -196.611864  7  4  5  44       
PG05   7110.218401  20005.334593 -16000.277986    -42.199150  8  6  4  59       
PG06   -891.527232  17689.590837  19831.698044     16.579913  4  7  6  93       
PG07 -18897.221603   -309.524466 -18504.549994    153.135885  2  6  4  68       
PG08 -17600.650547  -8021.214268 -18344.654594    -21.533459  3  7  5  87       
PG09 -25695.487453   6669.949314   1146.954940   -345.988066  4  6  4  86       
PG10  11685.824185 -22114.998843  -8407.392767   -123.630204  4  3  3  91       
PG12  12502.609276   8687.483311  21525.399523    -42.229482  3  5  5  81       
PG13   8722.830040  13574.882313 -21252.492828    133.049271  7  4  4  81       
PG14 -13051.172732  21415.876271  -8712.559337     84.646076  5  6  1  77       
PG15  18793.283341   6914.944317 -17974.405166   -148.853753  6  6  4  66       
PG16  -1534.664296 -22747.738163 -13473.568680   -326.514055  5  6  5  75       
PG17 -18531.569630  13401.403701  13932.364545    443.684838  4  6  3  85       
PG18  16406.231826  -3451.270443 -20625.556218    350.150608  7  6  6  76       
PG19 -10815.142241  14661.545180  18996.780835      1.089027  6  3  2  85       
PG20  13298.346654  11808.616794 -19803.825369    522.087116  8  5  6  74       
PG21 -21411.900054 -16073.330396   2367.593335    118.682825  6  5  6  75       
PG22 -11348.547736 -15638.289579  18492.472168   -612.258620  6  5  3  70       
PG23  15356.306756 -13130.388115 -17235.023329    105.965324  5  6  5 100       
PG24  21738.496230  15140.011754   3637.629315     82.587433  4  7  4  79       
PG25  15975.727703  -5585.049493  20136.442736    138.705771  6  3  4  81       
PG26   2922.741103 -26011.224998  -3595.583212     86.365155  5  4  4  74       
PG27  -6089.343689 -13805.947015 -22053.103837   -131.492381  4  6  2  88       
PG28 -10466.688276  24379.618081  -2181.325076    569.989002  5  5  4  55       
PG29  26200.969339  -4321.171372   1247.353042   -348.471765  3  6  6  71       
PG30  -9669.218583  12494.238745 -21275.895556   -427.150424  3  2     60       
PG31  -1067.873936 -19326.619691  17896.517223   -117.778997  6  4  4  64       
PG32  15822.578910 -15319.746165  14834.068930     21.036355  4  3  1  74       
*  2021  5 17  8 30  0.00000000
PG01 -21959.059050 -13727.695663   6417.201794    686.679109  8  8     86       
PG02   9072.550237  20114.521348  15398.301244   -604.922109  7  9  7  51       
PG03 -13436.475136  -7961.121723  21413.862257   -166.250039  5  3  4  87       
PG04 -22563.108933  -3087.124995  13726.215368   -196.613153  7  4  6  69       
PG05   6597.839532  21634.371149 -13931.270271    -42.200043  8  5  4  79       
PG06  -2639.869480  16166.808139  20952.829752     16.583363  4  6  6  93       
PG07 -20312.233057  -1835.745031 -16922.147746    153.145432  2  6  5  80       
PG08 -15574.450585  -8794.725721 -19741.797831    -21.536141  4  7  5  77       
PG09 -25497.153922   6315.799938   3965.674722   -345.990170  4  6  4  98       
PG10  11661.534927 -20960.462708 -10992.687744   -123.637139  5  3  4  86       
PG12  11740.534593  11042.289274  20885.687328    -42.233820  3  5  5  86       
PG13   6332.737476  14021.227553 -21793.805475    133.053597  7  5  4  89       
PG14 -12978.589007  20251.892357 -11242.917322     84.641332  4  6  2  73       
PG15  16960.827924   7884.543644 -19341.048817   -148.851569  7  6  4  58       
PG16   -914.267617 -23999.934856 -11061.968093   -326.519651  5  5  5  74       
PG17 -19920.774530  13588.280176  11559.398798    443.690488  3  6  4  87       
PG18  17989.571964  -1795.033101 -19489.815700    350.149751  8  5  6  60       
PG19 -12933.189995  14954.043322  17391.286716      1.093604  6  3  3  93       
PG20  12999.976604  13985.914205 -18569.436115    522.087110  8  5  6  95       
PG21 -21295.100859 -16270.717635   -450.779898    118.685272  6  5  6  35       
PG22 -10931.892463 -17595.342517  16917.902072   -612.249974  5  6  3  89       
PG23  15090.120432 -11081.527814 -18840.695269    105.962406  5  6  4  99       
PG24  21772.971578  15547.881704    871.729046     82.607869  4  6  3  80       
PG25  15535.525670  -3210.220504  20994.540406    138.712175  6  4  4  80       
PG26   3289.264522 -26195.379879   -776.432720     86.369558  5  3  3  47       
PG27  -3714.833036 -14530.322508 -22083.602492   -131.498204  5  6  2  77       
PG28 -10518.144916  23868.758880  -5010.731284    569.983274  5  5  4  83       
PG29  25938.940505  -4071.083612   4124.118509   -348.477332  4  6  7  57       
PG30 -11443.350911  10789.524947 -21349.324860   -427.154855  4  3     78       
PG31    592.861386 -17932.372300  19347.087769   -117.780982  6  3  4  86       
PG32  17375.195314 -15588.160162  12621.551728     21.035722  4  3  1  67       
*  2021  5 17  8 45  0.00000000
PG01 -22316.918836 -14231.172169   3610.678977    686.669203  9  8  2  72       
PG02   7535.864008  19232.110241  17321.537280   -604.924862  7  8  7  79       
PG03 -13000.014952 -10342.904561  20665.043195   -166.259442  5  3  4  82       
PG04 -21028.795124  -3812.622112  15816.757499   -196.614487  7  4  6  91       
PG05   6199.915575  23043.689173 -11622.632191    -42.200931  7  5  3  76       
PG06  -4552.292122  14676.779892  21714.888932     16.586791  5  6  5  96       
PG07 -21649.497607  -3157.181022 -15046.565628    153.154712  3  6  5  81       
PG08 -13461.491837  -9727.925271 -20802.234617    -21.537459  5  6  5  85       
PG09 -25024.196392   5835.933686   6716.173740   -345.992192  4  6  4  79       
PG10  11652.638457 -19525.518378 -13385.013128   -123.644040  6  3  4  83       
PG12  11128.399857  13340.820422  19879.263871    -42.238541  4  5  4  89       
PG13   3929.894524  14604.501360 -21965.014779    133.057756  7  5  4  91       
PG14 -12908.833180  18816.368586 -13579.591186     84.636613  4  5  3  76       
PG15  15057.444150   9002.902423 -20387.493630   -148.849369  7  6  4  68       
PG16   -430.473212 -25008.843534  -8457.472137   -326.524917  5  4  5  88       
PG17 -21035.160803  13768.745941   8991.528237    443.696165  2  6  4  81       
PG18  19546.856597   -322.086289 -18019.593318    350.148819  9  5  7  78       
PG19 -14835.551120  15310.705559  15478.668629      1.098101  5  4  4  82       
PG20  12811.981749  16016.419353 -17018.176101    522.086841  8  5  6  79       
PG21 -20927.548845 -16297.054312  -3261.536525    118.687556  6  5  6  68       
PG22 -10623.633298 -19378.814055  15058.187802   -612.241498  5  5  3  56       
PG23  14909.549780  -8860.071241 -20122.190239    105.959480  6  6  4  95       
PG24  21576.081985  15771.591588  -1908.851197     82.628274  5  6  2  79       
PG25  15205.273688   -741.681532  21481.188854    138.718571  6  3  3  89       
PG26   3607.892917 -26078.241142   2056.297322     86.373968  6  2  3  51       
PG27  -1396.687086 -15379.061111 -21739.830544   -131.504083  5  5  2  63       
PG28 -10520.769902  23052.855085  -7753.839196    569.977719  5  5  4  75       
PG29  25382.280236  -3714.694972   6930.040046   -348.483233  5  6  7  60       
PG30 -13286.305947   9182.157360 -21053.612648   -427.159342  4  3  3  83       
PG31   2429.557543 -16530.033786  20458.140497   -117.782882  6  2  3  74       
PG32  18668.074836 -15841.340625  10191.249606     21.035033  4  2  1  66       
*  2021  5 17  9  0  0.00000000
PG01 -22445.029512 -14522.897637    743.040831    686.659249  9  8  2  96       
PG02   5790.152597  18331.204311  18959.668443   -604.927723  6  7  7  85       
PG03 -12701.762040 -12638.372945  19558.801320   -166.268791  5  3  4  78       
PG04 -19329.854911  -4701.531536  17635.953905   -196.615837  6  4  7  89       
PG05   5890.312180  24200.792965  -9113.593823    -42.201660  7  4  3  82       
PG06  -6597.403361  13258.338596  22105.068049     16.590268  6  6  5 101       
PG07 -22866.571649  -4269.922031 -12911.800529    153.164315  4  6  6  77       
PG08 -11308.980975 -10816.821795 -21507.087946    -21.537995  5  6  5  98       
PG09 -24300.809181   5201.970918   9351.056542   -345.994252  4  6  4  97       
PG10  11694.588789 -17833.590598 -15542.392893   -123.651007  6  3  4  89       
PG12  10664.098197  15533.496577  18524.550445    -42.242772  4  5  4  88       
PG13   1562.154061  15315.581616 -21762.846459    133.062286  7  5  3  76       
PG14 -12877.158970  17130.667638 -15682.391807     84.631846  4  5  4  76       
PG15  13125.326542  10262.696111 -21096.085835   -148.847023  7  6  4  68       
PG16    -55.573421 -25743.124038  -5704.853838   -326.530161  6  4  5  67       
PG17 -21862.547736  13902.527722   6271.358060    443.701093  2  6  4  83       
PG18  21033.227459    954.968316 -16240.233125    350.147949  9  4  7  74       
PG19 -16491.039901  15696.785378  13293.129739      1.102650  5  4  4  93       
PG20  12715.314470  17861.405781 -15177.031015    522.086338  8  5  6  78       
PG21 -20290.306400 -16183.796921  -6017.112035    118.689902  6  4  6  89       
PG22 -10402.434117 -20953.305121  12944.576713   -612.232638  5  5  3  68       
PG23  14837.012450  -6507.532895 -21057.626183    105.956609  6  6  4  81       
PG24  21129.058682  15840.730698  -4657.445814     82.648601  5  6  3  87       
PG25  14998.978289   1772.068249  21588.407717    138.725015  6  4  3  76       
PG26   3914.156718 -25657.103820   4853.009578     86.378258  6  1  2  37       
PG27    820.898262 -16330.255397 -21026.428705   -131.509958  6  5  3  94       
PG28 -10513.128719  21935.863012 -10362.527377    569.972143  5  5  4  72       
PG29  24553.994082  -3219.341847   9616.842216   -348.488891  5  6  7  70       
PG30 -15159.941829   7699.900592 -20394.589324   -427.163767  5  3  4  88       
PG31   4416.353136 -15160.549525  21211.300047   -117.784719  6  2  3  82       
PG32  19688.376778 -16040.491977   7584.762739     21.034345  4  2  1  70       
*  2021  5 17  9 15  0.00000000
PG01 -22317.147140 -14631.948277  -2137.152887    686.649300  8  7  2 106       
PG02   3857.238242  17450.271557  20287.223544   -604.930268  6  6  7  95       
PG03 -12531.426148 -14800.429638  18114.682373   -166.278117  4  3  3  92       
PG04 -17510.035008  -5761.152424  19152.516649   -196.617153  6  4  7  81       
PG05   5637.967109  25080.121758  -6447.045846    -42.202863  7  3  3  75       
PG06  -8737.401676  11944.795802  22116.908720     16.593685  6  5  4 107       
PG07 -23922.845599  -5178.458041 -10555.903302    153.173711  5  6  6  78       
PG08  -9163.700223 -12049.150857 -21843.444002    -21.539736  5  5  4  80       
PG09 -23357.805758   4391.154815  11824.853903   -345.996299  4  5  4  84       
PG10  11818.638378 -15916.003802 -17427.075619   -123.657904  7  3  5 106       
PG12  10337.226749  17573.212927  16846.078218    -42.247403  5  5  3  90       
PG13   -724.718951  16137.489576 -21190.293552    133.066378  7  6  3  79       
PG14 -12915.022051  15223.763988 -17515.183424     84.627096  4  5  4  68       
PG15  11205.499502  11649.245573 -21454.520143   -148.844199  7  6  4  56       
PG16    243.134588 -26179.036719  -2851.921298   -326.535829  6  3  5  67       
PG17 -22399.454507  13948.818659   3444.455009    443.706737  2  6  5  70       
PG18  22403.636827   2031.976309 -14182.346820    350.147021 10  5  8  72       
PG19 -17876.805009  16073.728883  10873.669170      1.107404  4  5  5  98       
PG20  12684.964806  19487.458903 -13077.764921    522.086253  8  5  6  80       
PG21 -19372.211080 -15966.034722  -8670.005996    118.692304  6  4  6  97       
PG22 -10241.523817 -22289.062122  10612.547570   -612.224220  5  5  3  59       
PG23  14887.795976  -4069.558472 -21631.085314    105.953730  6  5  4  71       
PG24  20420.209598  15788.716466  -7328.153004     82.669008  5  6  3  94       
PG25  14922.598680   4280.772311  21315.104516    138.731464  6  4  2  80       
PG26   4243.539099 -24938.097443   7564.700691     86.382668  6     2  62       
PG27   2898.094383 -17355.010104 -19954.298598   -131.515851  6  4  3  87       
PG28 -10532.809290  20530.923122 -12790.387642    569.966796  5  6  4  61       
PG29  23484.546250  -2557.677278  12138.231063   -348.494514  5  6  7  73       
PG30 -17022.662814   6363.554573 -19384.334497   -427.168096  5  3  4  89       
PG31   6520.538649 -13860.499603  21594.652395   -117.786530  6  1  3  81       
PG32  20431.882755 -16146.406855   4846.913881     21.033662  4  3  2  64       
*  2021  5 17  9 30  0.00000000
PG01 -21914.277832 -14592.606355  -4981.449161    686.639350  7  5  4  92       
PG02   1765.661791  16623.844639  21283.773104   -604.933292  6  5  6  98       
PG03 -12471.109567 -16785.672386  16358.032814   -166.287447  4  3  4  72       
PG04 -15615.067195  -6990.690963  20340.319897   -196.618509  5  4  7  67       
PG05   5408.261775  25663.992440  -3668.821833    -42.203886  7  3  4  79       
PG06 -10929.357191  10762.762942  21750.395217     16.597091  6  5  4 108       
PG07 -24781.056755  -5895.208560  -8020.240610    153.183294  6  6  6  93       
PG08  -7070.361751 -13404.678590 -21804.626497    -21.540306  5  5  4  91       
PG09 -22231.421636   3387.443641  14094.814577   -345.998275  4  5  4  82       
PG10  12050.457571 -13810.884480 -19006.227502   -123.664784  7  3  5  97       
PG12  10129.662803  19417.019056  14873.981129    -42.252101  5  4  3  95       
PG13  -2888.602067  17045.972780 -20256.597451    133.070631  6  6  2  78       
PG14 -13048.735493  13131.274667 -19046.501734     84.622334  4  4  5  74       
PG15   9336.436088  13140.895794 -21456.056450   -148.842075  7  5  4  51       
PG16    501.877132 -26301.427014     51.331820   -326.540715  7  3  5  52       
PG17 -22651.192191  13867.979866    558.651443    443.711943  1  6  5  92       
PG18  23614.528058   2913.191533 -11881.288222    350.146113 11  6  8  52       
PG19 -18979.023423  16400.828702   8263.313079      1.111406  4  5  5  72       
PG20  12691.051604  20867.569236 -10756.373237    522.085793  7  5  6  65       
PG21 -18170.591244 -15681.073072 -11173.585547    118.694547  6  3  6 101       
PG22 -10109.844526 -23362.975964   8101.260193   -612.215973  4  4  3  33       
PG23  15069.421018  -1594.355022 -21832.875033    105.950818  6  5  3  85       
PG24  19445.442969  15651.385627  -9876.531861     82.689380  5  5  4  94       
PG25  14973.852806   6734.216723  20667.038528    138.737865  6  3  2  87       
PG26   4629.863258 -23935.993615  10143.866415     86.387061  6     2  45       
PG27   4800.797364 -18418.464005 -18540.508229   -131.521769  7  3  4  89       
PG28 -10614.758842  18860.092122 -14993.621975    569.961309  5  6  4  67       
PG29  22210.698392  -1708.934512  14450.694932   -348.500227  5  6  7  86       
PG30 -18830.908764   5186.336614 -18040.919005   -427.172486  6  4  4  94       
PG31   8703.693164 -12660.765728  21602.874149   -117.788730  6  1  3  76       
PG32  20903.038687 -16121.130129   2024.979738     21.033032  4  2  1  89       
*  2021  5 17  9 45  0.00000000
PG01 -21225.447876 -14442.887021  -7742.260143    686.629474  6  5  5  96       
PG02   -450.213816  15881.309961  21934.128617   -604.936059  6  4  6  99       
PG03 -12496.126609 -18555.893515  14319.530542   -166.296795  4  2  3  74       
PG04 -13691.012939  -8381.113477  21178.850753   -196.619875  5  5  7  77       
PG05   5164.548719  25943.253247   -826.913585    -42.205075  7  2  4  68       
PG06 -13126.692663   9731.241160  21011.941978     16.600465  6  4  4  97       
PG07 -25408.659934  -6439.760394  -5348.734062    153.192944  7  6  6  79       
PG08  -5070.036713 -14855.824366 -21390.371484    -21.543355  5  4  3  93       
PG09 -20961.917456   2182.345516  16121.653702   -346.000315  4  5  4  83       
PG10  12408.992270 -11561.800687 -20252.524440   -123.671665  6  3  5  77       
PG12  10016.452878  21027.626692  12643.390871    -42.256793  6  3  2  92       
PG13  -4892.436598  18010.377923 -18977.130281    133.075187  6  6  2  63       
PG14 -13298.336023  10894.242482 -20250.089668     84.617592  4  4  5  85       
PG15   7552.768076  14709.654543 -21099.670635   -148.839683  7  5  4  60       
PG16    758.766869 -26104.385929   2953.647078   -326.546296  7  2  5  65       
PG17 -22631.632462  13623.235329  -2336.717258    443.717270  2  6  5  59       
PG18  24625.470393   3610.911930  -9376.549427    350.145160 11  6  8  76       
PG19 -19793.231066  16636.964380   5508.276795      1.115829  4  5  6  86       
PG20  12700.100540  21981.989575  -8252.477263    522.085298  7  4  6  86       
PG21 -16691.688069 -15366.895781 -13482.935070    118.696675  6  3  6 101       
PG22  -9973.370269 -24159.348208   5452.946861   -612.207632  4  4  3  68       
PG23  15381.317595    868.971871 -21659.682222    105.947872  6  5  3  87       
PG24  18208.521651  15465.516689 -12260.267100     82.709756  5  5  5  94       
PG25  15142.373343   9084.015530  19656.645949    138.744352  6  3  1  85       
PG26   5103.748884 -22673.678963  12545.378210     86.391545  6     1  57       
PG27   6501.781157 -19481.064526 -16808.093169   -131.527697  7  2  4  71       
PG28 -10789.698247  16953.720469 -16931.932217    569.955506  4  6  4  88       
PG29  20774.115374   -659.938416  16514.261535   -348.506207  5  6  7  88       
PG30 -20540.721231   4173.568156 -16388.047974   -427.176916  6  4  5  85       
PG31  10923.039024 -11585.452044  21237.233831   -117.790570  7  1  3  74       
PG32  21114.665154 -15929.593741   -832.133622     21.032332  4  2  2  83       
*  2021  5 17 10  0  0.00000000
PG01 -20248.183637 -14222.950638 -10373.591297    686.619695  5  5  6 127       
PG02  -2751.288636  15245.897521  22228.481738   -604.938780  6  3  5 100       
PG03 -12576.093699 -20079.379252  12034.627200   -166.306141  4  2  3  70       
PG04 -11782.604818  -9915.323257  21653.566529   -196.621193  4  5  7  65       
PG05   4869.775388  25917.618850   2029.367429    -42.206085  7  1  4  72       
PG06 -15280.808399   8861.013229  19914.276205     16.603913  5  3  4  95       
PG07 -25779.009370  -6837.852413  -2587.091943    153.202376  7  6  6  90       
PG08  -3198.719549 -16368.583295 -20606.895679    -21.544688  6  4  3  86       
PG09 -19592.036036    775.461396  17870.244080   -346.002378  4  5  3  76       
PG10  12905.606578  -9216.195471 -21144.631219   -123.678550  6  3  5  91       
PG12   9966.973450  22374.688469  10193.750382    -42.261440  6  2  2  95       
PG13  -6705.462357  18994.783637 -17373.177878    133.079231  6  6  2  54       
PG14 -13676.705076   8557.718517 -21105.342126     84.612873  5  5  4  83       
PG15   5884.131746  16322.073144 -20390.135114   -148.837263  7  4  4  78       
PG16   1052.067672 -25591.551270   5803.473585   -326.551804  7  2  4  70       
PG17 -22362.652984  13182.294488  -5191.633688    443.722304  2  5  5  82       
PG18  25400.685888   4144.805348  -6711.088655    350.144225 11  7  8  82       
PG19 -20324.281932  16742.355330   2657.079437      1.120382  4  5  6  84       
PG20  12676.460475  22818.827091  -5608.669512    522.085257  6  4  6  93       
PG21 -14950.750696 -15060.561781 -15555.737353    118.699154  6  3  6 120       
PG22  -9796.549009 -24670.395699   2712.251691   -612.199015  5  3  3  65       
PG23  15814.826101   3272.110757 -21114.619163    105.944903  6  5  4  80       
PG24  16721.041754  15267.335771 -14439.796251     82.730106  5  4  6  82       
PG25  15410.202189  11285.308376  18302.735031    138.750787  6  3  1 103       
PG26   5691.202461 -21181.315037  14727.311908     86.395964  5  2  2  65       
PG27   7981.599252 -20500.051924 -14785.750368   -131.533587  7  2  4  89       
PG28 -11082.684447  14849.487768 -18569.378562    569.950192  4  6  4  71       
PG29  19219.791110    594.176175  18293.197645   -348.511851  6  5  7 106       
PG30 -22109.325715   3322.674068 -14454.614046   -427.181413  7  4  5  91       
PG31  13132.956945 -10651.097355  20505.471756   -117.792405  7  1  3  66       
PG32  21087.345030 -15541.156067  -3674.756409     21.031644  5  2  2  78       
*  2021  5 17 10 15  0.00000000
PG01 -18988.688148 -13973.458267 -12831.732535    686.609947  5  5  7  99       
PG02  -5094.963107  14733.899033  22162.487667   -604.941685  6  3  4  87       
PG03 -12676.245367 -21331.960556   9542.913556   -166.315560  4  1  4  83       
PG04  -9931.647793 -11568.655672  21756.152136   -196.622558  3  5  7  54       
PG05   4488.139375  25595.669649   4850.267291    -42.207299  6     4  85       
PG06 -17342.790284   8154.359331  18476.217977     16.607302  5  3  4  78       
PG07 -25872.314451  -7120.152773    217.953495    153.211860  7  6  6  65       
PG08  -1486.084357 -17903.717524 -19466.852788    -21.546673  6  4  4  95       
PG09 -18165.373115   -825.286802  19310.237454   -346.004405  4  5  3  59       
PG10  13543.544524  -6823.679291 -21667.559171   -123.685461  6  3  6  87       
PG12   9946.311849  23435.800867   7568.063252    -42.265946  6  2  2  92       
PG13  -8304.218757  19959.353164 -15471.623885    133.083485  5  6  2  61       
PG14 -14188.978550   6169.198300 -21597.652623     84.608183  5  5  4  96       
PG15   4354.190668  17940.343531 -19338.024234   -148.834744  6  3  4  37       
PG16   1418.435613 -24776.029802   8549.968766   -326.557193  7  2  4  67       
PG17 -21873.271993  12518.836348  -7956.266416    443.728008  4  6  4  69       
PG18  25910.410434   4540.952080  -3930.600798    350.143285 11  7  8  62       
PG19 -20585.943711  16680.253490   -240.367372      1.124873  4  5  6  80       
PG20  12583.805257  23374.350845  -2869.819168    522.084947  5  4  6  69       
PG21 -12971.781726 -14796.598813 -17353.166420    118.701809  5  3  6 117       
PG22  -9543.816081 -24896.473695    -74.474930   -612.190423  5  3  3  81       
PG23  16353.522402   5569.202885 -20207.161088    105.941975  6  4  3  75       
PG24  15002.138098  15091.057497 -16378.894840     82.750434  5  4  6  76       
PG25  15752.597515  13298.302751  16630.063127    138.757212  5  2  1  96       
PG26   6412.400153 -19495.220154  16651.710416     86.400403  5  2  3  37       
PG27   9229.195615 -21431.100186 -12507.423448   -131.539510  7  1  4  87       
PG28 -11511.888733  12591.124929 -19875.180804    569.944712  3  6  4  86       
PG29  17594.354827   2049.568975  19756.638659   -348.517684  6  5  7  97       
PG30 -23496.670083   2623.490307 -12274.170902   -427.185884  7  4  5  92       
PG31  15286.599465  -9866.203154  19421.567534   -117.794514  7  2  3  72       
PG32  20848.510696 -14930.982337  -6453.345192     21.030963  5  1  2  70       
*  2021  5 17 10 30  0.00000000
PG01 -17461.711765 -13733.928639 -15075.906922    686.600125  5  6  8  89       
PG02  -7436.488459  14354.135251  21737.295824   -604.944529  6  3  4  81       
PG03 -12758.923121 -22297.777366   6887.420422   -166.324901  4  1  4  74       
PG04  -8175.541229 -13309.673948  21484.672787   -196.623918  3  6  7  43       
PG05   3986.707656  24994.511644   7586.488453    -42.208070  6  2  4  92       
PG06 -19265.137167   7605.106361  16722.361656     16.610756  5  3  3  95       
PG07 -25676.341488  -7320.879003   3019.392539    153.220971  7  6  5  62       
PG08     45.516124 -19418.173996 -17989.174134    -21.547457  6  3  4  85       
PG09 -16724.725146  -2603.753703  20416.603992   -346.006419  4  5  3  33       
PG10  14317.730879  -4434.251640 -21812.897084   -123.692377  5  3  6  87       
PG12   9916.808200  24197.196930   4812.096749    -42.270435  7  2  2  41       
PG13  -9673.273078  20861.858019 -13304.536896    133.087953  5  6  1  72       
PG14 -14832.267929   3776.971351 -21718.656540     84.603417  5  5  4  82       
PG15   2979.872274  19523.578050 -17959.639284   -148.832361  6  3  3  49       
PG16   1891.213374 -23679.937724  11144.002048   -326.562402  6  2  4  75       
PG17 -21198.497703  11613.791149 -10581.870500    443.733427  4  5  4  77       
PG18  26132.037121   4830.641602  -1082.742570    350.142347 11  7  8  55       
PG19 -20600.153167  16418.507234  -3133.675712      1.129319  4  5  6  88       
PG20  12386.665502  23653.005242    -82.346978    522.084631  5  3  5  72       
PG21 -10786.924069 -14605.462701 -18840.767530    118.703941  6  3  6 116       
PG22  -9181.123748 -24846.007021  -2859.918868   -612.181706  5  2  2  83       
PG23  16973.854007   7718.404236 -18952.977012    105.939055  6  4  3  82       
PG24  13077.927378  14967.510939 -18045.215434     82.770770  5  4  6  66       
PG25  16139.114751  15089.601684  14668.809975    138.763632  5  2  1  88       
PG26   7280.713498 -17656.519855  18285.264455     86.404826  4  3  4  55       
PG27  10242.195693 -22230.053658 -10011.780781   -131.545386  6  1  4  83       
PG28 -12087.652101  10226.868223 -20824.435392    569.939224  4  6  4  77       
PG29  15944.323019   3693.638996  20879.136262   -348.523250  6  5  6  96       
PG30 -24666.861785   2058.864250  -9884.337903   -427.190292  7  4  5  71       
PG31  17337.538906  -9231.088459  18005.405977   -117.796235  7     3  68       
PG32  20431.265872 -14081.208354  -9119.379583     21.030289  5  1  3  77       
*  2021  5 17 10 45  0.00000000
PG01 -15690.123798 -13541.153528 -17068.872243    686.590306  7  6  8 101       
PG02  -9730.388730  14107.686855  20959.529581   -604.947548  5  2  3  84       
PG03 -12785.178183 -22969.729546   4113.868255   -166.334285  4     4  70       
PG04  -6545.978090 -15101.236440  20843.618774   -196.625233  2  6  7  57       
PG05   3336.932680  24139.107351  10190.091626    -42.209124  6  2  4  93       
PG06 -21003.443209   7199.008050  14682.663589     16.614158  5  3  3  70       
PG07 -25186.843505  -7476.314194   5770.659934    153.231181  7  6  5  42       
PG08   1381.766840 -20866.676199 -16198.792096    -21.549023  6  3  4  77       
PG09 -15310.478669  -4535.991617  21170.079621   -346.008384  4  5  2  64       
PG10  15214.916460  -2096.524034 -21578.913595   -123.699249  5  3  6  76       
PG12   9839.694498  24654.107684   1973.555842    -42.275082  7  2  2  84       
PG13 -10805.646139  21659.316457 -10908.664258    133.091947  5  6  2  80       
PG14 -15595.703346   1428.446997 -21466.367441     84.598695  6  5  3  87       
PG15   1770.849266  21029.231279 -16276.847852   -148.830161  6  2  3  72       
PG16   2498.854472 -22333.574739  13539.134542   -326.567759  6  3  4  72       
PG17 -20377.931162  10456.360890 -13021.702838    443.738565  5  5  5  96       
PG18  26050.998341   5048.970222   1783.675162    350.141384 11  7  7  86       
PG19 -20395.968016  15930.935357  -5972.882954      1.133819  4  5  6  86       
PG20  12051.934189  23667.130121   2706.521059    522.083923  5  3  5  78       
PG21  -8435.496103 -14512.133329 -19989.295685    118.706724  6  3  6 107       
PG22  -8677.429984 -24535.128876  -5596.572558   -612.173131  5  1  2  82       
PG23  17646.062437   9683.292457 -17373.657108    105.936129  6  4  3  86       
PG24  10980.708049  14922.897577 -19410.776550     82.791126  5  4  6  80       
PG25  16534.912485  16633.268404  12453.963306    138.770039  4  3  1  88       
PG26   8302.017361 -15709.622136  19599.897784     86.409306  4  3  5  66       
PG27  11026.860020 -22854.692279  -7341.590527   -131.551287  6  2  4 102       
PG28 -12811.868375   7807.705574 -21398.721880    569.933522  4  6  4  79       
PG29  14314.364815   5505.313709  21641.113766   -348.529261  6  5  6 106       
PG30 -25589.451159   1605.521388  -7326.147110   -427.194729  7  4  4  54       
PG31  19241.386839  -8738.069399  16282.353289   -117.798210  7  1  3  73       
PG32  19872.988594 -12981.838109 -11626.246877     21.029621  5  1  3  59       
*  2021  5 17 11  0  0.00000000
PG01 -13704.201498 -13427.725807 -18777.471326    686.580409  7  6  8  81       
PG02 -11931.911446  13987.896647  19841.215380   -604.950126  6  2  3  75       
PG03 -12716.425327 -23349.600075   1269.878976   -166.343642  4     3  75       
PG04  -5067.871175 -16901.795660  19843.840810   -196.626534  1  6  7  61       
PG05   2516.001458  23061.302324  12615.381363    -42.209749  6  3  4  88       
PG06 -22517.972399   6914.440965  12391.942375     16.617515  6  4  3  68       
PG07 -24407.709582  -7623.273546   8426.325843    153.240160  7  5  4  59       
PG08   2516.790555 -22203.429139 -14126.247439    -21.549999  6  2  4  85       
PG09 -13959.104307  -6590.980491  21557.512478   -346.010428  4  5  2  58       
PG10  16214.158766    143.984796 -20970.532533   -123.706123  5  3  6  78       
PG12   9676.764935  24810.784727   -898.755191    -42.279753  7  3  2  60       
PG13 -11702.916586  22309.685077  -8324.837980    133.096145  4  6  1  55       
PG14 -16460.796750   -831.480028 -20845.204680     84.593928  6  5  4  56       
PG15    729.289750  22414.616585 -14316.832703   -148.827572  6  2  3  76       
PG16   3263.548860 -20774.264768  15692.547677   -326.572897  6  3  4  65       
PG17 -19454.173523   9044.728282 -15231.931948    443.743815  6  5  5  90       
PG18  25661.352902   5233.293891   4619.514711    350.140475 11  7  7  95       
PG19 -20008.263414  15198.459571  -8709.321077      1.138345  5  5  6  63       
PG20  11550.290907  23436.398302   5449.511827    522.083228  5  2  5  88       
PG21  -5962.699862 -14534.917399 -20775.480992    118.709127  6  3  6 107       
PG22  -8006.089927 -23987.037480  -8237.522837   -612.164530  5  1  1  81       
PG23  18335.356150  11434.066103 -15496.341430    105.933238  6  4  3  73       
PG24   8747.943405  14977.724137 -20452.397356     82.811484  4  4  6  80       
PG25  16902.226466  17911.591787  10024.633725    138.776491  4  3  1  85       
PG26   9474.307275 -13700.580343  20573.246191     86.413788  4  2  5  70       
PG27  11597.696271 -23266.454674  -4543.000031   -131.557192  5  3  4  79       
PG28 -13677.731702   5385.488259 -21586.574500    569.928153  5  6  4  57       
PG29  12745.648221   7455.673289  22029.220189   -348.534889  6  5  5  94       
PG30 -26240.514548   1235.162673  -4643.344131   -427.199184  7  4  4  71       
PG31  20957.325283  -8371.949266  14282.755953   -117.800064  7     3  67       
PG32  19213.771487 -11631.336524 -13930.095809     21.028996  5     3  73       
*  2021  5 17 11 15  0.00000000
PG01 -11540.661478 -13420.730410 -20173.127383    686.570491  7  6  8  75       
PG02 -13998.463236  13980.644079  18399.660109   -604.953240  5  1  3  85       
PG03 -12516.083850 -23447.848509  -1595.836356   -166.353115  4     3  42       
PG04  -3758.547696 -18666.880222  18502.376123   -196.627901     6  6  55       
PG05   1507.960092  21798.585073  14819.755687    -42.211099  6  3  5 101       
PG06 -23775.066379   6723.389681   9889.299110     16.620933  7  5  2  67       
PG07 -23350.834432  -7797.574918  10942.751216    153.249961  6  5  4  55       
PG08   3453.212533 -23383.870698 -11807.184418    -21.551336  6  1  4  97       
PG09 -12701.814490  -8731.639593  21572.101594   -346.012549  3  5  2  71       
PG10  17287.615098   2246.415017 -19999.185602   -123.712956  5  4  5  70       
PG12   9392.012323  24680.189684  -3755.768236    -42.284403  7  4  2  78       
PG13 -12374.996970  22773.538599  -5597.300185    133.100510  4  5  2  48       
PG14 -17402.111048  -2961.962358 -19865.912275     84.589169  7  5  4  78       
PG15   -150.108430  23638.464737 -12111.746210   -148.825428  6  3  3  63       
PG16   4200.112524 -19044.912568  17565.894959   -326.578262  6  3  4  71       
PG17 -18471.099477   7386.415148 -17172.519568    443.749440  6  4  5  71       
PG18  24966.055496   5421.595948   7376.145088    350.139588 10  7  7  99       
PG19 -19476.229802  14209.955267 -11296.438497      1.142880  5  5  6  72       
PG20  10857.492429  22986.991176   8100.065530    522.083149  6  2  4  96       
PG21  -3418.045564 -14684.522738 -21182.688043    118.711420  6  3  5 107       
PG22  -7146.095735 -23231.091178 -10737.244802   -612.155740  5     1  87       
PG23  19003.288884  12948.491549 -13353.256220    105.930296  6  3  3  86       
PG24   6421.061117  15145.947818 -21152.073766     82.831853  5  5  5  80       
PG25  17201.949987  18915.529588   7423.316082    138.782849  3  4  2  93       
PG26  10787.639911 -11675.410532  21189.022573     86.418290  4  2  5  65       
PG27  11976.739756 -23432.047668  -1664.730401   -131.563144  5  4  3  94       
PG28 -14669.868029   3010.990664 -21383.798367    569.922575  6  6  4  37       
PG29  11274.331804   9508.887397  22036.575927   -348.540762  6  5  4  89       
PG30 -26603.498889    915.748977  -1881.654269   -427.203687  8  4  4  61       
PG31  22449.495083  -8110.793790  12041.374782   -117.802007  7     4  58       
PG32  18494.762733 -10036.891175 -15990.641011     21.028358  5     4  85       
*  2021  5 17 11 30  0.00000000
PG01  -9241.466297 -13540.642922 -21232.280530    686.560534  6  6  8  99       
PG02 -15890.986467  14064.886292  16657.274296   -604.955839  6  1  4  70       
PG03 -12151.142852 -23283.085185  -4434.300498   -166.362461  4     2  87       
PG04  -2627.243324 -20350.703506  16842.167368   -196.629206     6  6  58       
PG05    304.565201  20392.629994  16764.500548    -42.211926  5  4  5  99       
PG06 -24748.332703   6592.683654   7217.466213     16.624354  7  5  2  59       
PG07 -22035.717404  -8032.564952  13278.704259    153.259642  6  5  3  82       
PG08   4201.884097 -24366.399124  -9281.740603    -21.552050  6     4  97       
PG09 -11563.437607 -10916.082545  21213.522917   -346.014565  2  5  2  69       
PG10  18401.612960   4175.933598 -18682.549404   -123.719810  4  4  5  69       
PG12   8953.168688  24283.368591  -6548.970108    -42.289259  7  5  2  63       
PG13 -12839.587455  23015.672019  -2772.957638    133.104765  4  5  2  65       
PG14 -18388.209379  -4927.573357 -18545.370751     84.584474  8  5  5  82       
PG15   -879.793368  24662.467799  -9698.267904   -148.822773  6  3  3  71       
PG16   5315.191439 -17192.339415  19126.053530   -326.583545  6  3  4  73       
PG17 -17472.067142   5498.265297 -18808.050039    443.754911  7  3  5  89       
PG18  23976.897834   5650.832833  10006.268073    350.138700 10  6  7 109       
PG19 -18841.734711  12962.792707 -13690.561737      1.147158  5  5  6  76       
PG20   9955.481769  22350.542001  10613.088854    522.082824  6  2  4  92       
PG21   -853.553825 -14963.458984 -21201.437348    118.713737  6  3  5 107       
PG22  -6083.114902 -22301.672822 -13052.389075   -612.147443  5       100       
PG23  19609.290516  14212.562457 -10981.165431    105.927413  6  3  2  97       
PG24   4044.108577  15434.365200 -21497.291188     82.852254  5  5  4  88       
PG25  17395.256749  19644.819908   4695.114110    138.789251  2  4  2  91       
PG26  12224.396819  -9678.430869  21437.263475     86.422826  5  2  5  73       
PG27  12192.526850 -23324.873329   1242.799503   -131.568990  4  4  2 105       
PG28 -15764.851100    732.005840 -20793.615067    569.917154  7  6  5  55       
PG29   9930.260872  11623.429515  21662.904751   -348.546715  7  5  3  95       
PG30 -26669.798486    612.922926    911.974732   -427.208218  7  4  4  32       
PG31  23688.193807  -7926.956891   9596.766245   -117.804196  6  2  4  42       
PG32  17756.475624  -8214.330612 -17771.900753     21.027649  5  1  4  82       
*  2021  5 17 11 45  0.00000000
PG01  -6852.446058 -13800.474208 -21936.761597    686.550589  5  5  8  86       
PG02 -17575.233570  14213.452819  14641.337525   -604.958748  6  2  5  82       
PG03 -11593.591488 -22881.248364  -7197.090399   -166.371827  5     2  93       
PG04  -1674.915436 -21907.837636  14891.678238   -196.630579  1  7  6  55       
PG05  -1094.174918  18887.682571  18415.511004    -42.212834  4  5  5  94       
PG06 -25419.568591   6485.438834   4422.094524     16.627820  8  5  3  87       
PG07 -20488.807897  -8357.749190  15395.935674    153.268988  5  5  3  73       
PG08   4781.273566 -25114.006018  -6593.841409    -21.553564  6     4  86       
PG09 -10561.552781 -13099.067552  20487.939929   -346.016601  2  5  2  63       
PG10  19517.952125   5904.853790 -17044.175887   -123.726681  4  3  4  33       
PG12   8333.093445  23648.540300  -9231.192406    -42.293602  7  6  2  50       
PG13 -13121.325767  23006.561069     99.423032    133.108764  3  5  2  63       
PG14 -19382.847972  -6699.469413 -16906.305335     84.579708  9  4  5  81       
PG15  -1478.749631  25452.749202  -7117.064779   -148.820670  5  4  3  51       
PG16   6606.815143 -15265.471400  20345.755809   -326.589104  6  3  4  81       
PG17 -16498.140233   3406.043235 -20108.483141    443.760306  7  3  6  67       
PG18  22714.123180   5955.321721  12464.723236    350.137789 10  6  8  89       
PG19 -18147.614233  11463.053575 -15851.586922      1.152039  6  5  6  93       
PG20   8833.273958  21562.884814  12945.691009    522.082642  7  3  3  83       
PG21   1678.187277 -15365.805056 -20829.760128    118.716130  5  3  4 101       
PG22  -4810.283523 -21236.863693 -15142.548846   -612.138708  4        86       
PG23  20112.291741  15220.847565  -8420.746396    105.924445  6  3  3  93       
PG24   1662.308439  15842.268754 -21481.268694     82.872635  5  6  3  84       
PG25  17445.202846  20107.764357   1886.944235    138.795568  2  5  2  85       
PG26  13759.858227  -7750.688607  21314.455469     86.427353  5  1  5  73       
PG27  12278.799909 -22926.210560   4128.402169   -131.574854  4  4  2  96       
PG28 -16932.083758  -1408.435243 -19826.628881    569.911904  7  6  5  70       
PG29   8735.919351  13753.522686  20914.548966   -348.552366  7  5  3  96       
PG30 -26439.044590    291.514035   3690.142224   -427.212710  7  3  4  93       
PG31  24650.843613  -7788.314469   6990.622583   -117.806127  7  2  4  74       
PG32  17037.136062  -6187.701440 -19242.852114     21.027001  5  1  4  64       
*  2021  5 17 12  0  0.00000000
PG01  -4421.780788 -14205.191899 -22274.098997    686.540629  3  5  8  90       
PG02 -19022.897065  14394.073883  12383.701640   -604.961502  6  2  5  66       
PG03 -10821.660418 -22274.517350  -9837.142303   -166.381202  5     1 101       
PG04   -894.382910 -23294.888404  12684.411565   -196.631966  2  7  5  76       
PG05  -2679.793343  17328.853174  19743.922784    -42.213849  4  6  6  89       
PG06 -25779.384923   6362.649168   1550.989422     16.631231  7  5  3  83       
PG07 -18742.621183  -8797.570379  17259.710898    153.278559  4  5  3  74       
PG08   5216.547385 -25595.746934  -3790.412349    -21.555286  6  3  4  97       
PG09  -9705.919121 -15233.586777  19407.898335   -346.018593  3  4  3  60       
PG10  20595.384477   7413.466865 -15113.026948   -123.733566  4  4  3  59       
PG12   7510.959708  22809.937540 -11757.362089    -42.298270  7  7  2  54       
PG13 -13250.664541  22723.621357   2970.065811    133.113207  2  5  2  77       
PG14 -20346.366752  -8256.297682 -14976.895492     84.574942  9  4  5  73       
PG15  -1971.619916  25981.200734  -4412.156679   -148.818579  5  5  3  61       
PG16   8064.318387 -13313.460409  21204.086008   -326.594332  6  3  5  79       
PG17 -15586.400259   1143.657622 -21049.806808    443.765304  6  1  5  30       
PG18  21205.728339   6365.232568  14709.258601    350.136931  9  6  9 103       
PG19 -17435.960162   9725.420540 -17743.593626      1.155989  6  5  6  57       
PG20   7487.584223  20662.653926  15057.892713    522.082122  7  3  2 100       
PG21   4126.020959 -15877.365603 -20073.363561    118.718891  5  2  4 108       
PG22  -3328.719254 -20076.975459 -16970.992273   -612.129976  4        96       
PG23  20472.380279  15976.514302  -5715.899735    105.921512  6  3  2  95       
PG24   -679.437140  16361.386770 -21103.128979     82.893139  6  6  4  93       
PG25  17318.247464  20320.698619   -953.266866    138.801936  3  5  3  90       
PG26  15363.061304  -5928.535326  20823.542524     86.431796  5  1  5  88       
PG27  12272.995058 -22226.097455   6941.083393   -131.580711  4  4  1  91       
PG28 -18135.006164  -3373.637968 -18500.612164    569.906198  7  6  5  56       
PG29   7705.678541  15850.761146  19804.366724   -348.557981  7  5  2  97       
PG30 -25919.098772    -82.929310   6405.765737   -427.217189  7  4  4  65       
PG31  25322.698585  -7659.657789   4267.081396   -117.808273  6  3  4  70       
PG32  16371.135713  -3988.520663 -20377.989846     21.026316  4  1  5  73       
*  2021  5 17 12 15  0.00000000
PG01  -1998.394212 -14751.441238 -22237.754035    686.530527  2  5  7  82       
PG02 -20212.555652  14570.614845   9920.426851   -604.964462  6  3  5  64       
PG03  -9820.828129 -21500.003961 -12309.529553   -166.390601  5     1  85       
PG04   -270.787193 -24472.106390  10258.337517   -196.633325  3  7  4  68       
PG05  -4435.501408  15760.389745  20726.640248    -42.214475  3  6  5  89       
PG06 -25827.506195   6184.867315  -1346.692318     16.634641  7  5  3  59       
PG07 -16834.654864  -9370.374150  18839.297758    153.288367  3  4  3  74       
PG08   5538.377833 -25787.987635   -920.524712    -21.555882  5  3  4  77       
PG09  -8998.221594 -17272.533166  17992.106505   -346.020621  3  4  3  45       
PG10  21591.212032   8690.558959 -12922.925133   -123.740442  4  4  3  66       
PG12   6473.197793  21806.446921 -14085.203998    -42.302947  7  7     62       
PG13 -13262.518714  22152.213611   5789.066084    133.117349  1  5  3  60       
PG14 -21237.224259  -9584.815474 -12790.292377     84.570104  9  4  4  62       
PG15  -2387.585728  26226.629459  -1630.192325   -148.816373  5  4  2  58       
PG16   9668.631745 -11383.819938  21686.831392   -326.599770  6  3  5  84       
PG17 -14768.424424  -1247.963542 -21614.568278    443.771135  6     5  57       
PG18  19486.479066   6905.243175  16701.254072    350.136081  9  6  9  95       
PG19 -16746.466731   7772.749472 -19335.375920      1.160649  6  4  6  86       
PG20   5923.173017  19689.784671  16913.297952    522.081785  6  4  2  85       
PG21   6442.179971 -16476.217664 -18945.591422    118.721164  5  2  3  88       
PG22  -1647.728818 -18862.995396 -18505.345338   -612.121442  4  1     93       
PG23  20652.425038  16491.027972  -2913.004674    105.918579  6  2  3  97       
PG24  -2938.042294  16976.113534 -20367.988177     82.913526  6  6  3  89       
PG25  16985.636858  20307.176971  -3777.377863    138.808300  4  6  3  74       
PG26  16997.906370  -4242.403986  19973.818050     86.436334  5     5  78       
PG27  12214.575085 -21223.872806   9631.014660   -131.586567  3  4     79       
PG28 -19332.575365  -5134.539198 -16840.115910    569.900881  7  6  5  60       
PG29   6845.372267  17865.845116  18351.512759   -348.563720  7  5  2  80       
PG30 -25125.751597   -542.638013   9012.843179   -427.221688  7  4  5  64       
PG31  25697.270587  -7504.193924   1472.014512   -117.810339  6  4  4  63       
PG32  15787.653895  -1654.733465 -21157.777663     21.025675  4  2  5  64       
*  2021  5 17 12 30  0.00000000
PG01    369.686895 -15427.578479 -21827.279658    686.520650  2  5  7  65       
PG02 -21130.400108  14704.481872   7291.345946   -604.967390  7  3  5  72       
PG03  -8584.554779 -20598.272563 -14572.201746   -166.400015  5  2     92       
PG04    217.643280 -25404.871583   7655.241321   -196.634692  3  7  4  59       
PG05  -6336.664203  14224.000483  21346.749523    -42.215980  2  6  4  90       
PG06 -25572.734183   5913.910118  -4221.272350     16.638070  6  4  3  83       
PG07 -14806.141538 -10087.595511  20108.407801    153.298010  2  4  3  75       
PG08   5781.525902 -25675.372959   1965.507265    -21.558120  5  4  4  76       
PG09  -8432.143004 -19170.379821  16265.105658   -346.022730  4  5  3  56       
PG10  22462.940214   9733.598527 -10511.933098   -123.747311  4  3  2  78       
PG12   5214.164512  20680.100030 -16175.888113    -42.307610  7  7     75       
PG13 -13194.735732  21286.351889   8507.284843    133.121602  2  4  2  52       
PG14 -22013.617939 -10680.198467 -10384.052213     84.565359  8  4  3  90       
PG15  -2759.046385  26175.662527   1180.354800   -148.813842  4  3  2  67       
PG16  11392.924903  -9520.655717  21786.683447   -326.605080  6  3  5  74       
PG17 -14068.998746  -3722.301749 -21792.265485    443.776161  5  2  4  56       
PG18  17596.675750   7593.409849  18406.385431    350.135226  8  6  9 101       
PG19 -16114.896627   5635.345060 -20600.887467      1.165236  6  4  6  84       
PG20   4152.892061  18683.970172  18479.718202    522.081427  6  4  1  88       
PG21   8584.107112 -17133.626661 -17467.174754    118.724713  5  2  3 102       
PG22    215.303679 -17635.004884 -19718.210134   -612.112788  4  2  1  87       
PG23  20619.605726  16783.538535    -60.131879    105.915612  6  2  3 100       
PG24  -5073.680492  17664.026988 -19286.959528     82.933916  6  5  4  90       
PG25  16424.602955  20096.906707  -6537.810118    138.814613  4  5  3  92       
PG26  18624.465357  -2715.832228  18780.707445     86.440847  5  1  4  75       
PG27  12143.277721 -19928.349809  12150.492229   -131.592403  3  3     60       
PG28 -20480.946743  -6670.665106 -14875.918849    569.895256  7  5  5  63       
PG29   6152.214985  19750.361277  16581.106070   -348.569467  6  4  1  85       
PG30 -24082.138469  -1116.206109  11467.196081   -427.226264  6  4  5  63       
PG31  25776.462507  -7285.098375  -1347.694925   -117.812399  6  4  4  66       
PG32  15309.503817    770.581181 -21568.983470     21.024990  4  2  5  78       
*  2021  5 17 12 45  0.00000000
PG01   2636.951360 -16214.020229 -21048.397346    686.510656  2  5  7  83       
PG02 -21770.707497  14756.156580   4539.552461   -604.969937  7  4  5  53       
PG03  -7114.716420 -19611.744716 -16586.674779   -166.409402  5  2     98       
PG04    598.555228 -26064.993444   4920.001592   -196.636081  3  7  3  75       
PG05  -8351.594976  12757.295101  21593.808783    -42.216933  2  6  3  90       
PG06 -25032.575625   5514.523065  -7023.393976     16.641537  6  4  5  83       
PG07 -12700.677824 -10953.193265  21045.589087    153.307647  2  4  4  69       
PG08   5983.258106 -25251.476819   4817.057933    -21.560297  5  4  4  55       
PG09  -7993.758549 -20884.806474  14256.835862   -346.024786  4  4  3  45       
PG10  23169.922826  10548.592737  -7921.674829   -123.754185  3  3  1  71       
PG12   3736.516933  19474.471593 -17994.615696    -42.312278  7  6     57       
PG13 -13086.449404  20129.083268  11077.238401    133.125701  2  4  3  76       
PG14 -22635.127508 -11546.026845  -7799.495015     84.560548  8  4  2  83       
PG15  -3120.146183  25823.365648   3970.057688   -148.811479  5  3  3  77       
PG16  13203.570502  -7763.064859  21503.289332   -326.610398  6  2  5  72       
PG17 -13505.125738  -6228.921135 -21579.584901    443.781722  3  2  4  82       
PG18  15580.715821   8440.298140  19795.217564    350.134392  8  6  9  98       
PG19 -15571.719915   3349.970280 -21519.599173      1.169849  6  3  4  78       
PG20   2197.426059  17683.131243  19729.738790    522.081309  5  4     89       
PG21  10516.046631 -17815.289321 -15665.777630    118.726808  6  2  3 110       
PG22   2235.348780 -16430.633599 -20587.703893   -612.103946  4  2  2  92       
PG23  20346.788935  16879.978846   2793.773339    105.912690  6  2  3 100       
PG24  -7051.122233  18396.681053 -17877.065090     82.954310  6  6  4  85       
PG25  15619.335884  19724.476027  -9188.296995    138.820913  5  5  3  88       
PG26  20200.439838  -1364.765810  17265.448746     86.445382  5  2  4  77       
PG27  12097.354454 -18357.611320  14454.858863   -131.598205  3  3     53       
PG28 -21535.278188  -7970.711379 -12644.334806    569.889713  6  5  5  59       
PG29   5615.065754  21458.539431  14523.790354   -348.575201  6  4  2  97       
PG30 -22817.894332  -1827.312620  13727.184222   -427.230752  5  4  5  83       
PG31  25570.407544  -6967.064369  -4144.879055   -117.814291  6  4  4  52       
PG32  14952.248997   3240.704480 -21604.893024     21.024334  4  3  6  79       
*  2021  5 17 13  0  0.00000000
PG01   4761.943227 -17083.901627 -19912.986716    686.500649  2  5  7  78       
PG02 -22136.038297  14686.810378   1710.810057   -604.972881  8  4  5  56       
PG03  -5421.723439 -18583.048335 -18318.662130   -166.418765  5  3     90       
PG04    904.200021 -26431.775314   2099.811831   -196.637459  3  7  2  64       
PG05 -10442.635258  11392.407678  21464.010898    -42.217932  3  6  3  85       
PG06 -24232.547185   4955.939130  -9704.864982     16.645038  6  4  6 132       
PG07 -10562.773586 -11963.352481  21634.567534    153.317244  2  4  3  79       
PG08   6181.663486 -24519.105413   7584.129591    -21.562509  5  4  3  60       
PG09  -7662.236549 -22378.209687  12002.106040   -346.026870  4  5  3  45       
PG10  23674.936757  11149.623462  -5196.611659   -123.761057  3  3     80       
PG12   2051.279757  18233.042690 -19511.139568    -42.316973  6  6     66       
PG13 -12976.383842  18692.520665  13453.965121    133.129912  3  4  3  90       
PG14 -23064.318171 -12193.950638  -5080.999286     84.555742  7  5  2  67       
PG15  -3505.208418  25173.541442   6689.457270   -148.809163  5  2  3  80       
PG16  15061.382785  -6143.767570  20843.158736   -326.616016  7  3  5  64       
PG17 -13085.372433  -8715.313645 -20980.477274    443.787136  2  2  3  87       
PG18  13485.507179   9448.408315  20843.716624    350.133517  7  6  8  96       
PG19 -15140.972004    958.628482 -22076.769191      1.174315  5  3  4  88       
PG20     84.735732  16721.956941  20641.217091    522.080525  5  5     90       
PG21  12210.327310 -18482.842090 -13575.353614    118.728661  6  2  3  95       
PG22   4380.472215 -15283.611842 -21097.904947   -612.095324  5  2  3  78       
PG23  19813.697348  16811.909225   5599.724005    105.909747  6  2  3 100       
PG24  -8840.916604  19140.649517 -16161.050367     82.974703  6  5  4  82       
PG25  14561.698751  19227.924733 -11684.596929    138.827255  5  5  3  75       
PG26  21682.711212   -197.164520  15454.680417     86.449881  5  2  4  71       
PG27  12111.876072 -16538.433219  16503.364818   -131.604074  3  3     73       
PG28 -22451.572963  -9032.725374 -10186.403176    569.884145  5  4  5  88       
PG29   5215.027138  22948.916636  12215.195107   -348.581240  6  4  3  94       
PG30 -21368.078057  -2693.628807  15754.382263   -427.235258  5  4  6  70       
PG31  25097.022723  -6517.794332  -6872.808165   -117.816150  5  4  4  63       
PG32  14723.623987   5706.910897 -21265.399496     21.023687  4  3  6  65       
*  2021  5 17 13 15  0.00000000
PG01   6708.666255 -18004.025590 -18438.982582    686.490651  3  6  7  69       
PG02 -22237.138797  14459.943035  -1147.117509   -604.975512  8  5  5  56       
PG03  -3524.318639 -17553.373014 -19738.638603   -166.428123  5  3     89       
PG04   1169.980701 -26492.801108   -756.641019   -196.638817  3  7  1  50       
PG05 -12567.475696  10154.855794  20960.217075    -42.219187  4  6  3  89       
PG06 -23205.182887   4213.270850 -12219.485843     16.648569  6  3  7  97       
PG07  -8436.367970 -13106.467713  21864.533019    153.327078  2  4  3  65       
PG08   6413.941569 -23490.240780  10218.278448    -21.563944  4  4  4  61       
PG09  -7410.816698 -23619.038050   9539.978006   -346.028916  4  5  3  62       
PG10  23945.628377  11558.085070  -2383.285820   -123.767915  3  3     89       
PG12    177.605810  16997.587134 -20700.214646    -42.321682  6  6     74       
PG13 -12901.176723  16997.524763  15595.850674    133.134288  2  3  3  88       
PG14 -23268.241892 -12643.047878  -2275.244445     84.550897  6  6  3  91       
PG15  -3947.141676  24238.686849   9290.013705   -148.806717  5  2  3  81       
PG16  16923.074533  -4688.023088  19819.435436   -326.621604  7  3  5  70       
PG17 -12809.588265 -11128.835172 -20006.068476    443.792709  2  3  3  95       
PG18  11358.792778  10611.919077  21533.672041    350.132698  5  6  7  97       
PG19 -14839.368242  -1492.836472 -22263.625973      1.178808  5  3  3  80       
PG20  -2150.781145  15830.571667  21197.702538    522.080376  4  4     77       
PG21  13648.275781 -19095.558607 -11235.337999    118.731205  6  3  3  82       
PG22   6612.859023 -14222.480633 -21239.193150   -612.086845  5  2  3  49       
PG23  19007.826501  16615.152971   8309.526832    105.906824  5  2  3 100       
PG24 -10420.369662  19858.788266 -14167.097807     82.995082  6  5  4  85       
PG25  13251.662456  18647.211029 -13985.163433    138.833620  4  4  3  68       
PG26  23028.923215    787.078996  13379.946325     86.454342  5  3  3  74       
PG27  12217.178454 -14505.359425  18259.946417   -131.609912  4  3     53       
PG28 -23188.477391  -9863.890199  -7546.990955    569.878461  4  3  4  96       
PG29   4926.354729  24185.843660   9695.307385   -348.587125  6  4  3  93       
PG30 -19771.905382  -3725.951748  17514.209368   -427.239784  4  4  5  63       
PG31  24381.293861  -5909.381547  -9485.902923   -117.818547  5  5  5  49       
PG32  14623.280555   8120.174807 -20556.969362     21.023062  3  4  6  53       
*  2021  5 17 13 30  0.00000000
PG01   8447.800129 -18936.074543 -16650.174763    686.480637  4  6  7  77       
PG02 -22092.540416  14042.984912  -3985.213512   -604.978457  9  5  5  70       
PG03  -1449.061850 -16560.892713 -20822.328682   -166.437495  5  3  1  92       
PG04   1432.874064 -26244.413078  -3600.026125   -196.640213  3  7  2  95       
PG05 -14680.662933   9062.679951  20091.863298    -42.219929  4  6  3  79       
PG06 -21988.781174   3268.680550 -14523.849112     16.652159  7  3  8  78       
PG07  -6363.360725 -14363.411681  21730.365460    153.336295     4  3  66       
PG08   6714.733211 -22185.627406  12673.506416    -21.565218  4  3  3  79       
PG09  -7208.026232 -24582.900670   6913.076249   -346.030840  3  5  3  77       
PG10  23955.779329  11801.656563    470.456176   -123.774787  3  3  1  92       
PG12  -1857.760679  15806.637577 -21541.975519    -42.326504  5  6     73       
PG13 -12893.790905  15073.045670  17465.393941    133.138265  2  3  3  68       
PG14 -23219.778746 -12918.900885    569.586365     84.546008  4  6  4  86       
PG15  -4475.887462  23039.603553  11725.064167   -148.804534  4  2  3  75       
PG16  18742.868186  -3412.867319  18451.546125   -326.626985  7  4  5  88       
PG17 -12669.004359 -13418.647179 -18674.408646    443.798012  2  3  3  98       
PG18   9247.450079  11916.760905  21853.020663    350.131851  5  5  6 104       
PG19 -14675.703324  -3956.271488 -22077.465689      1.183298  4  3  4  83       
PG20  -4469.383128  15033.381026  21388.768867    522.079860  4  4     67       
PG21  14820.720365 -19612.150207  -8689.708573    118.733785  6  4  3  92       
PG22   8890.083949 -13269.513791 -21008.474248   -612.078329  5  3  3  84       
PG23  17925.073017  16328.275429  10876.605951    105.903885  5  2  3 106       
PG24 -11774.278311  20511.672942 -11928.436771     83.015441  6  5  4  83       
PG25  11697.448183  18022.629896 -16051.766392    138.839983  4  4  4  78       
PG26  24199.036873   1595.909063  11077.128633     86.458832  5  4  3  83       
PG27  12437.515684 -12299.468000  19693.903173   -131.615664  4  4     63       
PG28 -23708.954353 -10479.930319  -4773.836424    569.873096  2  3  4  90       
PG29   4717.640499  25140.774866   7007.765999   -348.592869  6  4  3 101       
PG30 -18071.336078  -4927.597295  18976.503131   -427.244333  3  4  5  73       
PG31  23454.317684  -5119.533934 -11940.429448   -117.820502  5  5  5  47       
PG32  14642.866811  10432.882935 -19492.487809     21.022389  3  4  6  67       
*  2021  5 17 13 45  0.00000000
PG01   9957.680013 -19838.045546 -14575.906873    686.470636  5  7  6  85       
PG02 -21727.858437  13408.798995  -6754.026538   -604.981441  9  6  5  57       
PG03    770.480628 -15639.314491 -21551.112508   -166.446855  4  2  2  75       
PG04   1729.790431 -25691.861546  -6381.230874   -196.641540  3  7  2  93       
PG05 -16735.230858   8125.895000  18874.744440    -42.221268  5  6  3  68       
PG06 -20625.938818   2112.281683 -16578.095873     16.655675  7  3  8  86       
PG07  -4382.207969 -15708.085701  21232.795127    153.346257     5  3  60       
PG08   7114.564046 -20634.020015  14907.099162    -21.568062  4  3  3  72       
PG09  -7019.085001 -25253.406331   4166.836517   -346.032897  3  5  2  79       
PG10  23686.346864  11913.049455   3316.248689   -123.781502  3  4     81       
PG12  -4021.298720  14694.084703 -22022.238242    -42.331100  5  6     77       
PG13 -12982.080128  12955.149322  19029.896858    133.142797  2  3  2  85       
PG14 -22898.766388 -13052.426808   3404.629675     84.541222  3  6  4  96       
PG15  -5116.978659  21604.671405  13950.761791   -148.801996  4  2  4  85       
PG16  20474.192876  -2326.694523  16764.741484   -326.632062  7  5  4  66       
PG17 -12646.707288 -15537.578602 -17010.068574    443.803522  3  3  3  99       
PG18   7195.830241  13341.017716  21796.066823    350.130994  5  5  5 103       
PG19 -14650.553928  -6382.823054 -21521.665623      1.187882  3  3  4  77       
PG20  -6827.295217  14348.142899  21210.249816    522.080011  4  4  1  71       
PG21  15728.069641 -19992.579743  -5985.952814    118.736265  6  4  3  91       
PG22  11166.579645 -12439.898177 -20409.280113   -612.069501  6  3  3  80       
PG23  16570.049152  15990.965393  13256.801156    105.901001  5  3  3 107       
PG24 -12895.386026  21059.160505  -9482.849799     83.035810  6  5  5  75       
PG25   9915.374923  17393.238942 -17850.059938    138.846331  4  4  4  82       
PG26  25156.800106   2244.578484   8585.819772     86.463331  4  4  3  76       
PG27  12789.977829  -9966.881588  20780.457833   -131.621496  5  4     40       
PG28 -23981.762545 -10904.175783  -1916.564605    569.867613  1  2  3  86       
PG29   4553.222319  25793.291258   4199.091476   -348.598538  6  4  3  93       
PG30 -16309.566373  -6294.076519  20116.029423   -427.248831  3  4  4  78       
PG31  22352.134392  -4132.597017 -14195.170809   -117.822311  5  5  6  45       
PG32  14766.433103  12600.485486 -18090.989354     21.021707  3  4  6  64       
*  2021  5 17 14  0  0.00000000
PG01  11224.997857 -20665.859942 -12250.671882    686.460634  6  8  5  72       
PG02 -21174.804909  12537.017956  -9404.549698   -604.984191  9  6  6 134       
PG03   3094.812845 -14816.607399 -21912.343401   -166.456163  4  2  2  74       
PG04   2095.936313 -24849.120487  -9052.219643   -196.642826  3  7  3  79       
PG05 -18684.390304   7346.271829  17330.683524    -42.222181  5  5  4  74       
PG06 -19161.927425    742.734322 -18346.615567     16.659193  7  3  8  64       
PG07  -2526.631178 -17108.239346  20378.490571    153.355790     5  3  77       
PG08   7638.464904 -18871.125075  16880.392669    -21.569621  4  3  3  61       
PG09  -6807.443099 -25622.701502   1348.707416   -346.034948  3  5  1  84       
PG10  23126.242600  11928.580025   6105.989639   -123.788383  3  4  1  94       
PG12  -6273.774859  13687.958225 -22132.723786    -42.335968  4  6  1  64       
PG13 -13187.568257  10685.767030  20262.063205    133.146950  2  3  2  50       
PG14 -22292.873761 -13078.507995   6181.177433     84.536412  2  5  5 103       
PG15  -5890.274920  19968.811040  15926.969465   -148.799932  5  3  4  76       
PG16  22071.398142  -1429.190227  14789.545995   -326.637854  7  6  4  72       
PG17 -12718.462510 -17443.827614 -15043.597470    443.809703  4  3  3  91       
PG18   5244.200679  14855.642898  21363.593785    350.130075  6  4  4  93       
PG19 -14756.292823  -8724.567835 -20605.615307      1.192585  3  3  4  56       
PG20  -9178.188789  13785.302462  20664.370516    522.079410  5  4  2  66       
PG21  16379.973818 -20199.801402  -3173.981774    118.738619  6  5  3  85       
PG22  13395.244925 -11741.207922 -19451.739664   -612.061210  6  4  3  60       
PG23  14956.070422  15642.381455  15409.127024    105.898123  5  3  3 100       
PG24 -13784.536411  21462.015905  -6872.077709     83.056183  6  5  5  92       
PG25   7929.418953  16795.346492 -19350.092818    138.852726  3  5  4  85       
PG26  25871.078308   2754.845421   5948.644800     86.467784  4  5  3  82       
PG27  13283.718206  -7557.086479  21501.187645   -131.627301  4  5  1  12       
PG28 -23982.683626 -11166.336514    974.297050    569.862057  1  2  4 106       
PG29   4394.762994  26131.817155   1317.866393   -348.604534  6  5  3  94       
PG30 -14529.481351  -7813.069854  20912.920164   -427.253327  3  4  2  83       
PG31  21114.390736  -2940.339538 -16212.068488   -117.824361  5  6  6  49       
PG32  14971.145378  14583.022244 -16377.281576     21.021008  2  5  6  75       
*  2021  5 17 14 15  0.00000000
PG01  12245.192798 -21375.089942  -9713.604220    686.450639  8  8  5  84       
PG02 -20469.943337  11415.153296 -11889.145883   -604.986808  9  6  5  85       
PG03   5479.813663 -14113.959226 -21899.571810   -166.465483  4  3  3  61       
PG04   2563.245112 -23738.376036 -11566.873421   -196.644180  3  7  4  79       
PG05 -20483.209952   6717.453698  15487.095934    -42.223548  5  5  4  74       
PG06 -17642.974988   -832.490466 -19798.676334     16.662645  7  3  8  71       
PG07   -824.486344 -18526.537756  19180.066918    153.365485     5  2  67       
PG08   8304.825298 -16938.281252  18559.453020    -21.571138  5  3  3  85       
PG09  -6536.389696 -25691.687346  -1492.680065   -346.037001  3  5     86       
PG10  22272.823225  11886.619943   8792.610502   -123.795238  3  4  1  86       
PG12  -8571.520766  12809.432385 -21871.200730    -42.340696  4  6  2  80       
PG13 -13524.492627   8311.218257  21140.493585    133.151339  2  3  2  67       
PG14 -21398.184822 -13034.475508   8851.510901     84.531563  3  5  5  82       
PG15  -6808.934162  18172.177366  17618.082596   -148.797497  5  3  4  45       
PG16  23491.417249   -711.608060  12561.133558   -326.643504  7  6  4  82       
PG17 -12853.846513 -19102.431880 -12810.860585    443.815383  4  3  3  86       
PG18   3427.350787  16425.463475  20562.863773    350.129276  6  3  4  87       
PG19 -14977.412657 -10936.109144 -19344.567156      1.196984  3  3  4  67       
PG20 -11474.776853  13347.620382  19759.768304    522.079578  6  3  3  56       
PG21  16794.599152 -20201.346958   -305.030361    118.740640  6  5  2  73       
PG22  15529.128408 -11173.196265 -18152.418538   -612.052647  6  4  3  78       
PG23  13104.815523  15319.527389  17296.479914    105.895205  5  3  3  99       
PG24 -14450.511846  21683.539882  -4141.129265     83.076516  5  5  5  75       
PG25   5770.501305  16261.114043 -20526.757602    138.859212  3  5  3  51       
PG26  26316.998107   3153.928899   3210.545380     86.472209  4  6  3  81       
PG27  13919.520501  -5121.132237  21844.319457   -131.633115  4  5  1  50       
PG28 -23695.453670 -11301.048859   3848.277215    569.856627  1  2  3  92       
PG29   4202.935544  26154.003172  -1586.118446   -348.610643  5  5  3  80       
PG30 -12772.123963  -9464.702642  21353.031435   -427.257796  3  5  1  73       
PG31  19782.879310  -1542.472518 -17956.827148   -117.826408  5  5  6  41       
PG32  15228.274695  16346.465898 -14381.471702     21.020350  2  5  5  79       
*  2021  5 17 14 30  0.00000000
PG01  13022.508649 -21922.737532  -7007.870800    686.440753  8  9  4  64       
PG02 -19653.226101  10039.418831 -14162.499351   -604.989841  8  6  6  97       
PG03   7878.221779 -13545.000653 -21512.671516   -166.474821  4  3  3  83       
PG04   3158.938288 -22389.207978 -13881.794794   -196.645470  4  7  5  82       
PG05 -22090.222772   6225.398037  13376.460147    -42.224723  5  5  4  70       
PG06 -16114.518706  -2597.190002 -20908.973828     16.666063  6  3  8  84       
PG07    703.163063 -19921.845851  17656.006971    153.374576     5  2  69       
PG08   9124.525432 -14880.934424  19915.656883    -21.572040  5  3  2  73       
PG09  -6170.669193 -25469.908615  -4308.359768   -346.039041  4  5     69       
PG10  21132.077040  11825.982774  11330.824078   -123.802100  2  5  2  93       
PG12 -10867.880664  12072.091428 -21241.544818    -42.345460  4  6  2  79       
PG13 -13999.150797   5880.566268  21650.066397    133.155517  2  3  2  77       
PG14 -20219.469235 -12958.504740  11369.718552     84.526700  4  4  5  94       
PG15  -7878.668854  16258.639279  18993.756592   -148.795483  5  3  4  35       
PG16  24695.317739   -157.369944  10118.645885   -326.648893  7  7  3 100       
PG17 -13017.633203 -20486.448364 -10352.278379    443.820306  4  3  4  97       
PG18   1773.414641  18010.434856  19407.505662    350.128424  6  4  4  70       
PG19 -15291.147649 -12976.084658 -17759.408285      1.201412  3  3  4  87       
PG20 -13670.464301  13030.112394  18511.398438    522.078547  6  3  4  61       
PG21  16997.564200 -19970.691052   2569.419291    118.743431  7  6  2  56       
PG22  17523.118880 -10727.915052 -16534.029089   -612.044227  6  4  3  65       
PG23  11045.670349  15055.719739  18886.280559    105.892307  5  3  3  98       
PG24 -14909.557143  21691.131172  -1337.504630     83.096925  4  5  5  79       
PG25   3475.527714  15817.321203 -21360.175241    138.865706  3  5  3  57       
PG26  26476.863888   3473.264265    418.036470     86.476601  4  6  3  87       
PG27  14689.720479  -2709.787873  21804.885574   -131.638896  4  6  2  73       
PG28 -23112.370655 -11346.263257   6655.871890    569.850852  2  2  3  83       
PG29   3939.147500  25866.761578  -4462.735965   -348.616465  5  5  3  88       
PG30 -11075.237292 -11222.114978  21428.214908   -427.262260  3  5  2  70       
PG31  18400.004217     53.119137 -19399.475654   -117.828197  4  5  5  56       
PG32  15504.421157  17863.832919 -12138.407259     21.019681  1  5  5  84       
*  2021  5 17 14 45  0.00000000
PG01  13569.708902 -22268.996219  -4179.966347    686.430799  9 10  5  77       
PG02 -18766.368488   8415.219810 -16182.569520   -604.992577  7  6  6  85       
PG03  10241.247381 -13115.326834 -20757.865007   -166.484144  4  3  3  72       
PG04   3904.274160 -20837.496387 -15957.063611   -196.646768  4  7  5  96       
PG05 -23468.896472   5849.121609  11035.707927    -42.225632  4  4  4  63       
PG06 -14619.496995  -4526.852346 -21658.087824     16.669430  6  4  8  70       
PG07   2042.730593 -21250.689737  15830.487783    153.384424     5  1  65       
PG08  10100.379805 -12746.970551  20926.163230    -21.573573  5  4  2  75       
PG09  -5678.040882 -24975.120241  -7049.878904   -346.041093  4  5     74       
PG10  19718.500821  11784.305472  13677.841104   -123.808979  1  5  1  87       
PG12 -13114.779190  11481.482201 -20253.713154    -42.350128  4  5  3  68       
PG13 -14609.577160   3443.873082  21782.197499    133.159982  2  4  2  79       
PG14 -18770.128857 -12887.985546  13692.484003     84.521888  5  4  6  91       
PG15  -9097.322533  14274.111900  20029.517832   -148.792691  5  3  4  48       
PG16  25649.683723    257.042350   7504.469869   -326.654225  6  7  4  87       
PG17 -13171.369866 -21577.798731  -7711.990938    443.826095  5  4  4 103       
PG18    302.956240  19567.098611  17917.291336    350.127505  6  5  5  62       
PG19 -15668.371849 -14808.533572 -15876.355231      1.206106  2  2  5  93       
PG20 -15720.989268  12820.306330  16940.322418    522.078365  7  4  5  63       
PG21  17020.600877 -19488.343253   5398.659736    118.745800  7  7  3  43       
PG22  19335.572699 -10390.157703 -14625.015890   -612.035540  6  5  2  57       
PG23   8814.780043  14879.207349  20151.040967    105.889471  4  3  3  93       
PG24 -15184.601576  21457.716528   1489.654472     83.117215  4  5  5  66       
PG25   1086.213386  15484.335961 -21836.011472    138.872153  3  6  2  57       
PG26  26340.815218   3747.106479  -2381.553509     86.481009  3  6  4  86       
PG27  15578.481167   -371.730800  21384.741457   -131.644734  4  6  2  55       
PG28 -22234.565093 -11341.544713   9349.391033    569.845507  2  2  3  92       
PG29   3567.235670  25285.953869  -7262.396737   -348.622410  5  5  2  81       
PG30  -9471.934823 -13052.307893  21136.496204   -427.266643  3  5  3  69       
PG31  17007.226417   1830.444302 -20514.876834   -117.830065  4  5  5  59       
PG32  15762.922002  19116.022166  -9687.043068     21.019042  1  5  5  98       
*  2021  5 17 15  0  0.00000000
PG01  13907.453341 -22378.923895  -1278.921843    686.420791  9 10  5  80       
PG02 -17851.124248   6557.271279 -17911.518969   -604.995499  7  5  6  91       
PG03  12520.251415 -12822.335657 -19647.646066   -166.493470  3  3  3  77       
PG04   4813.534022 -19124.096329 -17756.929693   -196.648080  4  7  5  92       
PG05 -24588.913009   5561.715489   8505.547793    -42.226569  5  4  4  46       
PG06 -13196.747408  -6589.407368 -22032.837423     16.672856  5  5  7  84       
PG07   3188.516761 -22468.847132  13733.106115    153.393766     5  2  77       
PG08  11226.911939 -10584.974368  21574.269967    -21.575019  5  4  2  74       
PG09  -5030.720896 -24232.549919  -9670.132807   -346.043129  4  5     90       
PG10  18054.672132  11796.483643  15794.047416   -123.815846  2  5  1  87       
PG12 -15264.355752  11034.971774 -18923.630933    -42.355125  4  6  3  89       
PG13 -15345.561804   1050.424038  21534.974279    133.164135  2  5  2  86       
PG14 -17071.821341 -12857.930342  15779.830520     84.517004  5  4  6  91       
PG15 -10454.786589  12264.815028  20707.240933   -148.790501  5  3  4  74       
PG16  26327.782961    560.945770   4763.488904   -326.659668  6  8  4  85       
PG17 -13275.071588 -22367.752919  -4936.972073    443.831462  5  3  4  97       
PG18   -971.647191  21050.187509  16117.803737    350.126577  6  7  5  60       
PG19 -16074.743560 -16404.075620 -13726.573348      1.210723  2  2  5  94       
PG20 -17585.990680  12698.809797  15073.379084    522.077979  7  4  5  72       
PG21  16900.012366 -18742.631348   8133.700203    118.748271  7  7  4  73       
PG22  20929.810972 -10138.207271 -12459.025400   -612.026740  6  5  2  56       
PG23   6453.844319  14811.996866  21068.845565    105.886566  4  2  4  88       
PG24 -15304.206335  20962.985314   4290.471456     83.137608  3  5  5  72       
PG25  -1352.268249  15275.326735 -21945.721427    138.878589  3  6  1  68       
PG26  25907.202793   4011.033917  -5140.848582     86.485424  3  6  3  77       
PG27  16562.405149   1848.158442  20592.450175   -131.650548  4  6  3  61       
PG28 -21071.935432 -11326.356997  11883.728038    569.840019  2  3  3  81       
PG29   3055.064420  24435.744139  -9936.908958   -348.628371  5  5  3  79       
PG30  -7989.549492 -14917.237474  20482.154724   -427.271059  3  5  4  79       
PG31  15643.543707   3765.774712 -21283.177992   -117.831972  3  5  4  44       
PG32  15965.387313  20092.352556  -7069.747591     21.018374  2  5  5  95       
*  2021  5 17 15 15  0.00000000
PG01  14063.354689 -22223.955927   1644.561555    686.410813  8 10  4  77       
PG02 -16947.536734   4489.325485 -19316.585157   -604.998142  6  5  5 100       
PG03  14668.430377 -12655.390405 -18200.598905   -166.502798  3  3  3  69       
PG04   5893.285704 -17293.332611 -19250.430321   -196.649417  5  7  5  81       
PG05 -25427.210688   5331.586438   5829.735995    -42.227704  4  4  4  71       
PG06 -11879.573366  -8746.279183 -22026.527396     16.676252  5  6  7  84       
PG07   4142.820904 -23533.011106  11398.497724    153.403615  2  5  2  74       
PG08  12490.465833  -8442.483476  21849.652186    -21.575589  5  5  2  79       
PG09  -4206.650231 -23273.886740 -12124.171372   -346.045179  4  5     94       
PG10  16170.532549  11893.217243  17643.633802   -123.822728  1  5     95       
PG12 -17270.608269  10721.917954 -17272.989014    -42.359644  4  6  3  94       
PG13 -16189.009623  -1253.006950  20913.162915    133.168650  1  6  2  80       
PG14 -15153.774515 -12899.482169  17595.809340     84.512197  4  5  6  84       
PG15 -11933.260898  10275.534935  21015.480077   -148.788036  5  3  4  69       
PG16  26710.481377    788.113420   1942.321588   -326.665190  5  8  4  95       
PG17 -13288.960315 -22857.040358  -2076.117109    443.837224  5  3  4  78       
PG18  -2046.499793  22414.315963  14040.001624    350.125706  6  8  5  69       
PG19 -16472.057233 -17740.860040 -11345.722926      1.215222  2  3  5  96       
PG20 -19230.438736  12640.168725  12942.741484    522.077588  7  4  5  58       
PG21  16675.004008 -17730.157165  10728.110395    118.750258  7  6  5  41       
PG22  22275.424637  -9944.857773 -10074.271766   -612.018243  5  5  1  64       
PG23   4008.701248  14868.930433  21623.737874    105.883666  4  2  4  99       
PG24 -15301.277540  20194.372044   7015.278761     83.157868  2  5  5  64       
PG25  -3792.767656  15195.745163 -21686.718593    138.885012  3  6     80       
PG26  25182.670503   4300.408306  -7813.187153     86.489866  3  6  3  91       
PG27  17611.453674   3910.329169  19443.041758   -131.656372  4  6  2  73       
PG28 -19642.762876 -11338.397691  14217.043879    569.834415  2  3  3  88       
PG29   2375.964669  23347.644804 -12440.309115   -348.634323  4  5  3  81       
PG30  -6648.706502 -16775.118723  19475.700541   -427.275485  3  5  5  41       
PG31  14344.060354   5828.307489 -21690.193696   -117.833756  4  6  3  26       
PG32  16073.302835  20790.783031  -4331.561993     21.017683  2  4  4  94       
*  2021  5 17 15 30  0.00000000
PG01  14070.748227 -21783.191755   4539.037161    686.400881  7 10  3  70       
PG02 -16092.244745   2243.506526 -20370.864223   -605.000882  4  4  5  81       
PG03  16642.443623 -12596.302452 -16441.114601   -166.512091  3  3  3  56       
PG04   7141.953662 -15391.373376 -20411.921766   -196.650774  5  7  5  90       
PG05 -25968.752385   5123.873515   3054.309320    -42.228933  4  4  4  75       
PG06 -10694.536212 -10953.700543 -21639.080162     16.679684  5  6  7  88       
PG07   4915.741595 -24402.465350   8865.847603    153.412724  3  6  2  74       
PG08  13869.645996  -6364.306091  21748.481628    -21.577901  5  5  2  76       
PG09  -3190.539770 -22136.036218 -14369.963513   -346.047214  4  4     90       
PG10  14102.407078  12099.719465  19195.171085   -123.829567     5     89       
PG12 -19090.987760  10524.149995 -15328.951193    -42.364305  4  5  4 102       
PG13 -17114.623524  -3423.782727  19928.090602    133.172957     6  2  79       
PG14 -13051.817094 -13038.580979  19109.119950     84.507345  3  5  6  85       
PG15 -13507.845285   8347.965805  20949.647567   -148.785747  5  3  4  44       
PG16  26786.877960    975.284740   -911.440440   -326.670316  4  8  4  93       
PG17 -13175.175819 -23055.594781    820.673067    443.842526  5  4  5 108       
PG18  -2926.148106  23615.690301  11719.688053    350.124880  7  9  5  87       
PG19 -16819.756660 -18805.249506  -8773.434571      1.219689  2  2  5  77       
PG20 -20625.869521  12613.984459  10585.365469    522.077320  6  5  6  47       
PG21  16385.962925 -16455.922151  13138.754823    118.752843  7  6  5  49       
PG22  23349.334057  -9778.665034  -7512.813585   -612.009691  5  5  1  65       
PG23   1527.753032  15057.052123  21806.005525    105.880833  4  2  4  91       
PG24 -15211.596735  19147.739978   9615.576573     83.178139  2  5  4  54       
PG25  -6187.722292  15243.100217 -21062.464083    138.891435  3  6     81       
PG26  24181.941576   4648.847583 -10353.370233     86.494310  3  6  3  92       
PG27  18690.130314   5781.863792  17957.658264   -131.662212  4  6  3  81       
PG28 -17973.031463 -11412.045059  16311.361678    569.829019  2  3  2  89       
PG29   1509.957481  22059.293148 -14729.648915   -348.640113  4  6  3  76       
PG30  -5462.657217 -18581.892338  18133.745348   -427.279912  4  5  6  79       
PG31  13138.699687   7981.102789 -21727.712048   -117.835656  4  6  3  74       
PG32  16049.637821  21217.810300  -1519.425369     21.016937  3  4  4 102       
*  2021  5 17 15 45  0.00000000
PG01  13967.220982 -21044.395899   7353.276719    686.391013  5  9  2  81       
PG02 -15316.923352   -140.729333 -21053.976167   -605.003918  3  4  5  80       
PG03  18403.921577 -12620.117541 -14399.007168   -166.521426  3  4  3  51       
PG04   8549.712519 -13464.545865 -21221.515962   -196.652111  6  6  6  92       
PG05 -26206.994531   4901.983170    226.793722    -42.229944  3  3  4  91       
PG06  -9660.520412 -13164.239114 -20877.050010     16.683096  5  6  7  88       
PG07   5524.664033 -25040.705086   6178.291375    153.422364  4  6  3  76       
PG08  15336.065040  -4390.966575  21273.429482    -21.579447  5  5  2  87       
PG09  -1974.652164 -20859.690815 -16369.107072   -346.049264  4  4     92       
PG10  11891.793992  12434.636060  20422.123298   -123.836428  2  5     86       
PG12 -20687.885587  10416.745872 -13123.770915    -42.369133  3  5  4 103       
PG13 -18090.882315  -5424.855305  18597.407302    133.177322     6  3  71       
PG14 -10807.162181 -13294.840291  20293.651648     84.502558  2  4  5  72       
PG15 -15147.433254   6519.202233  20512.038400   -148.783276  5  3  3  66       
PG16  26554.643495   1160.585253  -3749.985514   -326.675812  4  8  4 102       
PG17 -12899.390055 -22981.953583   3703.391442    443.848043  4  3  5  96       
PG18  -3623.210156  24613.772160   9196.891540    350.123994  7 10  5  53       
PG19 -17076.557124 -19592.212259  -6052.717128      1.224140  2  3  5  66       
PG20 -21751.372140  12586.245573   8042.339000    522.076808  6  5  5  33       
PG21  16072.757931 -14933.133998  15326.412757    118.755040  7  6  6  64       
PG22  24136.560559  -9605.373435  -4819.758781   -612.001135  4  5  1  71       
PG23   -939.706494  15375.288569  21612.358110    105.877993  4  1  4  89       
PG24 -15072.230419  17827.731518  12044.982302     83.198400  2  4  5  46       
PG25  -8490.747290  15407.034974 -20082.472070    138.897801  3  6  2  90       
PG26  22927.316922   5086.767698 -12718.386578     86.498723  2  5  2  87       
PG27  19758.877326   7437.505062  16163.097331   -131.668074  4  6  2  85       
PG28 -16095.488229 -11576.969760  18133.070849    569.823625     3  1  64       
PG29    444.714919  20613.007244 -16765.725182   -348.646119  4  6  4  89       
PG30  -4436.902111 -20292.800369  16478.766060   -427.284335  4  5  6  50       
PG31  12051.109493  10182.268054 -21393.715510   -117.837632  4  6  3  21       
PG32  15860.396640  21388.051924   1318.620624     21.016261  4  4  4  90       
*  2021  5 17 16  0  0.00000000
PG01  13792.959323 -20004.665145  10037.251638    686.381066  4  8  2  87       
PG02 -14646.936224  -2617.968715 -21352.583587   -605.006534  2  4  5  86       
PG03  19920.796901 -12696.177389 -12109.033272   -166.530663  2  4  3  85       
PG04  10098.708233 -11557.659594 -21665.415223   -196.653385  6  6  6  86       
PG05 -26144.043085   4629.182801  -2604.597769    -42.230906  3  3  3  98       
PG06  -8788.108987 -15328.476861 -19753.518409     16.686494  4  6  7  79       
PG07   5993.445696 -25416.936108   3382.211667    153.431902  4  6  3  66       
PG08  16855.366156  -2557.336415  20433.556910    -21.580840  5  5  3  83       
PG09   -559.290863 -19487.771638 -18087.472896   -346.051259  4  4  2 104       
PG10   9583.967322  12909.215314  21303.292066   -123.843202  2  4  1  78       
PG12 -22029.957398  10369.081597 -10694.318374    -42.373626  3  5  4  90       
PG13 -19081.272109  -7225.989708  16944.734157    133.181487     6  3  72       
PG14  -8464.989533 -13680.678344  21128.936954     84.497666  2  4  5  82       
PG15 -16815.865696   4820.445648  19711.705004   -148.780718  5  2  3  59       
PG16  26020.056958   1381.913729  -6526.017442   -326.681092  3  8  3  88       
PG17 -12432.263455 -22662.345790   6522.790301    443.853190  3  3  5  84       
PG18  -4157.687348  25372.829836   6515.170631    350.123168  7 11  5  75       
PG19 -17202.119161 -20105.404979  -3229.302459      1.228589  2  3  5  81       
PG20 -22594.286462  12520.820770   5358.144141    522.076424  6  5  5  89       
PG21  15773.124324 -13182.717344  17256.284310    118.757445  7  5  6  68       
PG22  24630.680173  -9389.457694  -2042.416428   -611.992770  4  5  1  81       
PG23  -3345.198850  15814.457063  21045.994166    105.875110  4  2  3  92       
PG24 -14919.886962  16247.765862  14260.145888     83.218592  2  4  5  83       
PG25 -10658.198240  15669.707516 -18762.227345    138.904206  3  6  3  75       
PG26  21447.903804   5640.046919 -14868.105665     86.503168  1  5  1  86       
PG27  20775.625916   8860.373526  14091.268264   -131.673883  4  6  2  98       
PG28 -14048.485206 -11856.955464  19653.342534    569.817904     3  2  68       
PG29   -823.778634  19054.177992 -18513.740842   -348.651954  4  6  4  65       
PG30  -3569.120098 -21864.011391  14538.761616   -427.288735  4  5  6  71       
PG31  11097.804590  12386.350455 -20692.507566   -117.839553  4  7  3  77       
PG32  15476.055848  21323.533780   4134.234909     21.015574  4  4  3  95       
*  2021  5 17 16 15  0.00000000
PG01  13588.983571 -18670.727550  12543.107416    686.371081  4  5  3  61       
PG02 -14100.267292  -5138.493386 -21260.741144   -605.009073  2  3  5  85       
PG03  21168.406594 -12789.417429  -9610.321506   -166.539998  2  4  4  88       
PG04  11763.598218  -9712.401591 -21736.139891   -196.654670  6  6  6  74       
PG05 -25790.494505   4270.191790  -5391.765164    -42.231871  3  3  2 102       
PG06  -8079.294016 -17396.777376 -18287.871613     16.689897  4  6  6  64       
PG07   6351.325166 -25507.385834    526.437638    153.441108  5  6  3  66       
PG08  18388.477933   -891.499784  19244.099452    -21.581212  5  5  3  58       
PG09   1047.022057 -18063.801515 -19495.773188   -346.053327  4  4  3  92       
PG10   7226.440912  13526.760548  21823.185537   -123.850058  2  2  2  78       
PG12 -23093.232133  10346.117406  -8081.520519    -42.378716  2  5  4 101       
PG13 -20045.720265  -8804.713562  14999.207859    133.185928  1  6  4  81       
PG14  -6072.880357 -14200.738078  21600.508911     84.492877  1  4  4  71       
PG15 -18473.291252   3275.976039  18564.191141   -148.778555  5  2  3  82       
PG16  25197.743393   1675.353839  -9193.466569   -326.686527  2  8  2  95       
PG17 -11750.690783 -22129.513324   9231.198337    443.858677  3  3  5  95       
PG18  -4555.986535  25863.316568   3720.854269    350.122320  7 11  4  70       
PG19 -17158.713391 -20356.939225   -350.932724      1.233072  2  4  5  81       
PG20 -23150.581356  12381.051632   2579.846440    522.075919  6  6  5  83       
PG21  15521.189239 -11232.560789  18898.387393    118.760268  6  5  5  74       
PG22  24833.943771  -9095.714477    770.584696   -611.984353  3  5     74       
PG23  -5642.737090  16357.601663  20116.555443    105.872223  3  2  3  84       
PG24 -14789.292726  14429.680628  16221.606380     83.238844  1  4  5  55       
PG25 -12650.650112  16006.467047 -17123.011276    138.910663  3  6  3  89       
PG26  19778.602212   6328.861934 -16765.929620     86.507622  2  4     97       
PG27  21697.437425  10042.354685  11778.575364   -131.679759  4  5  1  91       
PG28 -11874.649766 -12268.962809  20848.459961    569.812521     3  1  69       
PG29  -2290.889654  17429.559813 -19943.886600   -348.657782  5  6  4  82       
PG30  -2849.409822 -23254.232586  12346.805675   -427.293103  5  5  6  67       
PG31  10287.583694  14545.890094 -19634.737067   -117.841477  5  7  3  73       
PG32  14872.833492  21052.711470   6879.575616     21.014946  5  4  3  97       
*  2021  5 17 16 30  0.00000000
PG01  13395.344989 -17058.855019  14826.106116    686.361094  5  2  4  70       
PG02 -13686.786245  -7650.135195 -20780.059581   -605.011939  2  3  5  76       
PG03  22130.321104 -12861.851744  -6945.718994   -166.549369  2  4  4  79       
PG04  13512.389380  -7965.865139 -21432.645784   -196.656009  6  5  6  77       
PG05 -25164.971183   3792.710262  -8087.507888    -42.232817  3  2  2  72       
PG06  -7527.533668 -19321.072174 -16505.464080     16.693397  4  7  6  78       
PG07   6631.592551 -25296.365023  -2338.639580    153.450967  6  6  3 108       
PG08  19893.051060    586.107192  17726.152957    -21.583556  5  4  3  86       
PG09   2827.685678 -16630.271726 -20570.045725   -346.055369  4  4  4  98       
PG10   4867.348198  14282.387552  21972.305484   -123.856903  2  1  2  71       
PG12 -23861.960827  10309.875789  -5329.718363    -42.382984  2  4  3  86       
PG13 -20942.173446 -10146.958474  12794.932139    133.189948  2  6  5  97       
PG14  -3679.164114 -14851.619126  21700.155905     84.488083  2  4  3  80       
PG15 -20077.672078   1902.426639  17091.138063   -148.776362  4  1  3  58       
PG16  24110.126442   2073.665027 -11708.170740   -326.691850  2  7  2  84       
PG17 -10838.794723 -21421.318256  11783.278304    443.864405  2  3  5  93       
PG18  -4849.691196  26063.021416    862.231729    350.121497  7 11  4  54       
PG19 -16912.814383 -20366.835247   2533.402627      1.237610  3  4  6  94       
PG20 -23424.896769  12131.379062   -243.771234    522.075701  6  5  4  86       
PG21  15346.183388  -9116.539140  20227.853360    118.762053  6  5  5  62       
PG22  24757.062277  -8690.837359   3570.190812   -611.975685  3  5     80       
PG23  -7790.406835  16980.644995  18839.968596    105.869299  4  3  3  85       
PG24 -14711.658979  12403.030780  17894.566722     83.259118  2  4  4  65       
PG25 -14434.237641  16386.805704 -15191.633196    138.917009  3  6  4  86       
PG26  17958.884837   7166.739256 -18379.395493     86.512087  2  4  1  85       
PG27  22482.170972  10984.148617   9265.243287   -131.685611  3  5  1  89       
PG28  -9619.432832 -12822.461483  21700.068479    569.806923     4  2  71       
PG29  -3943.335509  15785.525897 -21031.834599   -348.663544  5  5  4  80       
PG30  -2260.836170 -24426.245383   9940.500281   -427.297483  5  5  6  61       
PG31   9621.248510  16613.078619 -18237.313228   -117.843364  5  7  4  71       
PG32  14033.744165  20609.264465   9508.082637     21.014248  5  3  2 102       
*  2021  5 17 16 45  0.00000000
PG01  13249.363622 -15194.388755  16845.511795    686.351173  6  3  4  75       
PG02 -13407.885195 -10100.247013 -19919.676181   -605.014749  2  3  5  70       
PG03  22798.866532 -12874.188241  -4161.065091   -166.558731  2  4  4  68       
PG04  15307.541530  -6349.268019 -20760.330238   -196.657297  7  5  6  83       
PG05 -24293.371560   3168.829089 -10646.286588    -42.233838  3  3  2  82       
PG06  -7118.153300 -21056.596004 -14437.173599     16.696777  4  7  5  81       
PG07   6870.072666 -24777.027001  -5162.018115    153.460342  6  6  3  87       
PG08  21325.020689   1863.255489  15906.269720    -21.585050  5  4  3  88       
PG09   4758.472012 -15227.064431 -21292.047070   -346.057402  4  3  4  83       
PG10   2553.795528  15163.098928  21747.346532   -123.863730  3  1  3  73       
PG12 -24329.168317  10221.057592  -2485.948194    -42.387903  2  4  4  85       
PG13 -21728.256444 -11247.371942  10370.348913    133.194195  2  5  6  87       
PG14  -1331.240292 -15621.933007  21426.069307     84.483265  2  4  2  76       
PG15 -21586.369309    708.384423  15319.779096   -148.773703  4  2  3  88       
PG16  22786.617316   2604.903562 -14028.521426   -326.697555  2  7  1  79       
PG17  -9688.636682 -20579.194114  14136.717164    443.869852  3  3  5  93       
PG18  -5074.130720  25957.947271  -2011.293028    350.120611  7 11  4  71       
PG19 -16436.562187 -20162.178413   5374.271127      1.241964  3  5  5  90       
PG20 -23430.247327  11738.935330  -3063.111496    522.075349  6  5  4  89       
PG21  15271.374769  -6873.354161  21225.130942    118.764256  6  5  5  58       
PG22  24418.669775  -8144.910467   6307.811612   -611.967174  3  5     89       
PG23  -9751.791323  17653.330991  17238.176421    105.866357  4  3  2  86       
PG24 -14713.307176  10204.074319  19249.566287     83.279464  2  4  4  47       
PG25 -15981.805628  16775.556034 -13000.065285    138.923355  3  5  4  86       
PG26  16031.413858   8159.858161 -19680.719404     86.516546  3  4  2  82       
PG27  23090.114126  11694.987769   6594.598825   -131.691460  2  3  2  84       
PG28  -7329.585721 -13519.045701  22195.350515    569.801405     4  2  71       
PG29  -5759.520747  14166.354686 -21759.136975   -348.669296  5  5  4  84       
PG30  -1780.262785 -25348.303086   7361.338091   -427.301923  5  5  6  91       
PG31   9091.642189  18541.461735 -16523.205844   -117.845172  5  7  4  85       
PG32  12949.401603  20030.709478  11975.233274     21.013537  5  3  2  93       
*  2021  5 17 17  0  0.00000000
PG01  13183.984499 -13110.894975  18565.394953    686.341225  6  5  4  87       
PG02 -13256.504084 -12437.696181 -18696.032254   -605.017553  3  3  5  89       
PG03  23175.317544 -12787.511151  -1304.403819   -166.568134  2  4  4  76       
PG04  17107.293456  -4886.908586 -19730.927467   -196.658604  7  5  6  81       
PG05 -23207.864949   2376.269779 -13024.950544    -42.234689  3  3  2  87       
PG06  -6829.074336 -22563.503023 -12118.856258     16.700198  4  8  5  93       
PG07   7103.483141 -23951.782980  -7893.081429    153.469720  6  6  3 100       
PG08  22640.234732   2936.164231  13815.974260    -21.585657  5  4  3  78       
PG09   6808.272417 -13889.990319 -21649.549410   -346.059464  3  3  5  96       
PG10    330.248633  16148.176278  21151.301932   -123.870555  2  2  2  61       
PG12 -24496.881235  10040.735313    400.844259    -42.392499  1  4  4  83       
PG13 -22362.946214 -12109.291910   7767.542675    133.198391  2  5  6  87       
PG14    926.060848 -16492.680132  20782.881004     84.478496  3  5  2  93       
PG15 -22957.741326   -305.675900  13282.340937   -148.771393  5  3  3  85       
PG16  21262.569672   3291.219831 -16116.070931   -326.703131  3  7  1  74       
PG17  -8300.625872 -19646.502090  16252.843419    443.875292  3  4  5 105       
PG18  -5266.804849  25542.881307  -4850.066883    350.119675  7 11  5  94       
PG19 -15709.033040 -19776.004984   8122.631878      1.246728  2  5  5 106       
PG20 -23187.399825  11175.034865  -5828.681778    522.074903  6  5  4  96       
PG21  15313.249966  -4545.239506  21876.108916    118.766956  5  6  4  74       
PG22  23844.490523  -7432.760698   8936.184098   -611.958771  3  5     67       
PG23 -11497.185494  18340.422282  15338.762804    105.863482  4  4  2  79       
PG24 -14814.512713   7874.488835  20263.034198     83.299840  3  4  3  72       
PG25 -17273.822776  17134.293935 -10584.980639    138.929706  3  5  4  89       
PG26  14040.543827   9306.632881 -20647.274352     86.521049  3  5  2  97       
PG27  23485.516539  12192.040514   3812.322771   -131.697311  2  2  2  72       
PG28  -5051.616348 -14352.339261  22327.130659    569.796012  2  5  3  81       
PG29  -7710.196318  12612.612570 -22113.523956   -348.675420  5  5  4  89       
PG30  -1379.439365 -25995.333333   4653.983284   -427.306336  5  6  5  86       
PG31   8684.012117  20287.619909 -14521.127541   -117.847134  5  7  5  86       
PG32  11618.540042  19356.885463  14239.260925     21.012834  5  4  2  79       
*  2021  5 17 17 15  0.00000000
PG01  13226.324839 -10848.985645  19955.334458    686.331255  5  5  4  88       
PG02 -13217.541420 -14614.786071 -17132.466922   -605.020215  3  3  5  86       
PG03  23269.751420 -12564.964396   1574.851519   -166.577521  2  3  4  71       
PG04  18867.160543  -3595.398619 -18362.295823   -196.659905  7  5  6  58       
PG05 -21945.669616   1399.409588 -15183.421822    -42.235840  3  4  2  73       
PG06  -6631.841397 -23808.300417  -9590.711466     16.703599  4  9  4  96       
PG07   7367.738003 -22832.346712 -10482.613757    153.479328  7  6  3  94       
PG08  23796.087113   3809.419375  11491.208610    -21.587205  4  3  2  97       
PG09   8940.110427 -12649.496311 -21636.537179   -346.061503  3  2  6  92       
PG10  -1762.988280  17209.879734  20193.470995   -123.877296  2  3  2  62       
PG12 -24376.017614   9732.057645   3280.645139    -42.397062     3  4  83       
PG13 -22808.196010 -12744.389264   5031.492276    133.202802  2  5  6  89       
PG14   3052.015905 -17437.934768  19781.589762     84.473637  3  6  3  80       
PG15 -24152.690085  -1147.131297  11015.370975   -148.769255  5  3  3  62       
PG16  19578.036654   4147.871980 -17936.096932   -326.708375  4  6  1  83       
PG17  -6683.619047 -18666.853506  18097.168693    443.880645  3  5  4 102       
PG18  -5465.726128  24821.635396  -7605.056929    350.118771  6 11  7  60       
PG19 -14717.266003 -19245.955113  10730.687511      1.251164  2  5  5 100       
PG20 -22723.951040  10416.501255  -8492.009598    522.074996  6  4  4  89       
PG21  15480.959281  -2176.576238  22172.167823    118.769317  5  5  3  76       
PG22  23066.247526  -6535.115563  11410.195126   -611.950165  3  5  1  77       
PG23 -13004.552261  19003.105748  13174.477516    105.860570  4  4  3  61       
PG24 -15028.616615   5459.875205  20917.710733     83.320127  4  4  3  68       
PG25 -18299.019832  17422.897641  -7987.196173    138.935983  3  5  4  76       
PG26  12030.764413  10597.592168 -21261.993670     86.525568  3  6  3  91       
PG27  23637.971729  12499.528896    965.684508   -131.703161  3  2  2  97       
PG28  -2830.274194 -15308.187882  22093.915548    569.790554  2  5  3  82       
PG29  -9759.416272  11159.693647 -22089.097766   -348.680977  5  5  4  87       
PG30  -1026.301450 -26349.895332   1865.483755   -427.310729  5  6  5  91       
PG31   8376.688846  21812.759988 -12265.097613   -117.849202  5  7  5  86       
PG32  10048.235723  18628.366776  16261.827535     21.012194  5  4  1  80       
*  2021  5 17 17 30  0.00000000
PG01  13396.476086  -8454.854744  20990.998675    686.321246  5  5  3  81       
PG02 -13268.626466 -16589.016406 -15258.644539   -605.023188  4  4  5  77       
PG03  23100.567063 -12173.368468   4426.786568   -166.586886  2  3  3  41       
PG04  20541.546339  -2483.201047 -16678.101256   -196.661261  7  5  5  67       
PG05 -20547.659738    230.055194 -17085.328183    -42.236509  4  5  2  85       
PG06  -6492.906145 -24765.043279  -6896.569120     16.707022  4  9  3  84       
PG07   7696.272333 -21439.398776 -12883.806764    153.489433  7  6  3  91       
PG08  24753.095852   4495.577234   8971.717231    -21.589244  3  4  3  77       
PG09  11112.382869 -11529.591470 -21253.301071   -346.063531  3  2  6  82       
PG10  -3691.143475  18314.432856  18889.364215   -123.884148  2  4  2  56       
PG12 -23985.936545   9261.896792   6103.255138    -42.401744  1  4  4  56       
PG13 -23030.447468 -13171.996324   2209.284520    133.206854  2  5  6  79       
PG14   5011.385545 -18425.812053  18439.377206     84.468876  3  7  3  83       
PG15 -25136.095560  -1830.643462   8559.010044   -148.766737  5  4  3  85       
PG16  17776.372039   5182.489197 -19458.120666   -326.713729  4  6  1  78       
PG17  -4854.713994 -17682.458339  19639.852498    443.886378  4  5  4 103       
PG18  -5707.746407  23806.947221 -10228.707590    350.117878  6 11  8 117       
PG19 -13456.999913 -18612.741222  13152.738700      1.255712  3  5  5 107       
PG20 -22073.145196   9446.775159 -11006.533402    522.074372  7  5  4  72       
PG21  15776.033347    187.535185  22110.170319    118.772134  4  5  3  68       
PG22  22120.359895  -5439.522763  13687.648014   -611.941500  3  5  2  68       
PG23 -14260.184056  19600.551388  10782.668946    105.857640  3  4  3  63       
PG24 -15361.441691   3008.113894  21202.928767     83.340435  4  4  4  73       
PG25 -19054.721915  17601.205343  -5251.024470    138.942344  4  4  5  56       
PG26  10045.139610  12015.563995 -21513.692506     86.530121  4  6  3  88       
PG27  23523.599165  12647.598085  -1897.229194   -131.708996  3  2  2  79       
PG28   -707.111247 -16365.128566  21499.872395    569.785431  2  5  3  84       
PG29 -11865.755458   9836.571085 -21686.420265   -348.686855  6  5  5  87       
PG30   -686.430953 -26402.851140   -955.570585   -427.315114  5  6  5  89       
PG31   8142.059415  23084.151656  -9793.890312   -117.851256  4  7  5  88       
PG32   8253.820679  17884.863097  18008.641293     21.011506  5  4  1  80       
*  2021  5 17 17 45  0.00000000
PG01  13706.612583  -5978.593682  21654.591714    686.311319  5  4  3  64       
PG02 -13381.210416 -18324.603355 -13109.839666   -605.026072  5  4  5  97       
PG03  22693.686340 -11584.705376   7201.870730   -166.596241  2  3  3  77       
PG04  22085.406294  -1550.488837 -14707.402947   -196.662584  7  5  5  77       
PG05 -19056.852322  -1132.062645 -18698.577548    -42.237224  4  5  2  94       
PG06  -6375.116004 -25416.244155  -4083.112631     16.710441  5  9  3  94       
PG07   8118.464595 -19801.879234 -15053.227937    153.498567  7  5  2  77       
PG08  25476.368783   5014.471174   6300.381692    -21.591276  3  4  3  95       
PG09  13280.282808 -10547.030961 -20506.428531   -346.065626  2  1  6  85       
PG10  -5426.145643  19423.259817  17260.503324   -123.891019  2  4  1  66       
PG12 -23353.660280   8602.370318   8819.197035    -42.406233  1  4  4  63       
PG13 -23001.973789 -13418.150993   -650.696167    133.211278  2  5  7  89       
PG14   6775.578532 -19419.680087  16779.316161     84.464078  3  8  4  67       
PG15 -25878.085461  -2377.317184   5956.229312   -148.764147  5  4  4 104       
PG16  15902.722120   6394.610332 -20656.374840   -326.719104  4  6  2  98       
PG17  -2838.749781 -16732.556396  20856.090465    443.891090  4  6  4 107       
PG18  -6026.933910  22520.045996 -12675.769628    350.116953  5 10  8  79       
PG19 -11933.084966 -17918.488850  15346.024674      1.260252  4  5  5 109       
PG20 -21272.481346   8256.757574 -13328.449590    522.073908  7  5  4  82       
PG21  16192.371178   2502.702047  21692.398414    118.774575  4  5  2  77       
PG22  21046.483456  -4140.998231  15729.960909   -611.932851  3  5  2  67       
PG23 -15259.044253  20091.563396   8204.634674    105.854720  3  4  3  72       
PG24 -15811.035057    567.644935  21114.752013     83.360748  5  5  5  94       
PG25 -19546.855843  17630.707889  -2423.541518    138.948599  5  4  5  66       
PG26   8123.800925  13536.162211 -21397.300177     86.534705  4  7  2  87       
PG27  23125.986913  12670.982678  -4728.280837   -131.714843  4  3  3  87       
PG28   1280.836961 -17495.118451  20554.748964    569.779788  2  6  3  83       
PG29 -13983.742128   8664.806386 -20912.493747   -348.692755  6  5  5  81       
PG30   -324.618226 -26153.721733  -3759.926618   -427.319552  6  6  4  70       
PG31   7947.799947  24076.346936  -7150.374078   -117.853247  4  7  6  82       
PG32   6258.491782  17163.664930  19450.011716     21.010849  4  3  1  60       
*  2021  5 17 18  0  0.00000000
PG01  14160.444016  -3472.359179  21935.155379    686.301370  5  3  2  80       
PG02 -13521.918823 -19793.695361 -10726.108485   -605.028915  6  5  5  68       
PG03  22081.468213 -10777.410899   9851.841443   -166.605645  3  3  3  82       
PG04  23455.900031   -789.328968 -12484.148614   -196.663933  7  5  5  79       
PG05 -17516.828946  -2679.091273 -19995.867521    -42.238176  4  6  3  97       
PG06  -6239.347789 -25753.462221  -1199.052750     16.713849  5  9  3  91       
PG07   8658.230026 -17955.935982 -16951.721495    153.508252  7  5  2  72       
PG08  25936.904432   5392.249927   3522.515218    -21.592050  3  4  3  72       
PG09  15397.351149  -9710.788164 -19408.691152   -346.067689  2  1  6  90       
PG10  -6947.542217  20494.431412  15334.115091   -123.897854  2  4     70       
PG12 -22512.795179   7732.172556  11380.629596    -42.410746  1  4  4  81       
PG13 -22702.004447 -13514.396425  -3499.588054    133.215608  3  5  6  98       
PG14   8323.558004 -20379.570430  14829.975969     84.459297  2  8  4  65       
PG15 -26355.096213  -2813.625146   3252.048596   -148.762063  5  3  3  93       
PG16  14002.458467   7775.515368 -21510.216953   -326.724876  5  6  1  89       
PG17   -667.535599 -15851.983036  21726.427217    443.896788  4  5  4  86       
PG18  -6453.065254  20989.900321 -14904.086037    350.116014  5 10  9 114       
PG19 -10159.545171 -17205.014052  17271.531887      1.264657  5  6  5 101       
PG20 -20362.169483   6845.354594 -15417.497965    522.073415  8  6  4  84       
PG21  16716.492749   4726.623460  20926.444283    118.776827  3  5  2  92       
PG22  19885.953785  -2642.380899  17502.787086   -611.924490  3  4  2  62       
PG23 -16004.775631  20436.258507   5484.901444    105.851813  3  5  4  82       
PG24 -16367.743747  -1814.255393  20655.971489     83.381086  5  5  5  70       
PG25 -19789.625696  17476.209145    446.219703    138.954871  5  4  5  77       
PG26   6302.551071  15128.560881 -20913.996896     86.539342  4  7  2  90       
PG27  22436.864245  12607.520680  -7480.035224   -131.720663  4  4  2  81       
PG28   3102.209907 -18664.498923  19273.736602    569.774306  2  6  3  69       
PG29 -16065.451455   7657.852989 -19780.635885   -348.698245  6  5  5  83       
PG30     93.538448 -25610.711547  -6498.565725   -427.323993  6  6  4  85       
PG31   7758.319984  24772.128356  -4380.752093   -117.854997  4  7  6  77       
PG32   4092.628692  16498.191701  20561.334967     21.010180  4  2  2  79       
*  2021  5 17 18 15  0.00000000
PG01  14753.032492   -988.472762  21828.722332    686.291433  5  3  2  69       
PG02 -13654.096392 -20977.238490  -8151.378269   -605.031706  7  6  5  84       
PG03  21301.378058  -9737.420680  12330.570362   -166.614907  4  2  2  84       
PG04  24613.969120   -184.182932 -10046.588351   -196.665284  7  5  5  80       
PG05 -15970.149137  -4395.162673 -20955.124053    -42.239461  4  6  3  92       
PG06  -6046.220630 -25777.549892   1705.731937     16.717247  6  9  2  83       
PG07   9332.850997 -15943.573711 -18545.214385    153.517930  7  5  2  72       
PG08  26112.681934   5660.184992    685.127029    -21.593558  3  5  3  97       
PG09  17417.099009  -9021.834231 -17978.830844   -346.069729  2  2  6  84       
PG10  -8243.129786  21484.267306  13142.719577   -123.904743  2  4     67       
PG12 -21502.191408   6637.656996  13742.247810    -42.415239  2  4  4  59       
PG13 -22117.590792 -13496.384563  -6288.869162    133.219831  3  5  6  98       
PG14   9642.455330 -21263.732434  12624.931281     84.454531  3  8  4  63       
PG15 -26550.691048  -3170.147200    492.751591   -148.759645  5  3  3  61       
PG16  12119.604030   9308.358468 -22004.483099   -326.730182  5  6  2  82       
PG17   1621.162218 -15069.915632  22236.995510    443.902045  5  5  3  96       
PG18  -7010.292018  19252.177857 -16875.320707    350.115101  5  9  9  78       
PG19  -8159.281578 -16512.106129  18894.752132      1.269536  5  6  4 107       
PG20 -19383.499881   5219.702856 -17237.670002    522.073463  8  7  4  89       
PG21  17328.043150   6820.391862  19825.059512    118.779279  3  5  2  86       
PG22  18680.192980   -954.384299  18976.549742   -611.915898  3  3  2  41       
PG23 -16509.376154  20597.705494   2670.447537    105.848883  2  5  4  76       
PG24 -17014.615029  -4093.129912  19835.965882     83.401438  5  5  6  78       
PG25 -19804.863294  17107.385430   3308.136632    138.961108  5  4  5  67       
PG26   4611.631603  16756.531053 -20071.249342     86.543903  5  7  2  90       
PG27  21456.483219  12496.570018 -10106.490746   -131.726461  4  5  3  84       
PG28   4732.284365 -19835.164613  17677.276798    569.768908  3  6  3  78       
PG29 -18062.200162   6820.679504 -18310.251194   -348.703995  6  5  6  84       
PG30    600.062176 -24790.399084  -9123.601270   -427.328423  6  6  4  86       
PG31   7536.360261  25163.141798  -1533.718332   -117.857180  4  7  6  72       
PG32   1792.844562  15916.695832  21323.502856     21.009502  3  2  2  69       
*  2021  5 17 18 30  0.00000000
PG01  15470.978115   1422.467238  21338.320893    686.281496  5  4  2  85       
PG02 -13739.468785 -21865.464610  -5432.487314   -605.034682  7  7  4  61       
PG03  20394.464930  -8458.926465  14594.893940   -166.624262  4  3  1  81       
PG04  25525.780255    287.296779  -7436.617159   -196.666652  7  6  4  93       
PG05 -14456.812420  -6256.801475 -21559.863831    -42.240161  4  6  3  89       
PG06  -5757.819700 -25498.548493   4581.071487     16.720694  6  8  3  77       
PG07  10152.098842 -13811.063652 -19805.403309    153.527494  7  5  1  32       
PG08  25989.501616   5853.292179  -2163.833725    -21.595047  4  5  3  91       
PG09  19294.640246  -8473.232948 -16241.247959   -346.071845  3  3  6  81       
PG10  -9309.268596  22349.034381  10723.615755   -123.911612  2  4     77       
PG12 -20364.393484   5313.620395  15862.148493    -42.419766  2  4  4  67       
PG13 -21244.182083 -13402.338319  -8971.158541    133.224067  3  5  6 105       
PG14  10727.868210 -22030.271011  10202.182662     84.449651  4  7  3  69       
PG15 -26456.111538  -3480.176816  -2274.888635   -148.757280  5  3  3  73       
PG16  10295.306099  10968.602130 -22129.776693   -326.735810  5  7  2  71       
PG17   3984.838759 -14408.840250  22379.683249    443.907530  5  4  3  86       
PG18  -7716.034287  17347.957940 -18555.617128    350.114176  4  8 10  80       
PG19  -5963.420974 -15875.886235  20186.371145      1.273842  6  6  4 108       
PG20 -18377.192871   3395.068569 -18757.826894    522.073097  8  8  3  64       
PG21  18000.529925   8749.675471  18405.965756    118.781541  3  5  3  91       
PG22  17469.141198    904.653087  20126.886137   -611.907518  3  4  2  76       
PG23 -16792.555507  20543.461080   -190.118241    105.845909  2  5  4  76       
PG24 -17728.099050  -6228.861606  18670.435162     83.421812  5  5  6 100       
PG25 -19621.074289  16500.177291   6111.909354    138.967421  4  5  4  47       
PG26   3074.702849  18379.704272 -18882.740721     86.548414  5  7  3  84       
PG27  20193.698228  12377.384571 -12563.781784   -131.732313  4  6  3  84       
PG28   6153.709669 -20965.901351  15790.810632    569.763248  3  5  3  44       
PG29 -19926.278690   6149.725940 -16526.502830   -348.710205  6  5  6  79       
PG30   1223.120982 -23717.105338 -11589.156419   -427.332823  6  6  5  78       
PG31   7244.677281  25250.183034   1340.453033   -117.859375  4  6  6  66       
PG32   -599.197159  15441.170786  21723.229556     21.008902  2  1  3  72       
*  2021  5 17 18 45  0.00000000
PG01  16292.960259   3713.382680  20473.836442    686.271552  5  3  2  73       
PG02 -13739.844234 -22457.995256  -2618.206492   -605.037483  8  8  3  68       
PG03  19403.707642  -6944.810416  16605.391478   -166.633625  5  2  1  76       
PG04  26163.978987    653.206078  -4699.057347   -196.667984  7  5  4  87       
PG05 -13012.824456  -8233.621125 -21799.475453    -42.240967  5  6  3 102       
PG06  -5339.362133 -24935.238532   7377.381606     16.724106  7  7  3  99       
PG07  11117.687184 -11607.186179 -20710.303367    153.536741  7  5  1  66       
PG08  25561.546686   6008.818477  -4976.244824    -21.596564  4  5  3  95       
PG09  20988.273100  -8050.546981 -14225.595921   -346.073907  3  3  6  83       
PG10 -10150.864935  23046.675653   8118.269931   -123.918484  3  4  2  85       
PG12 -19143.943929   3763.751323  17702.640247    -42.424483  3  4  4  31       
PG13 -20085.892498 -13271.431519 -11500.990217    133.228361  4  4  6  99       
PG14  11583.831973 -22638.804010   7603.498955     84.444874  5  6  3  70       
PG15 -26070.549443  -3778.249812  -5004.362730   -148.754908  5  3  3  84       
PG16   8566.409293  12724.742456 -21882.685896   -326.741339  5  7  3  69       
PG17   6377.633082 -13883.770778  22152.229781    443.913273  5  3  3  94       
PG18  -8580.144452  15322.247649 -19916.175968    350.113324  4  7  9  91       
PG19  -3610.329974 -15327.311148  21122.869295      1.278393  6  5  4 107       
PG20 -17381.795891   1394.426694 -19952.217186    522.072582  8  9  3 103       
PG21  18702.270326  10485.748609  16691.627960    118.783923  3  5  4  88       
PG22  16289.771380   2909.305695  20934.998018   -611.898856  3  3  3  61       
PG23 -16880.798411  20246.941646  -3047.405914    105.843055  1  5  4  87       
PG24 -18479.019076  -8187.002033  17181.019702     83.442152  5  5  7  89       
PG25 -19272.214297  15637.951966   8807.998671    138.973697  4  4  4  54       
PG26   1708.077386  19955.017698 -17368.192467     86.552917  5  7  3  87       
PG27  18665.742496  12287.507243 -14810.845748   -131.738185  4  6  3  88       
PG28   7356.990996 -22013.852132  13644.469623    569.757981  4  5  3  77       
PG29 -21612.656007   5633.193788 -14459.889862   -348.715532  5  5  6  76       
PG30   1985.707109 -22421.965543 -13852.203269   -427.337272  6  5  5  77       
PG31   6847.742713  25043.121968   4190.864048   -117.861438  4  6  6  64       
PG32  -3038.158148  15086.504055  21753.290727     21.008224  1  1  3  68       
*  2021  5 17 19  0  0.00000000
PG01  17190.606268   5842.349055  19251.738434    686.261547  5  3  3  88       
PG02 -13618.780287 -22763.572349    241.729252   -605.040257  9  9  2  76       
PG03  18372.296170  -5206.738589  18327.094750   -166.642984  5  2     69       
PG04  26508.706449    946.106344  -1880.892942   -196.669356  7  5  4  78       
PG05 -11668.919320 -10289.284956 -21669.414846    -42.241943  5  6  3  97       
PG06  -4760.739294 -24114.363834  10046.525034     16.727577  7  5  4  91       
PG07  12223.080090  -9381.386103 -21244.644531    153.546532  7  5     60       
PG08  24831.646218   6164.649735  -7704.579144    -21.598243  4  5  3  90       
PG09  22460.951568  -7732.539944 -11966.288246   -346.075973  3  2  6  81       
PG10 -10781.018141  23538.501288   5371.615053   -123.925254  3  3  3  75       
PG12 -17885.609881   2000.719991  19230.977409    -42.428931  3  5  4  16       
PG13 -18655.451107 -13142.147901 -13835.549181    133.232580  4  4  6 104       
PG14  12222.465767 -23052.074416   4873.692968     84.440101  5  5  2  65       
PG15 -25401.135943  -4098.650698  -7650.147746   -148.752468  6  3  3  83       
PG16   6964.179925  14539.305845 -21265.922967   -326.746936  5  7  3  86       
PG17   8751.828749 -13501.744825  21558.252355    443.918636  5  3  3  94       
PG18  -9604.373670  13222.359113 -20933.741970    350.112349  4  6  9 101       
PG19  -1144.329527 -14890.886937  21687.017165      1.283041  7  5  4 108       
PG20 -16432.191442   -752.260156 -20800.886710    522.072535  8 10  3  95       
PG21  19397.520738  12006.340461  14708.989571    118.786677  3  5  4  78       
PG22  15174.741047   5027.863671  21387.907038   -611.890204  4  3  3  60       
PG23 -16806.172369  19688.576588  -5852.106414    105.840069  2  5  5  89       
PG24 -19233.764463  -9939.858753  15394.819290     83.462515  5  5  7  81       
PG25 -18796.242357  14512.383115  11348.568866    138.979944  3  4  4  69       
PG26    520.239384  21438.287549 -15553.076611     86.557429  5  6  3  88       
PG27  16897.710267  12261.236357 -16810.048836   -131.744053  5  7  3  62       
PG28   8340.702179 -22936.065802  11272.705823    569.752539  4  5  3  65       
PG29 -23080.593063   5251.658409 -12145.736472   -348.721460  5  5  7  80       
PG30   2904.527045 -20941.742327 -15873.345225   -427.341766  6  5  5  51       
PG31   6313.383761  24560.464953   6966.971978   -117.863288  4  4  5  72       
PG32  -5476.543992  14859.907608  21412.670376     21.007552     2  3  57       
*  2021  5 17 19 15  0.00000000
PG01  18129.645833   7774.002104  17694.685332    686.251648  5  3  3  63       
PG02 -13343.147123 -22799.442975   3097.555117   -605.043045 10  9  3  82       
PG03  17341.917596  -3264.908676  19730.114836   -166.652327  5  2     75       
PG04  26548.340564   1201.569363    969.531086   -196.670720  7  5  3  79       
PG05 -10449.484964 -12382.699459 -21171.310908    -42.242797  5  6  3  98       
PG06  -3997.874832 -23069.561436  12542.641829     16.730987  6  4  5  97       
PG07  13453.660605  -7181.923606 -21400.108320    153.555822  6  5  2  73       
PG08  23811.229843   6357.697323 -10302.664685    -21.598414  4  5  3  95       
PG09  23681.591021  -7492.147593  -9501.925163   -346.078052  3  2  5  94       
PG10 -11220.342639  23790.773064   2531.271817   -123.932133  3  3  2  87       
PG12 -16632.606850     45.901778  20419.999166    -42.433767  3  5  4  89       
PG13 -16973.838224 -13050.680443 -15935.359818    133.236825  4  4  6 112       
PG14  12663.308123 -23237.454234   2059.843303     84.435310  6  4  3  86       
PG15 -24462.654940  -4473.950516 -10168.392438   -148.750307  6  4  3  90       
PG16   5513.229661  16370.087778 -20288.378423   -326.752584  6  7  4  90       
PG17  11059.423193 -13261.612480  20607.202990    443.923961  5  3  2  95       
PG18 -10782.161454  11096.210979 -21590.992538    350.111374  4  5  9  94       
PG19   1385.841215 -14583.649439  21868.250951      1.287268  7  5  4 109       
PG20 -15558.273702  -3009.031760 -21289.976445    522.071694  8 10  4  78       
PG21  20047.756331  13296.276795  12489.167637    118.788480  4  5  5  98       
PG22  14151.228750   7223.368336  21478.615372   -611.881888  4  4  3  60       
PG23 -16604.927459  18856.697909  -8555.850564    105.837092  2  5  4  94       
PG24 -19955.653857 -11467.305098  13343.827706     83.482856  5  6  8 101       
PG25 -18233.510113  13124.005630  13688.412424    138.986252  3  4  3  71       
PG26   -488.328409  22785.851301 -13468.220001     86.561938  5  6  4  89       
PG27  14921.762871  12328.219019 -18527.764837   -131.749870  5  7  3  89       
PG28   9111.416713 -23691.079452   8713.858808    569.746809  5  5  3  86       
PG29 -24295.104200   4978.980109  -9623.600844   -348.727220  4  5  7  84       
PG30   3989.148141 -19317.429252 -17617.526176   -427.346331  6  4  5  63       
PG31   5614.292525  23828.572161   9619.566301   -117.865422  4  4  5  58       
PG32  -7866.311915  14760.648669  20706.611573     21.006947     2  3  88       
*  2021  5 17 19 30  0.00000000
PG01  19071.298377   9480.665945  15831.022270    686.241708  5  3  3  76       
PG02 -12884.527820 -22590.438527   5900.356777   -605.045812 10  9  4  86       
PG03  16351.115613  -1147.461326  20790.173695   -166.661677  5  2  2  67       
PG04  26279.933742   1456.606771   3803.331433   -196.672121  7  5  4  83       
PG05  -9371.732218 -14469.398594 -20312.977874    -42.243945  5  6  4  83       
PG06  -3033.845739 -21840.040468  14822.934073     16.734415  6  5  6 101       
PG07  14787.247697  -5054.102228 -21175.403315    153.565633  6  5  2  74       
PG08  22519.975158   6622.322680 -12726.427102    -21.600552  3  5  3  93       
PG09  24626.158514  -7297.681194  -6874.648363   -346.080081  3  2  5  90       
PG10 -11495.989099  23776.116462   -353.294859   -123.938906  2  2  3  66       
PG12 -15424.894680  -2071.256854  21248.657388    -42.438190  4  6  4  81       
PG13 -15069.622683 -13029.430168 -17764.918093    133.241104  5  4  6 107       
PG14  12932.368522 -23168.281071   -789.523739     84.430522  6  4  2  70       
PG15 -23276.995876  -4933.626907 -12517.559897   -148.747593  6  4  3  72       
PG16   4230.681279  18171.594976 -18965.082916   -326.757979  5  7  4  92       
PG17  13253.714731 -13154.125430  19314.255398    443.929583  6  3  2  78       
PG18 -12098.756134   8990.619452 -21876.822238    350.110518  4  5  8  86       
PG19   3928.750602 -14414.457700  21662.915398      1.291926  7  5  5 102       
PG20 -14783.843554  -5335.147854 -21411.906632    522.072062  8 11  6  74       
PG21  20613.065083  14347.893605  10067.104449    118.790844  4  4  5  99       
PG22  13239.995152   9454.840500  21206.172910   -611.873443  4  4  3  82       
PG23 -16315.943947  17748.131076 -11112.049364    105.834121  3  5  5  79       
PG24 -20606.411224 -12757.288129  11064.299116     83.503203  5  6  8  94       
PG25 -17625.053744  11482.417023  15785.833418    138.992587  3  4  3  86       
PG26  -1325.000047  23956.214917 -11149.303940     86.566379  5  6  4  90       
PG27  12776.085598  12512.220822 -19934.901438   -131.755711  5  7  3  94       
PG28   9683.353576 -24240.482775   6009.657358    569.741491  6  6  3  82       
PG29 -25228.211311   4783.479015  -6936.612677   -348.733219  4  4  7  56       
PG30   5241.436594 -17592.702242 -19054.652131   -427.350859  6  4  5  91       
PG31   4729.337918  22880.563044  12101.718798   -117.867354  4  3  5  66       
PG32 -10160.509160  14780.093065  19646.567991     21.006273     2  3  94       
*  2021  5 17 19 45  0.00000000
PG01  19973.832735  10943.164490  13694.187862    686.231783  6  4  2  74       
PG02 -12220.406741 -22167.798296   8602.882230   -605.048527 11  9  5  84       
PG03  15433.789399   1110.421831  21489.030250   -166.671042  5  2  3  77       
PG04  25709.330589   1748.044972   6571.917289   -196.673467  7  5  4  64       
PG05  -8445.139609 -16503.070599 -19108.331640    -42.244995  5  6  4  69       
PG06  -1859.723238 -20469.062600  16848.391781     16.737747  6  6  6  99       
PG07  16194.933284  -3038.649439 -20576.184093    153.575089  6  5  2  60       
PG08  20985.159408   6988.857551 -14934.605287    -21.601578  4  5  3  86       
PG09  25278.506054  -7114.217206  -4129.433631   -346.082109  3  2  4  86       
PG10 -11640.401954  23474.700432  -3231.667895   -123.945811  2  2  4  73       
PG12 -14297.618035  -4314.205349  21702.419742    -42.442697  4  6  4  79       
PG13 -12978.025013 -13105.659576 -19293.259770    133.245464  5  4  5 116       
PG14  13060.932785 -22824.974926  -3625.277463     84.425736  7  4  2  27       
PG15 -21872.369232  -5502.812827 -14659.023672   -148.745342  6  4  3  71       
PG16   3125.612439  19896.643468 -17317.070105   -326.763432  5  6  4  84       
PG17  15290.855104 -13162.325112  17700.120936    443.935260  6  2  2  83       
PG18 -13531.661089   6949.644293 -21786.519366    350.109660  5  6  7  96       
PG19   6432.119181 -14383.633194  21074.365537      1.296440  7  5  5 105       
PG20 -14125.761972  -7686.483778 -21165.447970    522.072029  8 11  7 104       
PG21  21053.616618  15161.206489   7481.171471    118.793125  4  4  4  98       
PG22  12454.700024  11678.655841  20575.653301   -611.864759  5  4  3  65       
PG23 -15979.089243  16368.464086 -13476.700448    105.831186  3  5  5  86       
PG24 -21147.694980 -13806.023295   8596.062343     83.523449  5  6  8 100       
PG25 -17010.861282   9606.112471  17603.466565    138.998935  4  3  3  85       
PG26  -2004.546832  24911.639719  -8636.265498     86.570807  5  6  4  86       
PG27  10503.630434  12830.115803 -21007.368460   -131.761496  5  7  3  81       
PG28  10077.743064 -24550.410856   3204.654343    569.735996  7  6  3  62       
PG29 -25859.943094   4629.328906  -4130.749474   -348.738715  4  4  7  67       
PG30   6655.309028 -15812.282368 -20160.113442   -427.355306  6  4  4  70       
PG31   3644.622700  21754.957368  14369.682594   -117.869174  4  3  5  74       
PG32 -12314.881810  14902.062096  18250.054372     21.005633     3  3  92       
*  2021  5 17 20  0  0.00000000
PG01  20794.233504  12151.292140  11322.047444    686.221810  7  5  2  89       
PG02 -11335.109028 -21567.794074  11160.275392   -605.051333 11  9  6  78       
PG03  14617.891695   3467.697562  21814.793223   -166.680396  5  2  4  79       
PG04  24850.961307   2110.908466   9227.815641   -196.674798  7  5  4  65       
PG05  -7671.196869 -18437.172886 -17577.208156    -42.245795  5  6  4  63       
PG06   -475.101670 -19002.283850  18584.448284     16.741185  6  6  6 101       
PG07  17642.196892  -1170.315669 -19614.823409    153.584825  5  5  3  87       
PG08  19240.737307   7482.274814 -16889.430529    -21.602894  4  5  3  85       
PG09  25630.914532  -6905.120049  -1313.332345   -346.084135  3  3  4  92       
PG10 -11689.862383  22875.133580  -6053.400404   -123.952535  2  2  4  90       
PG12 -13279.757412  -6640.549226  21773.538266    -42.447469  5  6  3  94       
PG13 -10739.740946 -13300.349968 -20494.457734    133.249700  5  4  5 104       
PG14  13084.169751 -22195.891362  -6398.536095     84.420906  7  4  3  65       
PG15 -20282.314645  -6201.214904 -16557.614547   -148.742863  6  5  2  70       
PG16   2198.804785  21498.057305 -15371.134793   -326.768883  5  6  4  98       
PG17  17131.315718 -13262.219584  15790.792187    443.940303  6  2  2  82       
PG18 -15051.389111   5013.052629 -21321.832612    350.108734  6  7  6  94       
PG19   8844.706553 -14482.962407  20112.922456      1.300805  7  5  5 101       
PG20 -13593.390740 -10017.048892 -20555.682856    522.071426  8 12  8  78       
PG21  21331.162855  15743.825082   4772.720888    118.795513  5  4  4 106       
PG22  11801.497072  13850.017242  19598.041787   -611.856382  6  5  3  49       
PG23 -15633.549082  14731.984357 -15609.146456    105.828209  4  5  5  79       
PG24 -21542.620731 -14617.876708   5981.798470     83.543814  6  6  8 109       
PG25 -16428.190010   7521.957167  19109.010341    139.005246  4  3  3  79       
PG26  -2548.378464  25619.604577  -5972.609471     86.575275  5  6  4  91       
PG27   8150.686817  13291.133661 -21726.482198   -131.767304  5  6  3  78       
PG28  10321.927096 -24592.911440    345.594621    569.730479  8  7  4  89       
PG29 -26179.041114   4478.116705  -1254.062812   -348.744628  3  3  7  43       
PG30   8216.806597 -14020.276444 -20915.198540   -427.359720  6  4  3  69       
PG31   2354.240096  20494.111323  16383.717891   -117.871386  5  4  5  69       
PG32 -14289.393959  15103.492297  16540.395244     21.005007     3  4 102       
*  2021  5 17 20 15  0.00000000
PG01  21489.906541  13103.934258   8756.170059    686.211851  8  6  2  88       
PG02 -10220.466181 -20830.215669  13530.726083   -605.054113 11  9  7  80       
PG03  13924.377430   5878.870762  21762.115563   -166.689707  5  2  4  65       
PG04  23727.318731   2576.874201  11725.477497   -196.676087  7  4  5  70       
PG05  -7043.459540 -20226.576311 -15745.083135    -42.246708  5  6  5  78       
PG06   1111.704220 -17486.022305  20001.554945     16.744582  7  7  5 101       
PG07  19090.244324    523.254834 -18310.051707    153.594334  5  4  3  86       
PG08  17326.176541   8121.060000 -18557.259682    -21.603658  4  5  3  82       
PG09  25684.326789  -6633.639369   1525.326122   -346.086178  3  3  4  83       
PG10 -11682.875857  21975.036916  -8768.948526   -123.959475  3  1  4  79       
PG12 -12393.047151  -9003.550699  21461.177570    -42.452065  5  6  3  97       
PG13  -8399.567942 -13627.304591 -21348.042300    133.253944  6  4  5 113       
PG14  13039.594440 -21277.877521  -9061.514737     84.416111  6  4  3  62       
PG15 -18544.537115  -7042.236260 -18182.115868   -148.740710  7  5  2  94       
PG16   1442.815382  22930.406337 -13159.482147   -326.774046  4  5  4  94       
PG17  18741.217372 -13423.729776  13617.212523    443.945633  6  2  2  79       
PG18 -16622.495481   3214.958525 -20490.927708    350.107818  7  7  4  86       
PG19  11118.160954 -14696.063991  18795.682769      1.305460  7  5  6 101       
PG20 -13188.337781 -12280.569038 -19593.861421    522.071232  8 12  9  74       
PG21  21410.524483  16110.608101   1985.580119    118.797193  5  4  3 101       
PG22  11278.918656  15924.471329  18290.038226   -611.847676  6  5  3  61       
PG23 -15316.198481  12861.286089 -17472.772158    105.825300  5  5  5  66       
PG24 -21757.220592 -15204.947466   3266.296056     83.564157  6  6  8 113       
PG25 -15910.006929   5264.316294  20275.854907    139.011608  5  4  3  91       
PG26  -2983.513280  26054.082966  -3204.642661     86.579700  5  6  4  81       
PG27   5765.328669  13896.393329 -22079.299893   -131.773139  5  6  2  99       
PG28  10448.218098 -24347.133899  -2519.282417    569.725148  8  7  4  83       
PG29 -26183.345236   4290.507839   1644.133232   -348.750160  3  3  8  49       
PG30   9904.487028 -12258.561970 -21307.392955   -427.364235  6  5     77       
PG31    860.698556  19142.517077  18108.824904   -117.873152  4  4  5  82       
PG32 -16049.599439  15355.375862  14546.372738     21.004353  2  4  4  78       
*  2021  5 17 20 30  0.00000000
PG01  22020.357033  13808.841852   6041.065968    686.201896  8  7  2  81       
PG02  -8876.194318 -19996.777894  15676.034827   -605.056874 11  8  7  98       
PG03  13366.443667   8295.578410  21332.267964   -166.699038  5  2  4  85       
PG04  22368.138903   3172.856746  14022.051768   -196.677463  7  4  5  61       
PG05  -6547.915838 -21829.177837 -13642.693726    -42.247873  5  6  5  83       
PG06   2883.800268 -15965.518458  21075.666809     16.748041  7  6  5 103       
PG07  20497.508821   2022.342395 -16686.481229    153.603425  4  4  4  91       
PG08  15285.091387   8916.327165 -19909.152727    -21.604921  4  5  3  90       
PG09  25448.259983  -6264.519952   4337.758127   -346.088223  3  3  4  87       
PG10 -11658.470760  20781.266719 -11330.593935   -123.966425  4  1  4  83       
PG12 -11651.204768 -11353.806466  20771.400962    -42.456862  5  6  3 103       
PG13  -6004.884197 -14092.530762 -21839.339092    133.258289  6  4  4 119       
PG14  12965.448482 -20076.509213 -11568.352814     84.411322  6  5  4  35       
PG15 -16699.611308  -8032.331812 -19505.705617   -148.738158  7  6  2  86       
PG16    842.375744  24151.716960 -10719.266028   -326.779622  4  4  4  88       
PG17  20093.476145 -13611.876808  11214.870142    443.951310  5  2  3  82       
PG18 -18204.849830   1582.689198 -19308.235684    350.106938  8  7  3  94       
PG19  13208.753433 -14999.105156  17146.185848      1.309932  7  5  6 104       
PG20 -12904.512442 -14432.073121 -18297.158595    522.070598  7 12 10  85       
PG21  21261.014825  16283.061549   -834.514641    118.799902  5  5  2 112       
PG22  10878.052524  17859.415489  16673.779059   -611.839075  6  5  3  63       
PG23 -15060.076147  10786.563588 -19035.628559    105.822319  5  4  5  69       
PG24 -21761.786428 -15586.372810    495.696914     83.584502  6  5  8 104       
PG25 -15483.619933   2873.878736  21083.588791    139.017979  5  4  3 103       
PG26  -3341.317816  26196.581138   -380.644751     86.584088  5  6  3  75       
PG27   3395.790776  14638.742935 -22058.878050   -131.779004  5  6  3  89       
PG28  10492.550491 -23800.290102  -5341.001535    569.719445  8  7  4  75       
PG29 -25879.842961   4027.953376   4514.098488   -348.756227  4  4  8  50       
PG30  11690.117002 -10565.280160 -21330.560330   -427.368702  6  6     85       
PG31   -825.001345  17745.039425  19515.368038   -117.875065  4  4  4  80       
PG32 -17567.812804  15623.948483  12301.776086     21.003685  3  4  4  91       
*  2021  5 17 20 45  0.00000000
PG01  22348.777094  14282.077798   3223.400398    686.191952  9  7  2  89       
PG02  -7309.982491 -19109.507962  17562.093794   -605.059672 11  8  7  78       
PG03  12949.089489  10668.284956  20533.091592   -166.708350  5  2  4  75       
PG04  20809.316324   3919.779198  16078.114111   -196.678814  7  4  6  72       
PG05  -6163.655233 -23207.420366 -11305.564444    -42.248766  4  6  5  86       
PG06   4816.185901 -14483.254573  21788.632493     16.751418  7  6  4  91       
PG07  21821.248799   3315.635944 -14774.033922    153.613144  4  4  4  87       
PG08  13163.722541   9871.214684 -20921.385087    -21.606417  5  5  3  91       
PG09  24940.399625  -5765.561564   7075.561859   -346.090254  3  3  3  82       
PG10 -11654.479145  19309.776020 -13693.334994   -123.973362  4  2  4  89       
PG12 -11059.501663 -13641.032128  19717.016945    -42.461454  6  6  2  90       
PG13  -3604.034807 -14693.924380 -21959.719734    133.262536  5  4  3 113       
PG14  12899.061639 -18605.999729 -13875.906280     84.406519  6  4  5  75       
PG15 -14789.597369  -9170.616778 -20506.343462   -148.735804  7  6  2  93       
PG16    375.110818  25125.087672  -8092.017310   -326.785277  4  3  4  73       
PG17  21168.722501 -13788.173403   8623.315612    443.956842  5  3  2  73       
PG18 -19755.097851    135.919910 -17794.196072    350.106063  9  7  3  80       
PG19  15078.923662 -15361.836010  15193.947343      1.314362  7  5  6  99       
PG20 -12728.484412 -16429.424968 -16688.339508    522.070433  7 12 10  76       
PG21  20857.751075  16288.490485  -3640.548372    118.801766  5  5  2 113       
PG22  10583.002771  19615.542335  14776.482244   -611.830761  7  5  4  69       
PG23 -14893.021605   8544.618132 -20270.973706    105.819415  5  4  4  65       
PG24 -21532.050346 -15787.387856  -2283.256141     83.604825  7  5  8 114       
PG25 -15169.558460    396.224655  21518.372162    139.024396  5  5  3 100       
PG26  -3656.066291  26036.892880   2450.007714     86.588483  5  6  3  74       
PG27   1088.830979  15502.916269 -21664.448242   -131.784890  5  5  3  86       
PG28  10492.968473 -22948.342520  -8070.664456    569.714062  9  7  4  78       
PG29 -25284.379875   3654.372912   7306.514253   -348.761845  4  4  7  66       
PG30  13539.635307  -8973.495363 -20985.004887   -427.373078  6  6  2  79       
PG31  -2683.637998  16345.164744  20579.579379   -117.876927  4  4  4  78       
PG32 -18824.032908  15872.081135   9844.857324     21.003012  3  3  4  54       
*  2021  5 17 21  0  0.00000000
PG01  22443.485497  14547.163420    351.197828    686.181950  9  7  2  93       
PG02  -5537.298044 -18209.168885  19159.287427   -605.062398 11  7  7  83       
PG03  12669.011265  12948.022375  19378.832637   -166.717582  4  1  4  73       
PG04  19091.594986   4831.577624  17858.338769   -196.680099  7  3  6  63       
PG05  -5863.816449 -24329.660610  -8773.441614    -42.249969  4  6  5  88       
PG06   6876.540418 -13077.396554  22128.483343     16.754772  7  5  4  92       
PG07  23019.175263   4400.374426 -12607.293154    153.622397  5  4  5  65       
PG08  11009.317529  10980.587054 -21575.885226    -21.607286  5  4  3 101       
PG09  24185.889914  -5109.067467   9691.551558   -346.092252  3  3  3  79       
PG10 -11705.871871  17585.118843 -15815.726078   -123.980271  5  2  4  93       
PG12 -10614.689911 -15815.878744  18317.292394    -42.466306  6  5    103       
PG13  -1244.683156 -15421.269590 -21706.761320    133.266960  5  4  3 118       
PG14  12875.258878 -16888.783931 -15944.490727     84.401735  6  3  5  47       
PG15 -12856.613960 -10448.741519 -21167.100759   -148.733173  7  6  2  67       
PG16     12.556708  25820.141898  -5322.966492   -326.790478  4  3  4  85       
PG17  21955.956571 -13912.174211   5885.602904    443.962272  5  3  2  77       
PG18 -21228.256915  -1113.890867 -15974.899939    350.105135  9  7  4  83       
PG19  16698.573191 -15748.896316  12973.871439      1.319147  7  5  6  96       
PG20 -12640.128918 -18234.744753 -14795.341333    522.070365  7 12 11  72       
PG21  20182.802509  16158.923352  -6384.921091    118.803811  4  5  2 102       
PG22  10371.617709  21158.170810  12630.019473   -611.822051  7  4  3  79       
PG23 -14836.527671   6177.616846 -21157.721640    105.816450  5  3  4  86       
PG24 -21050.162890 -15838.178929  -5023.959723     83.625136  7  5  8 110       
PG25 -14980.750674  -2119.801552  21573.168910    139.030775  5  5  3 104       
PG26  -3963.378931  25573.537862   5237.745908     86.592859  5  6  3  79       
PG27  -1111.863539  16466.005266 -20901.504016   -131.790760  5  5  4  88       
PG28  10488.002867 -21796.382361 -10660.306271    569.708528  9  6  4  81       
PG29 -24421.041297   3137.747703   9973.327896   -348.767763  4  4  7  62       
PG30  15414.346752  -7510.071486 -20277.417412   -427.377525  6  6  3  81       
PG31  -4688.372611  14983.335195  21283.933796   -117.878935  4  4  4  87       
PG32 -19806.581094  16060.823527   7217.699801     21.002347  4  3  5  76       
*  2021  5 17 21 15  0.00000000
PG01  22279.169541  14633.963920  -2526.950494    686.171992  9  6  2  94       
PG02  -3580.924381 -17333.769828  20442.817613   -605.065379 11  7  6  90       
PG03  12514.835102  15088.106941  17889.863639   -166.726892  4     3  62       
PG04  17259.084809   5914.478041  19332.102321   -196.681411  6  3  6  89       
PG05  -5616.781239 -25171.330275  -6089.642692    -42.250897  4  6  6  93       
PG06   9026.292146 -11780.416672  22089.618551     16.758338  8  5  4  92       
PG07  24051.043973   5282.151819 -10224.799072    153.632023  5  4  5  75       
PG08   8868.470636  12231.058113 -21860.588293    -21.608362  5  4  3 100       
PG09  23216.346806  -4273.124275  12140.575310   -346.094321  3  3  3  79       
PG10 -11843.218191  15639.616941 -17660.645897   -123.987201  5  3  4  97       
PG12 -10305.284014 -17831.706741  16597.542215    -42.470897  6  5    110       
PG13   1027.812856 -16256.555322 -21084.311279    133.271279  5  4  3 113       
PG14  12924.875381 -14954.793739 -17738.562540     84.396915  5  2  6  73       
PG15 -10941.415524 -11851.037993 -21476.431001   -148.731038  7  6  2 100       
PG16   -278.557697  26214.254340  -2460.268781   -326.795676  5  2  4  79       
PG17  22452.910047 -13943.132546   3047.655413    443.967511  5  3  2  63       
PG18 -22579.384664  -2163.745913 -13881.639147    350.104186 10  7  4  77       
PG19  18046.053798 -16121.337136  10525.557831      1.323774  6  5  7  89       
PG20 -12613.530749 -19815.669257 -12650.780256    522.069797  6 12 11  95       
PG21  19226.126517  15929.837191  -9020.203088    118.806590  4  5  4 100       
PG22  10216.458327  22458.416966  10270.420305   -611.813663  7  4  3  80       
PG23 -14904.852249   3731.651430 -21680.792654    105.813499  5  3  4  90       
PG24 -20305.437486 -15772.575275  -7680.670133     83.645431  7  5  8 102       
PG25 -14922.030248  -4623.843142  21247.834254    139.037078  6  5  3 110       
PG26  -4298.603803  24813.863782   7933.722276     86.597278  5  6  3  82       
PG27  -3167.167613  17498.236891 -19781.792842   -131.796670  5  5  4 101       
PG28  10514.997609 -20358.670295 -13063.781217    569.703333  8  6  4  70       
PG29 -23321.227847   2451.561630  12468.580160   -348.773393  4  3  7  79       
PG30  17272.298288  -6194.806430 -19220.709098   -427.381913  6  5  4  81       
PG31  -6805.656454  13695.435593  21617.392216   -117.880950  4  5  4  93       
PG32 -20512.426457  16151.039925   4465.508373     21.001666  4  3  5  81       
*  2021  5 17 21 30  0.00000000
PG01  21837.887721  14577.358961  -5362.664834    686.162090  8  4  3 100       
PG02  -1470.253588 -16517.208868  21392.958895   -605.067859 10  6  6  82       
PG03  12467.674815  17045.766301  16092.298632   -166.736190  3  1  3  69       
PG04  15357.659715   7166.574617  20474.009311   -196.682714  6  4  7  75       
PG05  -5387.569791 -25715.842609  -3300.329157    -42.251807  3  5  5  93       
PG06  11221.929663 -10617.948268  21672.884526     16.761774  8  5  4 103       
PG07  24880.152147   5974.405008  -7668.306366    153.641262  6  4  5  74       
PG08   6785.483927  13601.339469 -21769.697130    -21.609408  5  4  3  91       
PG09  22068.631173  -3242.662013  14380.301861   -346.096345  3  3  3  92       
PG10 -12091.334448  13512.223397 -19195.977630   -123.993957  5  4  4  80       
PG12 -10112.181230 -19646.245553  14588.608205    -42.475360  6  5    103       
PG13   3171.940534 -17174.599077 -20102.455092    133.275737  5  4  3 118       
PG14  13073.437538 -12840.453086 -19227.326543     84.392164  5     6  72       
PG15  -9082.020917 -13354.935023 -21428.377611   -148.728470  7  5  2  83       
PG16   -534.812980  26293.494111    445.856059   -326.801166  6  2  4 100       
PG17  22666.094124 -13841.704831    157.560391    443.973050  5  3  2  75       
PG18 -23765.257041  -3019.025417 -11550.369582    350.103208 11  7  4  64       
PG19  19108.812803 -16438.290926   7892.522069      1.328141  6  5  7  95       
PG20 -12618.110829 -21146.406754 -10291.392556    522.069623  6 11 11  82       
PG21  17986.246510  15638.721622 -11499.945299    118.808742  4  5  5 109       
PG22  10085.972802  23494.162620   7737.313284   -611.805215  6  3  3  82       
PG23 -15104.423170   1255.151930 -21831.359807    105.810577  6  3  5 114       
PG24 -19294.838223 -15626.627904 -10209.196387     83.665716  7  5  8  85       
PG25 -14989.990506  -7065.833396  20549.059145    139.043472  6  5  3 105       
PG26  -4695.209716  23773.806817  10490.712869     86.601653  5  5  4  89       
PG27  -5043.850719  18564.031523 -18323.207665   -131.802529  5  5  5  94       
PG28  10608.452492 -18658.324503 -15237.659907    569.697776  8  5  5  40       
PG29 -22022.459517   1576.033040  14749.200806   -348.779326  5  4  7 101       
PG30  19069.782457  -5039.854691 -17833.739619   -427.386294  6  5  4  70       
PG31  -8996.399960  12511.491819  21575.513557   -117.883135  5  5  4 102       
PG32 -20947.182558  16105.073187   1635.832314     21.000993  5  3  5  73       
*  2021  5 17 21 45  0.00000000
PG01  21109.801453  14415.750543  -8108.531707    686.152297  7  2  5 101       
PG02    759.637794 -15788.087603  21995.249254   -605.070828 10  6  6  92       
PG03  12501.990958  18783.614702  14017.510968   -166.745502  2  1  2  77       
PG04  13433.298064   8577.726375  21264.330923   -196.684087  5  4  7  83       
PG05  -5139.384566 -25955.205347   -453.714020    -42.252907  3  5  5  94       
PG06  13416.505552  -9607.914503  20885.548340     16.765159  7  5  4 100       
PG07  25474.686130   6497.614973  -4982.021528    153.650710  6  4  5  96       
PG08   4800.811390  15062.905830 -21303.842725    -21.611420  5  4  4 100       
PG09  20783.428961  -2010.251446  16371.962199   -346.098358  3  3  3  96       
PG10 -12468.178028  11247.130498 -20395.186318   -124.000856  5  5  5  95       
PG12 -10009.589917 -21223.073625  12326.242124    -42.480003  6  4    101       
PG13   5151.431225 -18143.957211 -18777.385191    133.279964  5  4  3 108       
PG14  13340.061209 -10587.431132 -20385.260047     84.387368  5  1  6  65       
PG15  -7312.439588 -14931.631564 -21022.715281   -148.726226  6  5  2  68       
PG16   -794.444661  26053.238218   3344.052681   -326.806451  6  2  4  85       
PG17  22610.523420 -13571.639456  -2735.202302    443.978240  5  4  2  89       
PG18 -24745.991935  -3693.079359  -9021.097388    350.102215 11  7  5  76       
PG19  19883.672988 -16658.718056   5121.349845      1.332869  6  5  7  98       
PG20 -12619.931683 -22208.550236  -7757.419000    522.069253  6 11 11  71       
PG21  16470.631182  15323.528878 -13779.534138    118.811031  4  5  5 109       
PG22   9945.835254  24250.786667   5073.309664   -611.796426  6  3  3  72       
PG23 -15433.558366  -1202.783964 -21606.988453    105.807615  6  2  5  98       
PG24 -18023.196942 -15437.126778 -12567.560118     83.686030  7  4  8  96       
PG25 -15173.187837  -9397.773161  19490.176934    139.049899  6  5  3 103       
PG26  -5183.257499  22477.319612  12863.988392     86.606134  5  5  4  80       
PG27  -6715.698513  19623.308824 -16549.573676   -131.808410  5  4  5  97       
PG28  10798.452177 -16726.654869 -17142.116622    569.692484  8  5  5  69       
PG29 -20566.953489    499.088248  16775.758606   -348.785049  5  4  7  95       
PG30  20762.909266  -4049.456433 -16140.947386   -427.390701  6  5  5  62       
PG31 -11217.352417  11454.628910  21160.439357   -117.884929  5  5  5  92       
PG32 -21124.772925  15888.370499  -1222.265804     21.000339  5  3  5  84       
*  2021  5 17 22  0  0.00000000
PG01  20093.614212  14189.464161 -10718.827358    686.142267  6  2  6 114       
PG02   3069.096841 -15168.730658  22240.621461   -605.073434  9  6  5  93       
PG03  12586.714882  20270.920755  11701.564254   -166.754820  2  2  2  86       
PG04  11530.428466  10129.777623  21689.349155   -196.685433  5  4  7  90       
PG05  -4835.242077 -25890.312044   2400.782688    -42.253624  3  5  5  92       
PG06  15561.276162  -8759.962822  19741.166473     16.768563  7  5  4  98       
PG07  25808.874713   6878.260727  -2211.834579    153.660220  6  4  5  81       
PG08   2949.646447  16580.956585 -20470.137337    -21.612732  5  5  5  95       
PG09  19403.693024   -576.605836  18081.032253   -346.100478  3  3  3  96       
PG10 -12984.031730   8892.179948 -21237.781992   -124.007729  4  5  4  99       
PG12  -9966.223150 -22532.862450   9850.409582    -42.484687  6  4  1  95       
PG13   6936.465861 -19128.090244 -17131.170452    133.284098  5  4  3 110       
PG14  13736.609973  -8241.201697 -21192.544794     84.382624  5  3  5  75       
PG15  -5661.539392 -16547.008966 -20265.020433   -148.723936  6  4  2  79       
PG16  -1095.600403  25498.422158   6182.807719   -326.812085  6  2  4  76       
PG17  22309.117530 -13101.384192  -5580.588449    443.983618  5  4  2  74       
PG18 -25486.556750  -4206.512839  -6337.198308    350.101330 11  7  5  89       
PG19  20376.741136 -16743.155763   2260.806711      1.337469  6  6  6  88       
PG20 -12583.132387 -22991.621521  -5091.941813    522.068536  6 10 11  72       
PG21  14695.743154  15021.066286 -15817.075427    118.813595  4  5  5 125       
PG22   9760.400919  24721.631556   2323.336059   -611.787991  6  3  3  82       
PG23 -15882.511483  -3594.082745 -21011.667297    105.804658  6  2  6  91       
PG24 -16503.154503 -15240.108428 -14716.617329     83.706318  7  4  8 107       
PG25 -15452.680860 -11575.410960  18090.841496    139.056312  6  5  4  99       
PG26  -5788.013679  20955.490289  15012.134714     86.610561  5  5  5  99       
PG27  -8164.377044  20632.996519 -14490.327429   -131.814266  5  4  5  95       
PG28  11109.251921 -14602.157816 -18741.782410    569.686960  8  5  5  71       
PG29 -19000.029891   -782.962798  18513.152148   -348.790848  5  4  6 107       
PG30  22309.185989  -3219.979243 -14171.891284   -427.395143  7  5  5  78       
PG31 -13422.633959  10540.324594  20380.758087   -117.886820  6  5  4 107       
PG32 -21066.776075  15471.004741  -4059.080129     20.999654  5  3  5  72       
*  2021  5 17 22 15  0.00000000
PG01  18796.706398  13939.101077 -13150.203397    686.132517  6  3  7  89       
PG02   5415.149401 -14674.436706  22125.479120   -605.076162  9  6  5  79       
PG03  12686.591834  21484.620824   9184.568039   -166.764132  2  3  1  83       
PG04   9690.343845  11797.094986  21741.600375   -196.686798  4  5  7  82       
PG05  -4439.627305 -25530.896340   5213.414970    -42.254951  2  5  4  91       
PG06  17607.416030  -8075.225295  18259.351506     16.771960  7  5  4  90       
PG07  25863.911955   7147.572292    595.442051    153.669493  6  4  5  66       
PG08   1260.708916  18115.641011 -19282.115011    -21.613276  6  5  5 100       
PG09  17973.007006   1049.234359  19477.843915   -346.102371  3  3  3 102       
PG10 -13641.010797   6497.141383 -21709.660325   -124.014543  4  6  5  95       
PG12  -9946.704913 -23554.339402   7204.532206    -42.489338  6  4  2 105       
PG13   8504.641021 -20086.741887 -15191.426981    133.288601  4  4  3 109       
PG14  14267.145826  -5849.464145 -21635.399989     84.377938  6  4  5  78       
PG15  -4152.096753 -18162.755365 -19166.665816   -148.721341  6  4  2  71       
PG16  -1474.583739  24643.410076   8911.452474   -326.817316  6  2  4  79       
PG17  21791.794527 -12405.546109  -8328.862915    443.988808  5  5  3  75       
PG18 -25958.102586  -4586.192650  -3544.681338    350.100370 11  7  5  76       
PG19  20602.955377 -16655.397122   -639.075166      1.341714  6  6  6  97       
PG20 -12471.439541 -23493.328457  -2340.183565    522.068289  5 10 10  82       
PG21  12686.735899  14765.394820 -17574.286950    118.816488  4  6  6 129       
PG22   9494.225181  24908.186238   -466.076792   -611.779472  6  2  3  86       
PG23 -16433.840522  -5873.344125 -20055.731186    105.801642  7  3  6  72       
PG24 -14754.829851 -15069.405529 -16620.637536     83.726609  7  5  8  95       
PG25 -15802.877550 -13559.759058  16376.589098    139.062702  6  5  4 102       
PG26  -6528.764254  19245.389228  16897.805037     86.614887  6  5  6  88       
PG27  -9380.001651  21548.688050 -12180.087478   -131.820170  5  4  5  99       
PG28  11558.087195 -12329.202656 -20006.537760    569.681781  7  4  5  88       
PG29 -17368.406693  -2265.076841  19931.228825   -348.796422  6  4  6  99       
PG30  23669.045113  -2540.266798 -11960.714141   -427.399534  7  6  5  55       
PG31 -15565.357361   9775.980897  19251.258446   -117.888687  6  5  4 104       
PG32 -20801.474142  14829.028616  -6825.153619     20.998942  6  4  5  70       
*  2021  5 17 22 30  0.00000000
PG01  17234.964672  13703.899939 -15362.329342    686.122669  6  3  8  84       
PG02   7752.862760 -14312.981034  21651.720325   -605.078958  8  6  5  88       
PG03  12763.689121  22410.041448   6509.970839   -166.773460  2  3  2  88       
PG04   7949.744191  13547.401831  21420.013650   -196.688088  4  6  7  73       
PG05  -3920.103126 -24895.147365   7935.011164    -42.256090  3  5  3  91       
PG06  19507.743009  -7546.412837  16465.440673     16.775377  7  4  5  83       
PG07  25628.623029   7340.133589   3392.817167    153.679255  7  4  5  50       
PG08   -244.719094  19623.503272 -17759.556052    -21.613914  5  5  5  81       
PG09  16533.934934   2850.042891  20538.112809   -346.104419  4  3  4  95       
PG10 -14432.910648   4111.929874 -21803.316110   -124.021459  4  6  5  80       
PG12  -9913.128929 -24274.936722   4434.685780    -42.493739  6  4  3  91       
PG13   9841.657521 -20977.481825 -12990.892340    133.292856  4  4  4 106       
PG14  14927.693388  -3460.486028 -21706.311342     84.373167  6  4  4  88       
PG15  -2800.065266 -19737.667623 -17744.734008   -148.718839  6  4  2  73       
PG16  -1964.161704  23511.484254  11481.164934   -326.822654  5  2  5  71       
PG17  21094.283830 -11466.140613 -10931.503306    443.994251  5  5  3  77       
PG18 -26139.074282  -4864.013933   -691.408631    350.099432 11  7  5  55       
PG19  20585.296521 -16364.032380  -3527.912409      1.346145  6  6  6  97       
PG20 -12249.698558 -23719.527467    451.222733    522.068329  6 10 10 101       
PG21  10476.792021  14586.302842 -19017.374522    118.818403  4  6  5 128       
PG22   9113.590869  24819.976458  -3247.540976   -611.770826  5  3  3  91       
PG23 -17063.084832  -7999.385251 -18755.677550    105.798641  7  3  7  85       
PG24 -12805.228947 -14955.288096 -18247.836255     83.746886  7  5  7 103       
PG25 -16192.650135 -15318.387653  14378.298657    139.069098  6  5  5  98       
PG26  -7417.877405  17388.691719  18488.388068     86.619420  6  5  6  81       
PG27 -10361.382825  22326.387156  -9658.118179   -131.826053  5  3  5  81       
PG28  12154.267303  -9956.456586 -20912.217885    569.676182  6  4  5  64       
PG29 -15718.449473  -3933.469238  21005.320418   -348.802247  6  4  6  88       
PG30  24807.263565  -1992.277222  -9545.538821   -427.403936  7  6  5  77       
PG31 -17599.275771   9160.823019  17792.582594   -117.891020  7  6  5  85       
PG32 -20362.641827  13945.604787  -9472.174223     20.998256  6  4  5  78       
*  2021  5 17 22 45  0.00000000
PG01  15432.313942  13520.164376 -17318.487402    686.112820  7  4  8 100       
PG02  10036.774120 -14084.383123  20826.710507   -605.081766  8  5  6  91       
PG03  12779.009657  23041.305741   3723.803711   -166.782810  2  3  1  91       
PG04   6339.463658  15342.879408  20729.940862   -196.689379  3  6  7  75       
PG05  -3248.807869 -24008.998650  10517.874834    -42.257072  3  6  3  89       
PG06  21218.389734  -7158.238969  14390.071462     16.778819  7  4  5  79       
PG07  25099.856393   7492.388756   6133.838902    153.688739  7  4  5  58       
PG08  -1553.467586  21059.093504 -15928.194322    -21.615871  5  5  6  80       
PG09  15126.421008   4800.871541  21243.372636   -346.106447  4  3  4  98       
PG10 -15345.398704   1784.834585 -21517.928206   -124.028301  4  7  5  83       
PG12  -9826.705805 -24691.107399   1588.771674    -42.498551  7  4  4  76       
PG13  10941.703174 -21757.355167 -10566.907039    133.296776  4  4  5 108       
PG14  15706.326532  -1121.430563 -21404.152831     84.368463  6  5  4  87       
PG15  -1614.092860 -21229.089143 -16021.844566   -148.716543  6  3  1  64       
PG16  -2592.012385  22133.971673  13845.944116   -326.827934  5  2  5  75       
PG17  20256.698843 -10273.571802 -13342.115800    443.999640  6  5  3  62       
PG18 -26016.054000  -5075.474729   2173.715622    350.098497 11  7  6  73       
PG19  20353.701876 -15843.792693  -6355.868647      1.350372  6  6  6  98       
PG20 -11885.369138 -23683.893884   3234.982939    522.067773  6  9 10 102       
PG21   8106.112149  14507.926218 -20117.862440    118.820769  4  6  5 128       
PG22   8587.986873  24474.163519  -5973.584790   -611.762206  5  3  3  99       
PG23 -17739.724062  -9936.622228 -17133.879939    105.795666  7  3  7  91       
PG24 -10687.413566 -14923.242774 -19570.856818     83.767228  6  5  7 109       
PG25 -16586.667506 -16826.450335  12131.566611    139.075507  6  5  5  84       
PG26  -8460.153011  15430.133777  19756.578986     86.623925  6  5  7 107       
PG27 -11115.933319  22924.271591  -6967.691254   -131.831939  5  3  4  61       
PG28  12898.602119  -7535.110348 -21441.204381    569.670612  6  4  5  94       
PG29 -14094.443901  -5765.949800  21716.685032   -348.808041  7  4  6  96       
PG30  25694.221311  -1551.983457  -6967.808242   -427.408366  7  6  5  69       
PG31 -19480.393673   8686.121707  16030.791318   -117.892898  7  6  5  89       
PG32 -19788.123627  12811.863910 -11953.856442     20.997559  6  4  5  80       
*  2021  5 17 23  0  0.00000000
PG01  13419.969660  13419.810409 -18986.115535    686.102932  7  4  8  87       
PG02  12222.341825 -13980.946073  19663.204578   -605.084622  7  5  6  79       
PG03  12694.147827  23381.411014    873.887930   -166.792160  3  4  2  96       
PG04   4883.430835  17141.493649  19683.077292   -196.690717  3  6  7  73       
PG05  -2403.777837 -22905.116907  12916.666784    -42.257921  4  6  2  77       
PG06  22700.359080  -6888.156519  12068.670684     16.782238  7  4  5  70       
PG07  24282.595086   7641.106142   8773.281110    153.698129  7  5  4  70       
PG08  -2660.833486  22376.683235 -13819.308790    -21.616488  5  5  6  71       
PG09  13786.302251   6869.819797  21581.307594   -346.108481  4  3  4  92       
PG10 -16356.539231   -439.170992 -20859.317848   -124.035134  4  7  5  80       
PG12  -9649.432539 -24808.302236  -1284.322022    -42.503162  7  4  4  77       
PG13  11807.512522 -22384.576348  -7960.809028    133.301359  4  4  5 106       
PG14  16583.573924   1123.267585 -20734.199642     84.363708  7  5  4  89       
PG15   -595.310361 -22594.435474 -14025.890091   -148.714219  6  2     82       
PG16  -3379.382924  20549.042980  15963.529762   -326.833161  6  3  5  87       
PG17  19321.921900  -8827.295179 -15517.342384    444.004647  6  5  4  82       
PG18 -25584.306046  -5258.113593   5001.574159    350.097574 11  7  6  92       
PG19  19943.730973 -15076.646142  -9074.518225      1.355252  6  6  6  97       
PG20 -11349.930128 -23407.312610   5963.901098    522.067484  6  9  9  80       
PG21   5620.581669  14547.584421 -20853.346376    118.823258  5  6  4 128       
PG22   7891.481703  23894.863106  -8597.442092   -611.753838  6  4  3 100       
PG23 -18428.382020 -11656.237342 -15218.203679    105.792775  7  4  8  77       
PG24  -8439.457441 -14992.932413 -20567.197399     83.787545  6  5  6 110       
PG25 -16946.887507 -18067.406378   9676.013448    139.081886  6  6  5  81       
PG26  -9652.484237  13415.864705  20680.842927     86.628383  6  4  7 102       
PG27 -11659.234214  23304.404978  -4155.352972   -131.837854  5  3  5  80       
PG28  13783.196615  -5116.979121 -21582.879362    569.665377  5  5  5  77       
PG29 -12536.958179  -7732.591401  22052.846699   -348.813940  7  4  7  94       
PG30  26306.954043  -1190.498810  -4271.580813   -427.412799  7  6  4  75       
PG31 -21168.481912   8335.723334  13996.853560   -117.894451  7  6  5  99       
PG32 -19118.256621  11427.453454 -14226.789443     20.996917  6  5  5  55       
*  2021  5 17 23 15  0.00000000
PG01  11235.436556  13429.083173 -20337.294968    686.093017  7  4  8 104       
PG02  14267.375525 -13987.567975  18179.217087   -605.087249  7  4  7  94       
PG03  12472.923715  23441.977402  -1990.979578   -166.801496  3  4  2 101       
PG04   3597.902191  18898.497686  18297.273151   -196.692026  3  7  7  79       
PG05  -1370.038242 -21621.630135  15089.248586    -42.258997  4  7  2  80       
PG06  23920.905389  -6707.379084   9540.864597     16.785660  7  4  5  76       
PG07  23189.789022   7821.853419  11267.793650    153.707544  7  5  4  87       
PG08  -3570.598411  23532.017659 -11469.203644    -21.617641  5  5  6  73       
PG09  12543.992395   9019.081741  21545.976256   -346.110519  4  2  5  91       
PG10 -17437.626564  -2519.971517 -19839.785115   -124.041972  4  7  5  75       
PG12  -9345.719537 -24640.615519  -4135.554522    -42.507607  7  6  4  66       
PG13  12450.098393 -22820.202235  -5217.248897    133.305656  4  4  6 108       
PG14  17533.127693   3233.416819 -19708.032502     84.358938  7  5  5  89       
PG15    262.594367 -23792.754369 -11789.677418   -148.711716  6  2     80       
PG16  -4340.019162  18800.235194  17796.241838   -326.838585  5  4  5  96       
PG17  18333.864625  -7136.125462 -17417.736628    444.010169  7  5  4  85       
PG18 -24848.001867  -5449.870595   7743.669924    350.096662 10  8  8 109       
PG19  19395.040929 -14052.607448 -11637.660508      1.359320  6  7  5 101       
PG20 -10620.142096 -22917.011284   8591.639252    522.067394  7  9  8  97       
PG21   3070.161114  14714.896318 -21208.135873    118.825344  5  7  4 123       
PG22   7003.938200  23112.206285 -11073.845986   -611.744813  6  5  3  98       
PG23 -19090.229133 -13137.088534 -13041.530087    105.789856  8  3  9  69       
PG24  -6103.223872 -15177.372677 -21219.578851     83.807846  7  6  5 106       
PG25 -17234.146903 -19033.418752   7054.539071    139.088266  6  6  6  73       
PG26 -10983.843091  11391.763511  21245.763707     86.632871  7  4  7 108       
PG27 -12014.271908  23434.325484  -1270.108227   -131.843734  6  3  4  86       
PG28  14791.630477  -2752.562131 -21333.922106    569.659755  5  4  5  94       
PG29 -11081.359360  -9796.707052  22007.825739   -348.819479  8  4  7  91       
PG30  26629.962781   -875.383141  -1502.792714   -427.417264  7  6  4  65       
PG31 -22628.443061   8086.861009  11726.072764   -117.896461  8  6  6 105       
PG32 -18394.203040   9800.752939 -16251.233426     20.996241  6  6  5  63       
*  2021  5 17 23 30  0.00000000
PG01   8921.287583  13567.486911 -21349.178419    686.083104  6  4  8  95       
PG02  16133.401400 -14082.318457  16397.837736   -605.090200  7  3  8  84       
PG03  12082.933222  23242.679609  -4821.849584   -166.810660  4  4  2  94       
PG04   2490.998359  20568.053054  16596.238334   -196.693394  3  7  7  68       
PG05   -140.415419 -20200.646071  16997.468479    -42.259931  3  7  3  81       
PG06  24854.689563  -6582.148385   6849.818825     16.789084  8  4  5  85       
PG07  21841.918572   8067.535031  13576.513411    153.717123  6  5  4  85       
PG08  -4294.705619  24484.034299  -8918.584298    -21.619153  5  5  6  43       
PG09  11423.388686  11206.230354  21137.922292   -346.112460  3  2  5  84       
PG10 -18554.289973  -4423.646645 -18477.830833   -124.048870  4  7  6  77       
PG12  -8883.913807 -24210.118908  -6916.547907    -42.512564  6  6  5  81       
PG13  12888.162850 -23029.718723  -2383.435594    133.309605  4  4  6 103       
PG14  18522.827920   5174.416318 -18343.335346     84.354165  8  5  6  85       
PG15    973.012298 -24786.263080  -9350.471726   -148.709513  6  2     56       
PG16  -5479.415336  16934.762895  19311.716930   -326.843855  5  5  5 102       
PG17  17335.674917  -5218.166704 -19008.583894    444.015934  7  5  5  85       
PG18 -23820.116245  -5687.435019  10352.950041    350.095774 10  8  9  79       
PG19  18749.734664 -12770.235273 -14002.072490      1.364116  7  7  5 102       
PG20  -9679.120704 -22245.467109  11073.468092    522.066742  7  9  7  92       
PG21    507.063867  15011.228755 -21173.754762    118.827981  5  7  3 126       
PG22   5912.020252  22161.174820 -13359.814067   -611.736557  6  6  2  96       
PG23 -19684.529709 -14366.327470 -10641.197052    105.786873  8  4  9  73       
PG24  -3723.004875 -15482.355993 -21516.248513     83.828148  7  6  5 111       
PG25 -17409.785062 -19725.420078   4312.543670    139.094597  6  7  6  65       
PG26 -12435.588189   9401.786635  21442.273604     86.637397  7  4  8 115       
PG27 -12210.372473  23288.443052   1637.463797   -131.849597  6  4  4  89       
PG28  15899.520943   -489.149018 -20698.433711    569.654654  6  4  5  92       
PG29  -9756.541698 -11916.098830  21582.254904   -348.825219  9  4  7  85       
PG30  26655.752436   -572.079277   1291.501677   -427.421845  7  6  4  74       
PG31 -23831.480502   7911.210898   9257.462087   -117.898341  8  6  6  84       
PG32 -17656.260858   7948.745221 -17991.846973     20.995598  6  6  5  76       
*  2021  5 17 23 45  0.00000000
PG01   6523.763789  13846.965646 -22004.355027    686.073225  7  4  8 105       
PG02  17786.919240 -14237.266593  14346.988566   -605.093169  8  3  8  89       
PG03  11496.955392  22810.385543  -7570.439534   -166.820032  4  5  3  90       
PG04   1562.561345  22104.907625  14609.144547   -196.694758  4  7  7  91       
PG05   1283.965201 -18686.621365  18607.871768    -42.261000  3  8  3  72       
PG06  25484.664299  -6475.199403   4041.517954     16.792532  8  4  5  69       
PG07  20266.307418   8407.039862  15661.633829    153.727141  7  6  4  87       
PG08  -4852.606656  25196.477584  -6211.839745    -21.620161  5  6  6  53       
PG09  10441.044513  13385.689886  20364.169592   -346.114455  4  2  6  82       
PG10 -19667.823292  -6123.553394 -16797.773285   -124.055545  3  7  7  86       
PG12  -8237.662615 -23545.914042  -9580.372318    -42.516964  6  7  5  73       
PG13  13147.207917 -22984.477196    491.675433    133.313717  4  4  6 106       
PG14  19515.885005   6918.386310 -16663.589913     84.349350  9  6  7 102       
PG15   1555.765531 -25541.803644  -6749.443555   -148.706724  6  3  1  82       
PG16  -6794.416923  15001.692629  20483.522362   -326.849297  5  6  5  96       
PG17  16367.966908  -3100.358413 -20260.641640    444.021154  8  5  5  97       
PG18 -22521.998082  -6004.643647  12784.606887    350.094879 10  8 10  51       
PG19  18050.647843 -11236.803825 -16128.190024      1.368446  7  7  5 107       
PG20  -8517.180285 -21429.126561  13366.998611    522.066644  8  9  7  94       
PG21  -2016.199773  15429.516070 -20749.271476    118.830438  6  7  4 126       
PG22   4609.949017  21080.252310 -15415.411480   -611.728027  7  7  2  96       
PG23 -20170.274670 -15339.703493  -8058.365075    105.783893  8  4 10  83       
PG24  -1344.066900 -15906.145759 -21451.214709     83.848434  8  7  6 113       
PG25 -17437.238260 -20152.851770   1497.129865    139.101021  6  7  7  74       
PG26 -13982.079719   7486.412012  21267.762969     86.641900  7  4  8 106       
PG27 -12281.873755  22849.183240   4516.144469   -131.855476  6  4  5  76       
PG28  17075.447206   1630.939510 -19687.881822    569.649203  6  4  6  87       
PG29  -8583.916947 -14044.531139  20783.378409   -348.831090  9  4  8  83       
PG30  26385.081328   -245.425149   4063.900148   -427.426343  7  6  4  84       
PG31 -24756.032840   7776.150359   6633.079855   -117.900449  8  6  7 102       
PG32 -16942.221747   5896.547921 -19418.329832     20.994906  6  7  5  82       
EOF
